:020000040802F0
:1002000060BF012061040208155602085D50020813
:10021000ED550208910B0208E58A02080000000073
:10022000000000000000000000000000A103020820
:10023000390D020800000000FD030208ED69020804
:100240007B0402087B0402087B0402087B0402088A
:100250007B0402087B0402087B0402087B0402087A
:100260007B0402087B0402087B0402087B0402086A
:10027000650C02087B040208710C02087B0402086A
:100280007B0402087B0402087B0402087B0402084A
:100290007B0402087B0402087B0402087B0402083A
:1002A0007B0402087B0402087B0402087B0402082A
:1002B0007B0402087B0402087B0402087B0402081A
:1002C0007B0402087B0402087B04020859630208CD
:1002D0007B0402087B0402087B0402086D6F02089D
:1002E0007B0402087B0402087B0402087B040208EA
:1002F0007B0402087B0402087B0402087B040208DA
:100300007B0402087B0402087B0402087B040208C9
:100310007B0402087B040208BD6A0208C96A02085D
:100320007D0C02087B0402087B040208890C020889
:100330007B040208D50D02087B0402087B04020836
:100340007B0402087B0402087B0402087B04020889
:100350007B0402087B0402087B0402087B04020879
:100360007B0402087B0402087B0402087B04020869
:100370007B040208195602087B04020800000000F2
:100380007B0402087B040208DFF810D000F066FB53
:1003900000480047217E0308AFF3008060BF0120C2
:1003A0002C4B19680868B0E8F04F80F30988BFF358
:1003B0006F8F4FF0000080F311887047000000003D
:1003C00008480068006880F308884FF0000080F358
:1003D000148862B661B6BFF34F8FBFF36F8F00DF33
:1003E00000BF00BF08ED00E0DFF80C00016841F439
:1003F00070010160704700BF88ED00E0EFF30980F5
:10040000BFF36F8F134B1A681EF0100F08BF20ED5B
:10041000108A20E9F04F106009B44FF0500080F3CB
:100420001188BFF34F8FBFF36F8F36F081F94FF014
:10043000000080F3118809BC19680868B0E8F04F23
:100440001EF0100F08BFB0EC108A80F30988BFF3CC
:100450006F8F70470CC00120EFF3058070470000DC
:100460000648804706480047FEE7FEE7FEE7FEE74E
:10047000FEE7FEE7FEE7FEE7FEE7FEE7A16A020809
:10048000890302082DE9F05F0546002092469B464D
:1004900088460646814640241BE02846414647469A
:1004A000224600F093FA53465A46C01A914110D39F
:1004B00011461846224600F07AFA2D1A67EB010819
:1004C0004F4622460120002100F071FA17EB000987
:1004D0004E41201EA4F10104DFDC484631462A4685
:1004E0004346BDE8F09F000000487047E8C9050892
:1004F000A0F14101192900D8203070470649074A68
:100500000868504343F239021044086040087047BD
:100510000149086070470000FCC101206D4EC641D2
:1005200070B5054601B90721541A241DB4F5B67FEC
:1005300009DD286800F036F9A04204DC2868401C78
:100540002860012070BD002C05DA2868401E286054
:1005500000F028F90444072094FBF0F0401C70BD23
:100560002DE9F04F89B01D468A468046002401AF30
:100570004FF0070B0192079057F8241011F8010B68
:1005800047F8241048B125280DD0BAF1010F06D93B
:1005900008F8010BAAF1010A5CE0641E5AE0002091
:1005A00009B0BDE8F08F11F8010B47F824100028BE
:1005B000F3D002264FF030095A284BD020DC4D28CA
:1005C00073D014DC442871D008DC2528DDD0412804
:1005D0002AD042282ED043283CD130E0462847D0AC
:1005E000472857D0482862D0492833D161E0523893
:1005F00008282FD2DFE800F0787AA6838A97A6A889
:100600006138192826D2DFE800F00D1318202E25B6
:100610003513255C252560642566256D25737525B4
:100620008B9BA0006AA000E070A0A9690091B4E0D3
:100630007DA000E088482969F8E788A007E069699B
:10064000642091FBF0F0133082E0E86880E0641CE5
:1006500047F82400002C8FDA002088F80000079962
:10066000A8EB01009CE7E8684FF02009009070E0DB
:100670007EA0ECE7686900F26C700090D5E9061284
:100680006846FFF74DFF0099642091FBF0F200FBF4
:1006900012105DE06869042600F26C700090D5E9E4
:1006A00006126846FFF73CFF53E010E048E0A868F8
:1006B0004EE0A8680C21173090FBF1F201FB12000C
:1006C00001E0E8690326401C42E02869FBE768680E
:1006D0003EE069A0BBE7A8680C2801DA67A0B6E78E
:1006E00067A0B4E767A0B2E769A0B0E728682FE089
:1006F00069A0ACE7A869012608BB072028E0D5E976
:100700000610401AC01D90FBFBF021E0686900F262
:100710006C700090D5E906126846FFF701FF17E0FC
:100720000126A86914E0A9695846891D91FBF0F2D9
:100730000BFB1211EA69511AC91D91FBFBF007E08E
:1007400056A084E758A082E70426686900F26C701E
:10075000009000218DF8181006A80A2113E0009AD5
:1007600092FBF1F301FB1322303200F8012D009AC5
:1007700092FBF1F2009232B901E000F8019D321EC5
:10078000A6F10106F9DC321EA6F10106E7DC5EE700
:1007900010F8011B0029FBD100994A1E0092002984
:1007A000F6DC54E781070CD1642190FBF1F201FBE8
:1007B000120151B94FF4C87190FBF1F201FB120024
:1007C00018B1002000F26D1070470120FAE7000018
:1007D00053756E004D6F6E0054756500576564006B
:1007E00054687500467269005361740053756E64F5
:1007F0006179004D6F6E6461790054756573646151
:1008000079005765646E6573646179005468757228
:10081000736461790046726964617900536174752B
:1008200072646179000000004A616E0046656200F2
:100830004D617200417072004D6179004A756E0021
:100840004A756C0041756700536570004F63740012
:100850004E6F760044656300ECC9050825612025CC
:1008600062202565202554202559000025592D2575
:100870006D2D2564000000000A000000414D0000BD
:10088000504D000025493A254D3A2553202570004A
:1008900025483A254D00000009000000256D2F2550
:1008A000642F25790000000025483A254D3A25534C
:1008B0000000000010B5431A934209D2831888182B
:1008C00003E010F8011D03F8011D521EF9D210BDFE
:1008D00040EA01039B0703D009E008C9121F08C0C2
:1008E000042AFAD203E011F8013B00F8013B521E42
:1008F000F9D210BDD2B201E000F8012B491EFBD2A3
:1009000070470022F6E710B513460A46044619461A
:10091000FFF7F0FF204610BD30B505462A460B46CE
:1009200012F8010B13F8014B08B1A042F8D01CB12A
:10093000002802D06D1CF1E7284630BD421C10F89B
:10094000011B0029FBD1801A7047CBB203E001786C
:10095000994203D0401C521EF9D20020704730B596
:1009600004460020034600E05B1C934203D2E05C97
:10097000CD5C401BF8D030BD10B54843044617F09D
:10098000D9FA002805D00021002C02D0641E0155A0
:10099000FAE710BD70B5064608F062FC046805462B
:1009A0000A220021304600F021F82C6070BD202A78
:1009B00004DB203A00FA02F1002070479140C2F1B6
:1009C000200320FA03F3194390407047202A04DBE8
:1009D000203A21FA02F00021704721FA02F3D040B8
:1009E000C2F1200291400843194670472DE9F047B3
:1009F00091460F4680460446002614F8015B2DB14F
:100A0000FFF772FD0068405DC007F6D12B2D02D0C4
:100A10002D2D18D0641E4A463946204600F030F885
:100A200027B13968A14201D1C7F8008071054FF0A4
:100A300002040BD54042002803DD08F011FC0460DD
:100A4000A007BDE8F08746F48066E4E70028F8DAFE
:100A500008F006FC04606FF00040F2E7064C074D1A
:100A600006E0E06840F0010394E80700984710347E
:100A7000AC42F6D3FFF78CFC1CDF05086CDF0508E1
:100A80002DE9F05F82460078002715468B460AF173
:100A90000104B946302801D09DB113E014F8010BD0
:100AA0000127782803D0582801D045B10AE00DB1BC
:100AB000102D07D10027102514F8010B02E008259E
:100AC00000E00A250026B0460EE005FB080005FB05
:100AD00006F1012701EB10461FFA80F8B6F5803FBA
:100AE00000D3B94614F8010B294600F018F8002885
:100AF000EBDABBF1000F05D00FB1641E00E05446E5
:100B0000CBF80040B9F1000F06D008F0A9FB022194
:100B10000160C81EBDE8F09F48EA0640FAE73A289F
:100B200000D2303820F02002412A01D3A2F1370050
:100B3000884201D34FF0FF30704770B58C1810F821
:100B4000015B15F0070301D110F8013B2A1106D112
:100B500010F8012B03E010F8016B01F8016B5B1E2C
:100B6000F9D12B0705D40023521E0DD401F8013B07
:100B7000FAE710F8013BCB1A921C03E013F8015B73
:100B800001F8015B521EF9D5A142D8D3002070BDF7
:100B900002A1002004F06EFFFEE700005B666174B6
:100BA000616C5D204275734661756C740D0A0000BE
:100BB00011B90AB1032070470020704710B517F033
:100BC00023FE002010BD000010B50022084909488E
:100BD00006F0B8FB04460849064806F0A6FB0443A5
:100BE00001D0032010BD17F017FE002010BD00003B
:100BF0005CF7012080EA01205CEF012010B511B103
:100C000018B90A680AB1032010BD096817F0D6FDAB
:100C1000002010BD10B509B1012A01D0032010BD7C
:100C2000096817F015FE002010BD00000C4A10B531
:100C3000D2F8BC220AB110B909B1032010BDD2F814
:100C400014220AB1012010BD0A460146044806F0EC
:100C500079FB0028F7D1BDE81040014806F0ECBB55
:100C600080EA0120014800F05FBC0000AC030020D6
:100C7000014800F059BC00004C030020014800F07E
:100C800053BC000074C30120014800F04DBC0000BB
:100C900014C3012001681823CAB2103AB2FBF3F260
:100CA000054B6FF30901032A9B5CC36500D9091D3D
:100CB0008165084670470000FC8C050810B50146A8
:100CC00000208B698A6A4FF0C07453B1B3F5005F9E
:100CD00015D072B1012A0CD0022A0AD0032A09D1F8
:100CE00004E01AB1012A06D0022A03D1C96AC90157
:100CF00000D5012010BDC96AA142FAD010BD002A5A
:100D0000F7D0012AF2D0022AF3D0032AF3D010BD83
:100D100030B50468256825F4802525600468636083
:100D20008368402B036803D099600068C26030BDBF
:100D30009A600068C16030BD70470000F0B50023C4
:100D40001A464FF0004500BF016903EB830401EB35
:100D5000C4010A604A608A60CA600A620D604A6221
:100D6000466946F480464E604E6826F000464E6066
:100D700000EB8306032BB16405D22827066907EB35
:100D8000C404344400E00469CC605B1C042BDBD356
:100D9000C26502668266C26682650169006800F506
:100DA0008050C160F0BD38B50446006800F5805041
:100DB000816941F480118161206800F5805080696B
:100DC0000090012000F022FD2068009900F580507D
:100DD000816138BD014800F0B7BD0000A8CB0120FB
:100DE00070B5A4B00125002406468DF828408DF882
:100DF00004501494A8038DF8564005908DF81050B7
:100E000002948DF80E508DF85440C0108DF811509A
:100E10008DF81F408DF8204006908DF81E508DF8FB
:100E20000F4009948DF81C4012948DF84C408DF8B9
:100E300055406946304600F069F98DF881508DF8CB
:100E400080408DF8824028041B908DF86850800106
:100E50001F908DF870508DF8885040128DF87150A9
:100E60001E941D908DF87250239421948DF8895012
:100E700019A93046199400F0E9F824B070BD00209B
:100E8000704701F08DBA000010B5024800F0FEFF77
:100E9000002010BDA8CB012013460A4610B501461C
:100EA000034800F047FF002801D04FF0FF3010BD8D
:100EB000A8CB012013460A4610B50146034801F0AD
:100EC000E7F8002801D04FF0FF3010BDA8CB01207B
:100ED0002DE9F043836A1830914650F823208D683D
:100EE0001C4617680026002F6BDB00EB83077F6929
:100EF000BFBBD5F800C00127C2F808C0D2F804C0B3
:100F0000D5F804806FF30C0C4CEA080CC2F804C04E
:100F100091F800C05FEACC7C09D0D2F800C0D1F8CB
:100F200014802CF4400C4CEA080CC2F800C091F874
:100F300000C05FEA8C6C09D5D2F800C0D1F81080EF
:100F40002CF0406C4CEA080CC2F800C00978490744
:100F500003D5116841F080011160116841F08051A2
:100F600048E02EE0116821F0005111601168B9F1DC
:100F7000000F02D041F0804101E021F0804111607A
:100F80005B1C042B00D31B1F50F823201168002981
:100F900003DB00EB83014969B1B150F82420002143
:100FA0000DE000BFBFF35F8F136823F000431360B1
:100FB000641C042C00D3241F491C50F82420B9427F
:100FC000F0D30220BDE8F083116821F08051116058
:100FD000AD68296891605168D5F804C06FF30C01C1
:100FE00041EA0C015160761C7F1CBFF35F8F1168D2
:100FF00041F000411160A9680029B3D11168B9F12D
:10100000000F02D041F0804101E021F080411160E9
:10101000116841F00051116050F82410BFF35F8F48
:101020000A6842F000420A6000EB8302416A5161A3
:10103000EFF31081012282F310880361826A761C2B
:10104000324481F3108882620020BBE770B50C4601
:101050000168054601F5805188692B4A1040227BC2
:10106000EAB30022637B920642EA4362637FBBB32A
:101070005FF0000342EA0352A37B42EA43526369F2
:101080001A43237F42EAC312A37F42EA8312236AF0
:101090001A4394F8243042EA830202438A612868A2
:1010A00000F580508669012000F0B0FB286800F54B
:1010B00080508661A169A06822790843216941EACC
:1010C0004261084394F8251040EAC110A16A40EA41
:1010D00081002168084340F40001286801E00FE026
:1010E00010E000F580500160286800F58050046829
:1010F000012000F08BFB286800F58050046070BD73
:101100000122AFE70123B5E7233FDEF870B502689F
:1011100005460C4610683C49A37B0840A16841EA9B
:101120004361237C002B64D00023667CDB05002E0A
:1011300061D0002643EA86531943E37F41EA034125
:1011400063691943A37FEBB35FF0000341EA4331C6
:10115000237F41EA0331A3691943237941EA8321BB
:1011600094F820307BB3002341EA4321E37B41EA3A
:10117000C311636A194394F8283041EA031101430B
:10118000116028680668012000F040FB28680660AE
:101190002A6890694FF641710840A36C216D41EABD
:1011A000034194F84C3063B3002394F85560DB019D
:1011B000012E00D0002643EAC603194394F85630A6
:1011C000012B01E019E01AE000D0002341EA83017D
:1011D00094F85430012B00D0002341EA430101432D
:1011E000916128688469012000F010FB28688461FF
:1011F00070BD012399E701269CE70123A6E701239F
:10120000B2E70123D1E700000F8120FD2DE9F8436B
:10121000044600200090A56E4FF0010804EB850005
:10122000E76E866C1EE0306A30B9684600F0E2FD79
:10123000009880B33062B060B8F1000F12D0A06D9A
:10124000002860692BD040F480407060306840F026
:10125000004030606D1C042D00D32D1F04EB850071
:101260007F1E866C17B1B8F1000FDCD1E06EB8427A
:101270000FD0E81C00F00300BFF35F8F216900EB83
:10128000800001EBC001206800F580508160C4E956
:101290001A57BDE8F883FFE74FF00008E2E701497D
:1012A0000843D2E70040008002A1002004F0E2FBE6
:1012B00072B6FEE75B666174616C5D204572726FA9
:1012C000725F48616E646C65720D0A0013480168B4
:1012D00089050FD5016821F400710160016841F4AE
:1012E00000610160016821F400610160016841F45E
:1012F00000710160016849050FD5016821F4806122
:101300000160016841F480510160016821F480515D
:101310000160016841F4806101607047003C024057
:10132000064A136823F4407313601368136013684C
:1013300043F001031360017070470000103C02404D
:10134000094910B50C6824F440740C600C6844F42E
:1013500040740C600C6844F001040C600260BFF340
:101360006F8F436010BD0000103C0240074A1368B5
:1013700023F440731360136843F48073136013689D
:1013800043F001031360018070470000103C0240ED
:10139000074A136823F440731360136843F400731F
:1013A0001360136843F0010313600160704700008D
:1013B000103C024017490868C206174805D5C269A3
:1013C00042F01002C26110220A600A68920605D536
:1013D000C26942F00802C26120220A600A6852060D
:1013E00005D5C26942F00402C26140220A600A685F
:1013F000120605D5C26942F00202C26180220A606B
:101400000A68920705D5C26942F02002C261022033
:10141000086070470C3C02400800002070B511497C
:1014200004460020C86100F0BBFF06460E4D09E0EF
:10143000601C07D024B100F0B3FF801BA04201D98B
:10144000032070BD2868C003F2D42868C00701D00B
:1014500001202860286810F0F200F2D0FFF7AAFF00
:10146000012070BD080000200C3C02402DE9F04135
:101470000446876D00F094FF064694F83500002579
:10148000022806D08020606584F834500120BDE831
:10149000F0812068016821F016010160206841692F
:1014A00021F080014161206C08B9A06C20B1206856
:1014B000016821F0080101602068016821F0010144
:1014C00001600CE000F06CFF801B052807D920208C
:1014D0006065032084F8350084F83450D7E720682D
:1014E0000068C007EED194F85C103F208840B860D7
:1014F000012084F8350084F834500020C7E790F8C4
:101500003510022903D08021416501207047052153
:1015100080F835100068016821F0010101600020A9
:101520007047406D704700002DE9F84304464FF0C6
:101530000009CDF8009063484FF41651A56D00687E
:10154000B0FBF1F72E6894F85C10082000FA01F166
:1015500031420FD021680A6852070BD50A6822F081
:1015600004020A6094F85C108840A860606D40F046
:101570000100606594F85C104FF0010808FA01F072
:10158000304208D021684969090604D5A860606D19
:1015900040F00200606594F85C10042088403042FE
:1015A00008D021680968890704D5A860606D40F0FB
:1015B0000400606594F85C1010208840304218D018
:1015C00021680968090714D5A860206801684903E3
:1015D00004D50068000308D5A16C07E00168C905BF
:1015E00003D4016821F008010160216C09B1204693
:1015F000884794F85C1020208840304231D0216820
:101600000968C9062DD5A86094F83500052820681A
:10161000016806D0490347D5006800031DD4616CFA
:101620001CE021F0160101602068416921F0800171
:101630004161206C08B9A06C20B12068016821F0DC
:101640000801016094F85C103F208840A86084F88D
:10165000358084F83490216D1FE0E16B09B120469C
:101660008847606D00282BD0606DC00714D005201E
:1016700084F835002068016821F0010101600098BC
:10168000401C0090B84203D820680068C007F6D11B
:1016900084F8358084F83490E16C002910D001B0D2
:1016A0002046BDE8F04308470168C905D5D4016864
:1016B00021F01001016084F8358084F83490CCE783
:1016C000BDE8F883340000202DE9F041044600F025
:1016D00067FE06465CB1022084F83500002584F8D8
:1016E00034502068016821F0010101600DE0012003
:1016F000BDE8F08100F054FE801B052805D92020AC
:101700006065032084F83500F2E720680068C007B0
:10171000F0D12268116820480140D4E90103184340
:10172000D4E903363343184363691843A369184364
:10173000E3691843236A18430843616A042903D103
:10174000D4E90B1319430843106020684069666AA6
:1017500020F0070130460E43012704280CD1A06A6F
:101760000643E06A40B12046FFF7A8FA20B14020C6
:10177000606584F83570BAE7206846612046FFF757
:1017800089FA94F85C203F2191408160656584F876
:1017900035700020ACE700003F8010F02DE9F041EB
:1017A0000446866D90F83400002501280DD00120F4
:1017B00084F8340094F835700020012F07D084F8A5
:1017C000340002252846BDE8F0810220FBE702270D
:1017D00084F8357060652046FFF79AFA94F85C103B
:1017E0003F208840B0602068016841F01601016028
:1017F000206C20B12068016841F008010160206878
:10180000016841F001010160DCE7000070B50446A9
:1018100000F0C6FD0546601C02D004480078044470
:1018200000F0BEFD401BA042FAD370BD280000208E
:1018300010B500F00BF8000605D503484068BDE878
:10184000104026F0A7BB10BD4C000020D0F88C0043
:101850007047D0F888007047002970D0026812687D
:10186000C2F3001281F828200268126802F06002B8
:101870004A620268126842F34022521C81F820201A
:1018800002681268C2F30042CA770268126842F323
:101890004032521C8A7702681268C2F300320A771B
:1018A0000268126802F400628A610268126802F437
:1018B00080424A610268126842F38052521C4A74A4
:1018C0000268126842F3C052521C0A74026812681D
:1018D000C2F3C012CA730268126802F460228A60FE
:1018E00002681268C2F380220A7102681268C2F3A9
:1018F00040628A7302689269C2F3400281F8542000
:101900000268926942F3C012521C81F84C200268AE
:10191000926902F030020A6502689269120C8A64C8
:1019200002689269C2F3800281F8562000688069DB
:10193000C0F3C00081F8550000207047FFE7012088
:10194000FBE7D0F8840070472DE9F04704460068B3
:1019500050F8387FD0F8DC5FD0F8E46FDFF8B4904F
:10196000D9F8008000F6C870690606D5710604D55E
:1019700029494161204600F061FA05EA0600C007E6
:1019800008D020684FF0011100F5805041612046D9
:1019900000F074FB280423D5300421D5D4F8880046
:1019A00040F00800C4F88800A804206800F58050C2
:1019B0000CD54169194A1140C4F88C10C16921F451
:1019C000C031C161E020C4F8840006E0426948F2F9
:1019D00080610A40C4F88C2041612046FFF728FF4F
:1019E00038070BD52068C06A00F06000C4F8940086
:1019F000204600F02BF90020C4F894005FEA08307C
:101A000006D54FF40021C9F80010204600F03EFB37
:101A1000BDE8F087143C01404000010000207E003A
:101A2000F8B5040003D0D4F8840010B107E0012019
:101A3000F8BD2020C4F88400204600F093F8454803
:101A40000025016841F480410160006800F4804095
:101A500000904148016821F4000101600168A2681A
:101A6000114301600068206800F58050016841F072
:101A70000101016000F094FC06464FF4FA770BE098
:101A800000F08EFC801BB84206D90420C4F8880000
:101A9000E020C4F88400CAE7206800F580500068A0
:101AA000C007EDD12046FFF79BF90021E06801EB6C
:101AB000810200EBC200056045608560C56004EBF3
:101AC00081039861036843F480130360032905D2FE
:101AD0002826E36806EBC2021A4400E0E268C2600E
:101AE000026842F440020260491C0429DED3A56268
:101AF0002068E16800F5805001612046FFF71EF97B
:101B00006068164A818811640178C37841EA0361EC
:101B1000837840781B0443EA002001435164206825
:101B2000C16B41F40271C1632068D0F80C110C4AFA
:101B30001143C0F80C112068D0F8101141F40311C2
:101B4000C0F81011C4F888501020C4F88400002098
:101B5000F8BD0000443802400438014000800240D3
:101B600060000200F0B587B0044614216846FEF715
:101B7000C8FE3149206888425BD1304800240168A2
:101B800041F000710160016801F000710591016888
:101B900041F080610160016801F080610591016898
:101BA00041F000610160016801F000610591016888
:101BB00041F004010160016801F004010591016830
:101BC00041F001010160016801F001010591016826
:101BD00041F0400101600068022500F040000590DE
:101BE0003220CDE9000502AA03260B2782E8D000A7
:101BF0006946134800F0D6FA8620CDE9000502AA0E
:101C0000694682E8D0000F4800F0CCFA4FF4D0408B
:101C1000CDE9000502AA694682E8D0000A4800F032
:101C2000C1FA002205213D2000F0B4FC3D2000F067
:101C3000A4FC07B0F0BD0000008002403038024034
:101C400000080240000002400018024070472DE9E1
:101C5000F84F4FF000075FEA01090446B84604D088
:101C6000D4F8840040285AD105E054F8880F40F099
:101C70000100206053E0E66D4FF0000B04EB86009E
:101C8000856CE06EC0F1040A36E02868C00503D513
:101C9000E869A067A86960672868800501D4E06FDB
:101CA00010B32868800503D5C4F860B0C4F864B0E8
:101CB0002868C0F30D4000902868C00503D5286847
:101CC0004FF001082067AA682A6204F18001081F0A
:101CD000009B00F0B9F8206E401C2066616E0098F1
:101CE00008446066C5F820B0761C042E00D3361F69
:101CF00004EB86007F1C856C2868002804DB5745B0
:101D000002D2B8F1000FC0D0E06EC019E06602D078
:101D10002046FFF77BFAE665B8F1010F02D00120FB
:101D2000BDE8F88FE16FC9F800100020C4F87CB05E
:101D3000F6E700002DE9F04198460368054618696A
:101D400000F01C044FF6FF7000EAC1204FF4F86168
:101D5000204301EA8211014321F0020040F0010416
:101D60001C6100F01DFB06464FF480370AE000BFFF
:101D700000F016FB801BB84202D30120BDE8F081C1
:101D800028680469E007F3D12868406981B200201F
:101D9000C8F80010F2E700002DE9F04700F118053F
:101DA0008046D5E90A64012719E000BF05EB8409E4
:101DB000761ED9F81400C0B1D8F80C1004EB8402D8
:101DC00051F8321000290DDB00F05EF90021641C8F
:101DD000C9F81410042C00D3241FC5E90A640EB1FD
:101DE000002FE3D10020BDE8F087641C042CF6D35B
:101DF000241FF4E71CB504460D4820F005FD030040
:101E00000FD003F1200020600A4818614FF4C06130
:101E10002068CDE9000100214122084626F028FB78
:101E20001CBD054901200870002020601CBD000079
:101E30001C8D0508F58A04084C0000200148406804
:101E400026F0A8B84C00002010B5002442F8204D20
:101E50001481538104681CB10C6822600A6004E09C
:101E60000260FBE701891944018100680028F9D16B
:101E700010BD10B519B1D0F88420102A01D001206E
:101E800010BDFFF743F9002010BD000070B50546F6
:101E90000068006920F01C0401F034FA0C49884203
:101EA00002D244F0080410E00A49884202D244F009
:101EB0000C040AE00849884207D30849884202D244
:101EC00044F0040401E044F010042868046170BD8B
:101ED000C00E16020087930300E1F50580D1F008DB
:101EE00070B50446D0F88400102801D0012070BDE0
:101EF0002020C4F884000120A0650420E06620466C
:101F0000FFF784F9206805680120FFF77FFC20684F
:101F10000560206800F58050816941F400518161BD
:101F2000206800F58050816941F0020181612046FE
:101F3000FEF739FF2068016841F008010160206860
:101F400005680120FFF762FC2068056020680168D1
:101F500041F004010160206800F58050C169044A25
:101F60001143C1614020C4F88400002070BD00000E
:101F7000C1A0010070B50446D0F88400402801D00B
:101F8000012070BD2020C4F88400206800F5805036
:101F9000C1691F4A1140C161206800F58050816904
:101FA00021F400518161206800F58050816921F0A1
:101FB000020181612068016821F00401016020684C
:101FC00005680120FFF722FC206805602046FEF727
:101FD000EAFE2068016821F00801016020680568B8
:101FE0000120FFF713FC20680560002004EB80014E
:101FF000896C4A6842F000424A60401C0428F5D3CC
:102000000020A0651020C4F88400002070BD0000EE
:102010003E5FFEFF10B5044621B1D4F8840040288D
:1020200005D010E054F8880F40F001000AE0486B3A
:10203000E06301222046FEF74BFF30B154F8880FD1
:1020400040F002002060012010BDBFF34F8FA06A56
:10205000401CA062042801D3001FA062206800F584
:1020600080504169490706D504214161206800215B
:1020700000F580504160002010BD000001488068DC
:1020800025F088BF4C00002026F082BC704700007D
:102090002DE9F04106680546306900F01C044FF652
:1020A000FF7000EAC1204FF4F861204301EA821179
:1020B000014398B241F0030470612868046100F0A4
:1020C0006FF906464FF480370AE000BF00F068F968
:1020D000801BB84202D30120BDE8F0812868046962
:1020E000E007F3D1F8E700000348016841F0004140
:1020F0000160002070470000103C02402DE9F047CD
:102100001B4E05461446307E1F468946012808D0DE
:10211000012030764CF250384046FFF77FF918B175
:1021200014E00220BDE8F0879DB1012D16D0022DEC
:1021300019D022463B464846FFF702F94046FFF7D2
:102140006DF90C490A6822F001020A60002131761B
:10215000E8E7E1B24846FFF7E3F8EFE7A1B2484607
:10216000FFF704F9EAE721464846FFF711F9E5E7EA
:1021700008000020103C0240074900200A68002A9D
:1021800009DA054A054B0C3A1360054B13600968E0
:10219000002900DA01207047103C02402301674506
:1021A000AB89EFCD2DE9F84FDFF8BCA10022012566
:1021B00003264FF00F090AF1040BAAF1040E00BF29
:1021C0000B6805FA02F42340A34270D10F7907F09F
:1021D0000307012F01D0022F16D187684FEA42086A
:1021E00006FA08FC27EA0C07D1F80CC00CFA08FC28
:1021F0004CEA070CC0F808C04768A7430C79C4F341
:10220000001494403C4344600C79E443A4070AD092
:10221000C4684FEA420C06FA0CF7BC438F6807FA11
:102220000CF72743C7600C7904F00304022C12D189
:10223000D40800EB840CDCF820405707FF0E09FAA5
:1022400007F824EA0804D1F8108008FA07F848EAE9
:102250000408CCF8208004684FEA420C06FA0CF718
:10226000BC430F7907F0030707FA0CF72743076011
:102270004C6814F4403F70D03C4C276847F48047CA
:102280002760246822F0030704F480440094384C4B
:1022900007EB040CDCF8084897074FEA177809FAAF
:1022A00008F7BC43334FB84202D1002724E054E082
:1022B000314FB84201D101271EE0304FB84201D161
:1022C000022719E02E4FB84201D1032714E02D4F09
:1022D000B84201D104270FE02B4FB84201D10527A6
:1022E0000AE02A4FB84201D1062705E0284FB8423C
:1022F00001D1072700E0082707FA08F72743CCF8A1
:102300000878DAF800405746D1F804C09C435FEAE9
:10231000CC2C00D51C433C60DBF800405F46D1F874
:1023200004C09C435FEA8C2C00D51C433C60DEF863
:1023300000407746D1F804C09C435FEA8C3C00D54E
:102340001C433C60084F083F3C68D1F804C09C43E4
:102350005FEACC3C00D51C433C60521C102AFFF4C1
:102360002FAFBDE8F88F0000083C01404438024020
:10237000003001400000024000040240000802401A
:10238000000C0240001002400014024000180240FD
:10239000001C02400AB1816170470904FBE700009C
:1023A000014880687047000028000020014800684C
:1023B00070470000107AFF1F014800687047000056
:1023C000147AFF1F0148006870470000187AFF1F49
:1023D00070B5040013D021684CF6CC400860216829
:1023E00045F255500860D4E9000141602168A068B9
:1023F0008860FFF7D5FF054641F601060DE0012094
:1024000070BD00BFFFF7CCFF401BB04205D920686C
:10241000C068800701D0032070BD2068C0688007B5
:10242000F0D121684AF6AA200860002070BD00683B
:102430004AF6AA2101600020704700000248816826
:102440000278114481607047280000200B4810B5C5
:10245000016841F400710160016841F4806101602C
:10246000016841F480710160032000F0B3F80F208F
:1024700000F006F800F058F8002010BD003C0240C3
:1024800030B50546224887B00024016841F01001AC
:102490000160006806A900F01000009001A800F09B
:1024A00011FF0498A8B100F033FF400019491A4AFF
:1024B000B0FBF1F11948491E026040F2E732C0E971
:1024C0000324C0E90114846102F04CF8040003D035
:1024D00015E000F01DFFE9E7104802F097F804004E
:1024E0000DD1362000F049F8102D07D200222946E0
:1024F000362000F04FF80A48056000E00124094A40
:102500000E21064802F0C1F907B0204630BD000098
:102510004038024040420F0000100040D4C3012068
:102520002C000020116C02080C4882B0016841F4B4
:1025300080410160006800F4804000900748001F5F
:10254000016841F0805101600068002200F0805075
:1025500000900F21901E02B000F01CB844380240D9
:10256000002809DB00F01F02012191404009800092
:1025700000F1E020C0F880127047002809DB00F06D
:102580001F02012191404009800000F1E020C0F8C5
:1025900000117047F0B40E4B1B680C46C3F30223C6
:1025A000C3F10705042D00D90425191D072901D2FF
:1025B000002300E0DB1E012606FA05F1491E21403A
:1025C00099409E40761E16403143F0BC06F038BE5E
:1025D0000CED00E0064900F0070208684FF6FF0323
:1025E000184040EA0220034A104308607047000088
:1025F0000CED00E00000FA05704700684162002021
:102600007047F0B50368586A39B19C6A4FF4827616
:1026100000EB144400204D1E0AE040EA024098629C
:102620000FE006EB8007DF59401C04EB1744C0B2F3
:10263000A842F6D344EA02404FF4807202EB8101D3
:1026400058500020F0BDD0F8E00405F09EB901EB31
:10265000C10200EB8202D0F8E004126A05F0EFB884
:1026600001EBC10200EB8202D0F8E004D2F8602254
:1026700005F041B9D0F8E00405F089B90A0601F087
:102680000F0101EBC10100EB810101D5143101E023
:1026900001F51571006806F073B870B504460B06B5
:1026A00001F00F0000EBC00104EB81014FF00102CB
:1026B0004FF0000502D54A75143103E081F85552F8
:1026C00001F51571087094F89404012808D084F875
:1026D0009424206805F06EFD84F89454002070BDA9
:1026E000022070BD70B5044601F00F0022799042BF
:1026F00001D9012070BD0B0601F00F0101EBC101F2
:1027000004EB81014FF001024FF0000502D54A753C
:10271000143103E081F8555201F515718D70087080
:1027200094F89404012808D084F89424206805F0D3
:10273000B3FE84F89454002070BD022070BD01F0F7
:102740000F0101EBC10100EB8100D0F86802704776
:102750002DE9F04104460F0601F00F0000EBC00127
:1027600004EB81014FF001064FF0000502D54E75D4
:10277000143103E081F8555201F51571C2F30A02D4
:1027800008708A600B714A7802B14883022B00D12D
:102790004D7194F89404012809D084F89464206859
:1027A00005F056FC284684F89454BDE8F0810220D8
:1027B000FBE710B501F00F0404EBC40100EB81014D
:1027C000C1E998230023C1F8683281F8553281F8B5
:1027D0005442837901F51571012B00D1CA618279C8
:1027E000006805F0B1FE002010BD70B504460D462E
:1027F00001F00F002179884201D9012070BD29061E
:102800004FF000064FF0010206D500EBC00104EBCB
:1028100081014A75143107E005EBC50104EB810124
:1028200081F8556201F515718A70087094F8940466
:10283000012807D084F89424206805F059FE280761
:1028400002D007E0022070BDA17904F29C4220680A
:1028500005F0F6FD84F89464002070BD10B501F019
:102860000F0404EBC40100EB8101C1E9082300233C
:102870008B6201234B7501F8144F8379012B00D132
:10288000CA618279006805F05FFE002010BD00007B
:102890002DE9FC5F05680446284606F00DF800287F
:1028A0007DD1206806F034F8002878D0D5F80808E3
:1028B000C0F30D20C4F8D404206806F029F880077E
:1028C00004D52068416901F002014161206806F0E9
:1028D0001FF8C10604F29C40009034D5206881693D
:1028E00021F0100181612F6A07F00F0000EBC0009A
:1028F00004EB8006C7F3434006F51576022802D0A4
:10290000062811D01AE047F6F070074216D0C7F338
:102910000A1217462846F16805F0FEFFF0683844B1
:10292000F0607069384408E008222846009905F0F4
:10293000F3FF7069C7F30A11084470612068816968
:1029400041F010018161206805F0E2FF00034FF0C3
:10295000080B4FF0000A4FF001097CD500262068D3
:1029600005F0B5FF074674E0F80770D0F1B22068B3
:1029700005F0C6FF8046C00707D005EB4611C1F839
:10298000089B3146204602F04DFE5FEA087024D5D0
:1029900005EB4611C1F808BB2068016C00E023E29A
:1029A00000EB46100191D0F8082BFB4B994205D95A
:1029B000110403D54FF40041C0F8081B204600F075
:1029C000F0FAF5490198884207D9A079012804D185
:1029D00020680121009A05F033FD5FEAC86004D544
:1029E00005EB46111020C1F8080B5FEA88701DD571
:1029F0006869000605D5D5F8040840F48061C5F87B
:102A0000041806EBC60004EB800090F8571200F59E
:102A10001570012905D180F803A0F1B2204600F01D
:102A2000E9F905EB46110220C1F8080B5FEA88605E
:102A300004D505EB46102021C0F8081B5FEA88404A
:102A400005D505EB46104FF40051C0F8081B7F0870
:102A5000761C002F88D1206805F05AFF40036ED500
:102A6000206805F02DFF0746002666E0F80762D0D3
:102A7000F1B2206805F032FF8046C00723D006F08F
:102A80000F01D5F8342809FA01F18A43C5F8342832
:102A900005EB4611C1F80899A07901280FD106EB82
:102AA000C60004EB8000D0E907211144016236B969
:102AB000606A20B920680121009A05F0C1FCF1B2DA
:102AC0002046FFF7C4FD5FEA087003D505EB461109
:102AD000C1F808B95FEAC86004D505EB46111020BB
:102AE000C1F808095FEA486004D505EB46104021AB
:102AF000C0F808195FEA887016D53146284605F0F7
:102B0000B0FE06EBC60004EB8000C17D1430012945
:102B100005D180F803A0F1B2204600F067F905EB7B
:102B200046110220C1F808095FEA086003D5314662
:102B3000204602F0DDFD7F08761C002F96D120682C
:102B400005F0E6FE002811DAD5F8040820F00101AE
:102B5000C5F8041894F8CC0401282BD0204600F0C6
:102B600005FA2068416901F000414161206805F0E3
:102B7000CFFE00050BD5D5F80808C00702D02046C7
:102B800000F038FA2068416901F400614161206871
:102B900005F0BEFEC00467D5D5F8040820F001009A
:102BA000C5F804081021206805F05BFE00214FF6EF
:102BB0007F3220E084F8CCA400212046FFF71CFDE2
:102BC000CFE700BF05EB4110C0F80829D0F8003965
:102BD00023F40013C0F80039C0F8082BD0F8003BEC
:102BE00023F40013C0F8003BD0F8003B43F000632F
:102BF000C0F8003B491C20798842E3D8D5F81C086E
:102C000040F00111C5F81C18E07B002828460DD0C3
:102C1000D0F8840840F00B01C5F88418D5F84408B2
:102C200040F00B012846C5F844180DE0D0F8140810
:102C300042F22B010843C5F81408D5F8100840F0FB
:102C40000B012846C5F81018D0F8000820F4FE61E2
:102C5000C5F80018A1792068009A05F0F1FB2068FA
:102C6000416901F480514161206805F051FE800402
:102C700015D5206805F02CFA206805F010FEE071EB
:102C800000F040FB0146E279206805F0A3FE2046F3
:102C900000F056F92068416901F400514161206853
:102CA00005F036FE000707D5204600F063F92068DE
:102CB000416901F008014161206805F029FE000624
:102CC00016D5A86920F08001A96101260DE000BF9A
:102CD00006EBC60004EB800090F85702012803D1F0
:102CE000F1B22046FFF7CAFC761C2079B042EFD83B
:102CF000206805F00DFEC0021FD501264F4614E0E6
:102D000005EB4610D0F8000906EBC60104EB810183
:102D10000A7E012A08D1002806DACF75F0B240F009
:102D200080012046FFF7AAFC761C2079B042E7D844
:102D30002068416901F480114161206805F0E8FDD7
:102D4000800234D501204A4629E000BF05EB40113E
:102D5000D1F8001B00EBC00304EB830393F8586227
:102D6000012E1BD1002919DA94F8D464C1F3004173
:102D700006F001068E4211D183F85722A96941F06D
:102D80008003AB616969090608D4D5F8040840F4EA
:102D90000070C5F8040805E00A30544F401C217942
:102DA0008142D3D82068416901F400114161206853
:102DB00005F0AEFD400007D52046FFF744FC206833
:102DC000416901F080414161206805F0A1FD4007A3
:102DD0000AD520684568680702D52046FFF74AFCF7
:102DE0002068416829434160BDE8FC9FD0F8E004B9
:102DF00004F023BED0F8E00404F033BEF8B50400BC
:102E000005D094F895042668002510B106E001204D
:102E1000F8BD84F89454204600F056F8032084F856
:102E20009504B6F1A04F00D1A571206805F002FB12
:102E3000207C8DF8000094E80F0005F057F9022679
:102E4000B8BB0021206805F086FD90BB002001275B
:102E50000DE000BF00EBC00104EB81014F75087568
:102E6000C8850D76CD610D62401CC0B24D622179DE
:102E70008142EFD8002011E000EBC00104EB81019A
:102E800081F8555281F8540281F85852C1F85C52C9
:102E9000C1F86052401CC0B2C1F86452217981422D
:102EA000EAD8207C8DF8000094E80F0005F004FAC1
:102EB00010B184F89564AAE7657484F89574206865
:102EC00005F0ECF90020F8BD10B586B004461421D9
:102ED0006846FDF716FD17492068884227D1164C31
:102EE0000020216841F002012160216801F0020107
:102EF00005914FF4404100910221CDE901100320DA
:102F000003900C20049069460C48FFF74BF92068A9
:102F100040F0005020602068002200F00050059032
:102F200005214D20FFF736FB4D20FFF726FB06B0AD
:102F300010BD000000000440303802400004024090
:102F400070B50446C079012570B1022801D0FEF7A2
:102F5000ABF92946D4F8E00404F0F2FDD4F8E0041B
:102F6000BDE8704004F0A6BD0025F2E7D0F8E0040B
:102F700004F0CFBDD0F8E00404F0D5BD10B5044690
:102F800090F8940401280AD0012084F89404617414
:102F9000206805F00EFD002084F8940410BD022086
:102FA00010BDD0F8E02400F29C41104604F0D4BDDE
:102FB00010B50446006894F89414012909D0012141
:102FC00084F89414C168490609D5617B012902D0AF
:102FD00005E0022010BD816B41F4803181632068DF
:102FE00005F01DFC206805F04BF9002084F89404DE
:102FF00010BD000010B50446D0F8E00404F0EEFD6A
:103000002068D0F8001E41F00101C0F8001EE07AEF
:10301000002804D00248016841F00601016010BD9B
:1030200010ED00E0034908B500200862024800687E
:10303000009008BD00000E4200700040034908B532
:103040000120086202480068009008BD00000E429E
:10305000007000402DE9F843054600684FF0010973
:10306000C1074FF0000601D1400727D5DFF80C81DA
:10307000C8F86860FFF794F90746414C05E000BFC7
:10308000FFF78EF9C01B022857D820680001F7D43B
:1030900068688101287A41EA007039498431086002
:1030A000C8F86890FFF77CF9074604E0FFF778F965
:1030B000C01B022841D820680001F7D52878800776
:1030C00052D52F484030016841F0805101600068BE
:1030D0002C4C00F080500090206840F480702060FC
:1030E000FFF75EF9074604E0FFF75AF9C01B022814
:1030F00023D82068C005F7D5214C7034206810F41F
:10310000407020D0A98901F4407181421BD0206811
:103110001D4920F44070C1F800900E6020602068C6
:10312000C00710D0FFF73CF9064641F2883707E0A8
:10313000FFF736F9801BB84202D90320BDE8F883B7
:1031400020688007F4D5E9680D48C1F301220830F2
:10315000032A0BD0016821F4F81101602068A989C5
:10316000C1F30B01084320600020E7E70268074B2A
:1031700022F4F81219400A430260EFE700004742C8
:103180000038024000700040400E4742FFFCFF0F35
:103190002DE9F0470E46050065D0DFF81481D8F818
:1031A0000000F7B200F00700B04207D288F80070C4
:1031B000D8F8000000F00700B04254D128683D4C18
:1031C000810712D5400703D5206840F4E050206005
:1031D0002878000703D5206840F46040206020680C
:1031E000A96820F0F000084320602878C0072DD09F
:1031F000304968680839012812D0022813D0032802
:1032000011D00968890700292DDA216821F003010E
:1032100001432160FFF7C4F8814641F2883A0EE08D
:1032200009688903EFE709688901ECE7FFF7B8F857
:10323000A0EB0901514502D90320BDE8F0872068C1
:10324000696800F00C00B0EB810FEFD1D8F80010E6
:10325000404601F00701B14207D90770006800F04D
:103260000700B04201D00120E7E72878400705D5E4
:103270002068E96820F4E0500843206028780007BF
:1032800006D52068296920F4604040EAC10020602A
:1032900000F05EF82168084AC1F30311515CC84090
:1032A0000649086006480068FFF7EAF80020C4E70E
:1032B000003C024008380240048D0508340000201C
:1032C0002C0000200F2202600C4A136803F0030355
:1032D0004360136803F0F0038360136803F4E05362
:1032E000C36012684FF4E05303EAD202026104485B
:1032F000006800F0070008607047000008380240CE
:10330000003C024001480068704700003400002083
:103310000448054900680968044AC1F38221515CE8
:10332000C84070473400002008380240148D05085A
:103330000448054900680968044AC1F34231515CF8
:10334000C84070473400002008380240148D05083A
:10335000154810B5006810F00C02144813D0411045
:10336000042A0FD0082A0ED10F4C241F226823688C
:1033700002F03F025B0207D52068C0F38810A0FB73
:10338000010106E0084610BD2168C1F38811A1FBC8
:1033900000010023FDF776F82168C1F30141491CC3
:1033A0004900B0FBF1F010BD083802400024F400E1
:1033B0002DE9F84F04006ED02078DFF84C93C00759
:1033C000A9F104054AD009F104000168C1F38101A3
:1033D000012908D00068C0F3810002280AD1D9F879
:1033E0000000400206D52868800337D560680028B1
:1033F000E1D033E06068B0F5803F10D0B0F5A02F89
:10340000286810D020F480302860286820F48020BC
:1034100028606068A8B1FEF7C3FF06460DE0286883
:1034200040F48030F4E740F480202860F7E700BFE4
:10343000FEF7B6FF801B642873D828688003F7D591
:103440000CE0FEF7ADFF064605E000BFFEF7A8FF63
:10345000801B6428F0D828688003F7D42078DFF830
:10346000AC8280074FF0000A3ED5A748001D0168D6
:1034700011F00C0F08D00068C0F3810002280BD1B6
:10348000D9F80000400207D42868800716D5E06804
:10349000012800D112E033E1E068B8B10120C8F89A
:1034A0000000FEF77DFF064605E000BFFEF778FF4F
:1034B000801B0228C0D828688007F7D528682169B2
:1034C00020F0F80040EAC10028600DE0C8F800A034
:1034D000FEF766FF064604E0FEF762FF801B022847
:1034E0001FD828688007F7D42078000722D5864F98
:1034F00087486169703771B101210160FEF750FFA3
:10350000064604E0FEF74CFF801B022809D8386805
:103510008007F7D50EE0C0F800A0FEF741FF064691
:1035200005E082E0FEF73CFF801B02287DD838686A
:103530008007F7D42078400768D5DFF8CCB10027A2
:103540000BF13C0BDBF80000C0000BD4DBF80010E3
:1035500041F08051CBF80010DBF80000012700F0AB
:10356000805000906B4E3068C00510D4306840F435
:1035700080703060FEF714FF009005E0FEF710FF4A
:103580000099401A022850D83068C005F6D55E4E22
:10359000A0686C3601280FD00528306810D020F0C4
:1035A00001003060306820F004003060A068B8B1DD
:1035B000FEF7F6FE00900FE0306840F00100F4E7FF
:1035C00040F004003060F7E7FEF7EAFE0099411A88
:1035D00041F28830814266D830688007F4D50EE029
:1035E000FEF7DEFE009007E0FEF7DAFE0099411AD2
:1035F00041F28830814256D830688007F4D42FB128
:10360000DBF8001021F08051CBF80010A069C8B39E
:103610003D49091D0968C1F3810102294AD00228E8
:10362000504607D0C8F8600000E03CE0FEF7B8FE66
:1036300004463BE04746C8F86000FEF7B1FE064688
:1036400005E000BFFEF7ACFE801B02282BD82868DF
:103650008001F7D4D4E907010843A16A2E4A49083A
:1036600002EB0141626A41EA8211084394F82C108E
:1036700040EA0161C9F8001001203866FEF790FEAB
:10368000044606E03EE000BFFEF78AFE001B02286B
:1036900009D828688001F7D534E000BFFEF780FE26
:1036A000001B022802D90320BDE8F88F286880019A
:1036B000F4D427E00128F7D0D9F80000E26900F43B
:1036C000800191421CD1226A00F03F01914217D142
:1036D00047F6C071626A0140B1EB821F10D1A26A45
:1036E0004FF0FF3300F4403103EB5202B1EB024FD5
:1036F00006D194F82C1000F07060B0EB016F01D08F
:103700000120D1E70020CFE7043802400000474203
:10371000800E4742007000400000FFFF2DE9F04797
:103720000446007900278A4601280ED0012525711C
:1037300060794FF00009012809D00420A06001271A
:1037400084F804903846BDE8F0870220FBE74FF08C
:10375000020884F80580FEF723FE064611E000BF4C
:10376000FEF71EFE801B02280BD920684068C0436C
:10377000C00706D06571C4F8088084F80490012061
:10378000E1E720684068C043C007E9D1206880684D
:10379000E060CAF800006571D2E770B5040003D09C
:1037A0006079002510B105E0012070BD257120462B
:1037B00000F00CF8022060712068016841F00401FB
:1037C000016001206071A560002070BD08B500682F
:1037D0000649884208D10648016841F0400101606D
:1037E000006800F04000009008BD0000000806508E
:1037F0003438024010B500680B4641680D4801405E
:10380000080CD870C1F304245C7001F03F049C7074
:10381000C1F34231197052B901F0BBFFD87058782A
:1038200001F0B7FF5870987801F0B3FF987000204E
:1038300010BD00003FFFFF0010B50B460168896A0C
:10384000596001680969C1F30E0199600068016857
:103850000D480140C1F305401870C1F306245C70A7
:1038600001F07F049C70890DD97052B901F091FF6D
:103870001870587801F08DFF5870987801F089FF22
:103880009870002010BD00007F7F7F0010B50400FD
:1038900002D0607F10B106E0012010BD002020772B
:1038A000204600F041F8022060772068C168C943D3
:1038B000C90632D5CA214162216853204862204698
:1038C00001F07CFF20BB20688168164A11408160AE
:1038D0002168886862681043D4E904231A431043BE
:1038E00088602168E068086120680169228941EAEE
:1038F00002410161204601F085FF48B921680A6C48
:1039000022F480220A6421680A6CA3691A430A64BB
:103910002268FF21516208B110BD002001216177AA
:1039200010BD0000BFFF8FFF1FB500210091019166
:10393000029103910068084988420CD1022000904E
:10394000C00103906846FFF785FB08B1FDF7ACFCAA
:103950000249012008601FBD002800403C0E47427C
:1039600070B50446007F0B46012819D00126267742
:1039700002206077B2B19878D97840EA014558784A
:103980001978000240EA413005432168CA204862A4
:10399000216853204862204601F010FFD0B122E098
:1039A000022070BD5878C10603D500F0EF000A3040
:1039B0005870D87801F0F6FE0204587801F0F2FE53
:1039C00042EA0022987801F0EDFE0243187842EABC
:1039D0004035DAE70748054020684560204601F099
:1039E00011FF00B966772268FF215162002121771B
:1039F00070BD00003FFFFF002DE9F0410446007F4D
:103A00000D46012823D04FF0010884F81C800220C5
:103A100060772068002780684FEA4060D2B10028B4
:103A200000DBEF70A878297840EA01466878E978E9
:103A3000000240EA815006432168CA20486221689A
:103A400053204862204601F0B9FEB8B12CE00220B4
:103A5000BDE8F081002800DBEF70287801F0A2FEBD
:103A60000204687801F09EFE42EA0022A87801F084
:103A700099FE0243E87842EA8056DDE70D480640A9
:103A8000206806602068816821F480218160D5E982
:103A90000301084321688A6810438860204601F0CA
:103AA000B1FE08B984F81D802268FF215162277792
:103AB000CEE700007F7F7F0070B504460B48216889
:103AC000C860FEF76DFC05464FF47A7607E000BF4C
:103AD000FEF766FC401BB04201D9032070BD206890
:103AE000C0688006F4D5002070BD00005F7F010033
:103AF000704770B50446806C002538B1FDF7B6FC00
:103B000020B1606D40F0100060650125E06C38B1B7
:103B1000FDF7ACFC20B1606D40F010006065012540
:103B20002068416821F003014160012084F85100C0
:103B3000284670BD7047000038B5016804464A68E1
:103B40008868C043430606D5C30704D1D3435B0648
:103B500001D4216C64E0830704D4D3431B0601D451
:103B6000616C5DE0830603D5430601D5C30551D4DE
:103B7000D3439B064ED443060AD494F85130032B0A
:103B800049D0636D43F004036365CB688B68009391
:103B9000830609D4636D43F0010363658B6800936A
:103BA0000B6823F040030B60C00506D4606D40F045
:103BB00008006065206880680090606D002829D04A
:103BC0002068416821F0E0014160012084F8510043
:103BD000900701D4D00722D02068416821F003016A
:103BE0004160124DE06C40B10565E06CFDF787FC6B
:103BF00018B1606D40F040006065A06C002809D0ED
:103C00000565A06CFDF77BFC002803D0606D40F0DB
:103C10004000606538BDC8688868009038BD216F75
:103C200001B02046BDE83040084700006563020847
:103C300070B5040009D0606A002540B12561656156
:103C4000A56294F8510040B120E0012070BD606889
:103C5000B0F5827FF4D0E561F2E784F850502D484A
:103C6000A0652D48E0652D4820662D4860662D48EA
:103C7000A0662D48E0662D4820672D486067A06F3C
:103C800008B92C48A067014620468847022084F8DE
:103C900051002068016821F040010160A08821895D
:103CA00000F4827001F404410843A18901F4006129
:103CB0000843217C01F002010843217D01F001014C
:103CC0000843218B01F400710843217F01F0380182
:103CD000084394F8201001F080010843218D01F47D
:103CE0000051084321680860A069042101EA1040DE
:103CF00094F8241001F010010843216848602068FE
:103D0000C16921F40061C1616565012084F8510039
:103D1000002070BDC54402088F3F0208C944020854
:103D2000C7440208913F0208CB440208353B020811
:103D3000F13A0208393D02082DE9F04186B0064605
:103D400014216846FCF7DDFD2F493068884257D1C1
:103D50002E480024016841F480510160006800F49D
:103D60008050059029481438016841F00201016033
:103D70000068694600F0020005903820009002209B
:103D8000CDE9010403200390052004902048FEF7AC
:103D900009FA214D1F484FF0C067E5E802074020AF
:103DA0004FF48068A5E811011B4845F81449AC613F
:103DB000EC612C626C62FDF787FC08B1FDF774FAC8
:103DC000B564AE63144D1348603548382860C5E9C2
:103DD0000174C5E903486C61AC61EC612C62284652
:103DE0006C62FDF771FC08B1FDF75EFAF564002224
:103DF00005212320AE63FEF7CDFB2320FEF7BDFB9C
:103E000006B0BDE8F08100000030014044380240B7
:103E1000000402405864024014C3012070B50446F7
:103E200090F8510001282AD121B11AB1A0680423C9
:103E300010B105E0012070BD6568B5F5827F15D031
:103E400094F85050012D1AD0012584F8505084F870
:103E5000513000256565A163A287E287256465640A
:103E6000A586E586B0F5004F0BD014E084F85130FC
:103E70002046BDE8704013460A4600F035BA0220DD
:103E800070BD2068016821F0400101602068016870
:103E900021F480410160E16C17480864E16C174827
:103EA000C863E16C1648C864E06C0565E38F21685F
:103EB000A26B0C31E06CFDF771FC30B1606D40F02D
:103EC0001000606584F85050B4E720680168490626
:103ED00003D4016841F04001016084F8505020682B
:103EE000416841F0200141602068416841F00101D2
:103EF0004160002070BD00008F630208A1630208CA
:103F00007163020810B5002372B190F85040012C83
:103F100010D0012480F8504090F85140012C0BD073
:103F200090F851400CB324E0416D41F080014165AF
:103F3000012010BD022010BD0A291AD2DFE801F0CD
:103F40000507090B0D0F11132325826516E0C265C5
:103F500014E0026612E0426610E082660EE0C2667D
:103F60000CE002670AE0426708E008290BD0092943
:103F70000BD0416D41F0800141650123002180F8A3
:103F80005010184610BD8267F8E7C267F6E7704721
:103F900070472DE9F84F984616468A460446FEF7C4
:103FA000FFF9814694F8510001281ED1BAF1000FA3
:103FB00073D0002E71D094F85000012815D001273D
:103FC00084F85070032084F8510000256565C4F81A
:103FD00030A0A686E686A563A587E5876564256487
:103FE000A068B0F5004F03D00CE00220BDE8F88FC8
:103FF0002068016821F0400101602068016841F4F7
:104000008041016020680168490603D4016841F0DD
:1040100040010160E068B0F5006F606803D048B30C
:10402000012E27D047E008B1012E1FD1206B216857
:104030000088C86006E020688168890709D5216B7F
:104040000988C160206B801C2063E08E401EE086E2
:104050000CE0FEF7A5F9A0EB0901414503D3B8F147
:10406000FF3F03D035E0B8F1000F32D0E08E0028DA
:10407000E1D123E0206B21680078087306E0206816
:10408000816889070AD5216B09780173206B401C70
:104090002063E08E401EE0860DE02BE0FEF780F905
:1040A000A0EB0901414503D3B8F1FF3F03D010E075
:1040B000B8F1000F0DD0E08E0028E0D14A4641460D
:1040C000204602F02DFA08B120206065A06830B1CA
:1040D00009E084F8517084F85050032086E7206886
:1040E000C1688068009084F8517004F8505F60687F
:1040F0000028F3D0012079E72DE9FF4F81B01D465C
:10410000934604464FF001090E9EFEF749F9074613
:1041100094F851006168012806D0B1F5827F3CD146
:10412000A168C9BB042838D10298002871D0BBF11E
:10413000000FFBD0002DF9D094F8500001282CD0AE
:104140004FF0010A84F850A094F85100042802D0DE
:10415000052084F851004FF00008C4F85480C4F8DA
:1041600038B0E587A58702992163E586A586C4F85E
:104170004080C4F8448020680168490603D401687F
:1041800041F040010160E068B0F5006F606808D060
:10419000F0B3012D49D081E0FFE7022005B0BDE872
:1041A000F08F08B1012D39D1206B21680088C860DB
:1041B000206B801C2063E08E401EE0862EE020688D
:1041C000816889070FD5E18E69B1B9F1010F0AD174
:1041D000216B0988C160206B801C2063E08E401E2B
:1041E000E0864FF0000920688168C9070CD0E18F94
:1041F00051B1C068A16B0880A06B801CA063E08FE8
:10420000401EE0874FF00109FEF7CAF8C01B01E02D
:104210000BE067E0B04201D3701C50D1E08E002863
:10422000CDD1E08F0028CAD13EE0206B2168007814
:104230000873206B401C2063E08E401EE0862DE05A
:104240002068816889070FD5E18E69B1B9F1010F46
:104250000AD1216B09780173206B401C2063E08E2A
:10426000401EE0864FF0000920688168C9070CD025
:10427000E18F51B1C068A16B0870A06B401CA063B6
:10428000E08F401EE0874FF00109FEF789F8C01B60
:10429000B04202D3701C01D011E086B1E08E00283C
:1042A000CED1E08F0028CBD13A463146204602F0ED
:1042B00037F950B12020606584F8508012E084F80E
:1042C00051A084F85080032068E7A06818B92068DE
:1042D000C1688068009084F851A084F85080606DB7
:1042E0000028F1D0012059E770B5044690F851003C
:1042F0006568012806D0B5F5827F3AD1A568A5BBCF
:10430000042836D191B38AB383B394F850000128BE
:104310002FD0012084F8500094F85100042802D0D6
:10432000052084F85100002565652163A386E38696
:10433000A263A387E3872564656494F85100042889
:1043400019D0E16C274808642748E16CC863E16C28
:104350002648C864E06C0565E38F2168A26B0C31C8
:10436000E06CFDF71BFA00BB0AE002E0FFE701206A
:1043700070BD022070BDE16C1D4808641D48E4E773
:104380002068416841F001014160A06C0564A06CA7
:10439000C563A06CC564A06C0565E38E2268216BC3
:1043A0000C32A06CFDF7FAF930B1606D40F01000EE
:1043B000606584F85050DAE720680168490603D444
:1043C000016841F04001016084F850502068416864
:1043D00041F0200141602068416841F002014160E4
:1043E000002070BD9B6302086D64020871630208BF
:1043F0008F630208A163020870B5044690F851006B
:1044000001281CD1C9B1C2B194F85000012816D0BE
:10441000012084F85000032084F8510000256565D0
:104420002163A286E286A56365642564A587E58786
:10443000A068B0F5004F04D00DE0012070BD02204F
:1044400070BD2068016821F04001016020680168AA
:1044500041F480410160A16C17480864A16C1748C1
:10446000C863A16C1648C864A06C0565E38E226819
:10447000216B0C32A06CFDF791F930B1606D40F00A
:104480001000606584F85050D7E72068016849063D
:1044900003D4016841F04001016084F85050206865
:1044A000416841F0200141602068416841F002010B
:1044B0004160002070BD0000956302080964020895
:1044C00071630208704770477047704770477047C4
:1044D0007047000070B590F83C20012A32D00124CA
:1044E00080F83C40022280F83D2003685A689D68AD
:1044F00022F070060A6832435A60134B02689A42EF
:1045000014D0B2F1804F11D0104B9A420ED0104B04
:104510009A420BD00F4B9A4208D00F4B9A4205D0CB
:104520000E4B9A4202D00E4B9A4204D1496825F0B4
:1045300080031943916080F83D40002180F83C10D1
:10454000084670BD022070BD00000140000400401C
:1045500000080040000C0040000401400040014001
:104560000018004010B5040003D094F83D0010B1CD
:104570000EE0012010BD002084F83C00204602F02F
:1045800011FBA06C08B91148A06401462046884779
:10459000022084F83D00211D206802F09BFA0120D2
:1045A00084F8460084F83E0084F83F0084F8400018
:1045B00084F8410084F8420084F8430084F8440001
:1045C00084F8450084F83D00002010BDD145020864
:1045D00008B500680B49884212D10B48016841F0C8
:1045E000200101600068002200F0200000900521F9
:1045F0003720FDF7CFFFBDE808403720FDF7BDBFEE
:1046000008BD0000001400404038024090F83D1002
:10461000012901D001207047022180F83D10016876
:10462000CA6842F00102CA6000681149884214D089
:10463000B0F1804F11D00F4988420ED00E49884208
:104640000BD00E49884208D00D49884205D00D494B
:10465000884202D00C49884204D1816801F00701E8
:10466000062903D0016841F0010101600020704774
:10467000000001400004004000080040000C004021
:1046800000040140004001400018004001680A6A2F
:1046900041F211131A4207D10A6A9B101A4203D140
:1046A0000A6822F001020A60012180F83D10002012
:1046B00070477047704770472DE9F0410446006825
:1046C000C66805694FF00007A90715D5B10713D5CE
:1046D000F91E01610120207720688069800702D0DF
:1046E000D4F8901005E0D4F8981020468847D4F804
:1046F0009C10204688472777680718D5700716D57D
:1047000021686FF00400086102202077206880692A
:1047100010F4407F02D0D4F8901005E0D4F898103F
:1047200020468847D4F89C102046884727772807DA
:1047300017D5300715D521686FF0080008610420EF
:1047400020772068C069800702D0D4F8901005E077
:10475000D4F8981020468847D4F89C102046884703
:104760002777E80618D5F00616D521686FF01000F7
:104770000861082020772068C06910F4407F02D0CB
:10478000D4F8901005E0D4F8981020468847D4F863
:104790009C10204688472777E80709D0F00707D004
:1047A00021686FF001000861D4F880102046884726
:1047B000280609D5300607D521686FF0800008610A
:1047C000D4F8B01020468847680609D5700607D58A
:1047D00021686FF040000861D4F8881020468847AF
:1047E000A8060BD5B00609D521686FF02000086136
:1047F0002046D4F8A810BDE8F0410847BDE8F08194
:104800007047000070B50D46040003D094F83D00D9
:1048100010B10EE0012070BD002084F83C0020465D
:1048200002F0C0F9A06E08B90F48A0660146204604
:104830008847022084F83D00211D206802F04AF9D3
:104840002068016821F00801016054F8460B0168F6
:1048500029430160012004F81F09E0752076E07605
:104860002077A075002070BD6D4802087047704722
:104870007047000000680349884201D1FDF7DEBDA2
:104880007047000000100040704710B500233AB197
:1048900090F83D40012C05D090F83D407CB362E09B
:1048A000012010BD1B295ED2DFE801F041434547DE
:1048B000494B4D4F51535557595B0E1114171A1D43
:1048C0002023262A2D303300C0F880204CE0C0F889
:1048D000842049E0C0F8882046E0C0F88C2043E0FE
:1048E000C0F8902040E0C0F894203DE0C0F8982047
:1048F0003AE0C0F89C2037E0C0F8A02034E00BE09C
:10490000C0F8A42030E0C0F8A8202DE0C0F8AC200A
:104910002AE0C0F8B02027E00E2924D2DFE801F019
:1049200007090B0D0F11131517191B1D1F21826489
:104930001AE0C26418E0026516E0426514E0826580
:1049400012E0C26510E002660EE042660CE082668C
:104950000AE0C26608E0026706E0426704E0826798
:1049600002E0C26700E00123184610BD704770479F
:10497000704770B5044620680C3050E8001F21F4E1
:10498000F07140E80012002AF5D12068143050E898
:10499000001F21F0010140E80012002AF5D1206B30
:1049A000012809D120680C3050E8001F21F01001C7
:1049B00040E80012002AF5D1206840694FF0100647
:1049C00000064FF0000515D52068143050E8001F90
:1049D00021F0800140E80012002AF5D1A06B48B117
:1049E0000565A06BFCF742FD20B1A06BFCF799FDBB
:1049F000202824D020684069400615D5206814304E
:104A000050E8001F21F0400140E80012002AF5D1D3
:104A1000E06B48B10565E06BFCF728FD20B1E06B69
:104A2000FCF77FFD20280AD0E584E5856564202019
:104A300084F8420084F841002563002070BD66645C
:104A4000032070BD704770B5044620680C3050E8F4
:104A5000001F21F4907140E80012002AF5D120686F
:104A6000143050E8001F21F0010140E80012002A34
:104A7000F5D1206B012809D120680C3050E8001FC7
:104A800021F0100140E80012002AF5D120684069A9
:104A90004FF00005400615D52068143050E8001F7F
:104AA00021F0400140E80012002AF5D1E06B48B146
:104AB0000565E06BFCF7DAFC20B1E06BFCF731FD3B
:104AC000202806D0E585202084F8420025630020B8
:104AD00070BD10206064032070BD704770B504463F
:104AE00020680C3050E8001F21F0C00140E800129F
:104AF000002AF5D1206840691546000615D52068C2
:104B0000143050E8001F21F0800140E80012002A14
:104B1000F5D1A06B48B10565A06BFCF7A7FC20B1EF
:104B2000A06BFCF7FEFC202805D0E584202084F84B
:104B30004100002070BD10206064032070BD7047EC
:104B400070470000F8B5016804460868CA684B69F8
:104B500010F00F0F4FF0000556D003F0010602F4DD
:104B60009077374361D0C10705D0D10503D5616C7B
:104B700041F001016164410705D5D90703D0616C9B
:104B800041F002016164810705D5D90703D0616C4A
:104B900041F004016164010707D502F020013143AF
:104BA00003D0616C41F008016164616C00293BD065
:104BB000800604D5900602D5204602F0D3F820687E
:104BC0004069616CC0F38010090700D440B32046EF
:104BD00002F06DF82068406940061ED52068143048
:104BE00050E8001F21F0400140E80012002AF5D1F2
:104BF000E06B90B172490165E06BFCF780FC002826
:104C000012D0E06B016DD7E083060ED593060CD56C
:104C10002046BDE8F84002F0A5B82046A16DCBE0E3
:104C2000A16D204688476564F8BD266B2023012EC0
:104C30007ED1C6067CD5D6067AD50868486800902D
:104C400048694FF00206400649D5E26B106840689B
:104C50004FF480770004000C3AD0A18D814237D9FF
:104C6000E085D069B8422DD020680C3050E8001F94
:104C700021F4807140E80012002AF5D12068143038
:104C800050E8001F21F0010140E80012002AF5D190
:104C90002068143050E8001F21F0400140E8001265
:104CA000002AF5D184F84230256320680C3050E8A2
:104CB000001F21F0100140E80012002AF5D1E06B3E
:104CC000FCF7D4FB6663A08DE18D401A81B233E01E
:104CD000A18D8142A8D1D069B8422CD0F8BDA08D59
:104CE000E18D401A81B2E08D0028F7D00029F5D07F
:104CF00020680C3050E8002F22F4907240E8002722
:104D0000002FF5D12068143050E8002F22F0010266
:104D100040E80027002FF5D184F842302563206851
:104D20000C3050E8002F22F0100240E8002300E091
:104D300008E0002BF3D16663E26E01B02046BDE8C7
:104D4000F040104705062BD5150629D594F84100EB
:104D50002128C3D1A068B0F5805F01D12069B0B12E
:104D6000206A411C2162216800784860E08C401E66
:104D70000004000CE084B1D12068C16821F08001FA
:104D8000C1602068C16841F04001C160F8BD206A7F
:104D90000088C0F308004860206A801C2062E5E7B4
:104DA0004006F3D55006F1D5CA68204622F04002ED
:104DB000CA6084F84130E16C01B0BDE8F0400847BA
:104DC000156C020870B5040004D094F84100002569
:104DD00010B10DE0012070BD84F84050204601F074
:104DE0009BFF206F08B9144820670146204688477A
:104DF000242084F841002068C16821F40051C1607A
:104E0000204602F011F82068016921F49041016107
:104E10002068416921F02A0141612068C16841F49C
:104E20000051C1606564202084F8410084F842008C
:104E30006563002070BD00003D4E02082DE9F0477B
:104E400086B0064614216846FBF75BFD364930689C
:104E5000884265D135480024016841F48021016011
:104E6000006800F48020059030481038016841F057
:104E70000201016000684FF4806800F002004FF00A
:104E80000709CDF80080CDE9049003270225039798
:104E9000DFF89CA0CDE9015469465046FDF782F940
:104EA000A802CDE9000502AA012082E88102694634
:104EB0005046FDF777F9204D1E484FF00067E5E8B2
:104EC00002074020A5E811011B4845F81449AC61D0
:104ED000EC612C626C62FCF7F7FB08B1FCF7E4F9BB
:104EE000B563AE63144D1348603530382860C5E9AA
:104EF0000174C5E903486C61AC61EC612C62284621
:104F00006C62FCF7E1FB08B1FCF7CEF9F563002217
:104F100005212720AE63FDF73DFB2720FDF72DFB84
:104F200006B0BDE8F087000000480040403802406D
:104F300000040240586002404C03002090F84230C8
:104F4000202B01D00220704721B11AB10023036346
:104F500001F0F0BF0120704710B500233AB190F87E
:104F60004140202C09D090F841400CB324E0416C22
:104F700041F020014164012010BD0D291CD2DFE861
:104F800001F007090B0D0F1113151B1B1B22240029
:104F9000826416E0C26414E0026512E0426510E02B
:104FA00082650EE0C2650CE002660AE0426608E037
:104FB0000B2908D00C2908D0416C41F02001416434
:104FC0000123184610BD0267FBE74267F9E7704707
:104FD0007047000070B5044690F84100202801D0C9
:104FE000022070BD01B3FAB12162A284E2840020E4
:104FF0006064212384F84130A56B144BEB63A56BEF
:10500000134B2B64A56B134BEB64A36B18652068E3
:105010001346A56B021D2846FCF7C0FB30B11020DB
:105020006064202084F84100012070BD21686FF089
:10503000400008602068143050E8001F41F08001F3
:1050400040E80012002AF5D1002070BD6B6C020808
:10505000A96C02081F6C02087047704702A100206B
:1050600000F008FDFEE700005B666174616C5D2086
:10507000486172644661756C740D0A00F0B50023D6
:105080000A24302537261F4611E000BFB4EB107FFD
:1050900002D905EB107C01E006EB107C01F813C08F
:1050A00001EB430C00015B1C8CF80170DBB29342F6
:1050B000ECD3F0BD38B504460020009063696A4621
:1050C0000121206898476FF00405002825DB6369FB
:1050D0006A4601212068984700281EDB0098400797
:1050E00001D4012038BD63696A46002120689847D1
:1050F000002812DB0098C10408D44FF40451814306
:105100001CD081041CD4C0051CD415E063696A4618
:105110001F2120689847002801DA284638BD0098EA
:10512000C10401D4062038BDC0F38200062805D092
:10513000022805D0052805D0052038BD022038BD3D
:10514000032038BD042038BDF8B5054600200446CC
:1051500006460090686808BBA86800B18047202018
:105160006FF0040728606B696A4612212046984751
:10517000002801DA3E4609E0009800F01F00A04236
:1051800004D100262C601F2C06D809E0641C1F2CBB
:10519000E9D92C681F2C02D96FF0020602E00EB983
:1051A000012068603046F8BD88B1CA687AB18A6863
:1051B0006AB10A695AB10A6882604A68C260CA68FC
:1051C00042618A68026109698161002070474FF07D
:1051D000FF307047194808B5016841F400110160BB
:1051E000016801F400110091016841F4800101603F
:1051F0000068002200F48000009005210C20FDF7DB
:10520000C9F90C20FDF7B9F9002205210E20FDF7A0
:10521000C1F90E20FDF7B1F9002205213820FDF774
:10522000B9F93820FDF7A9F9002205213B20FDF747
:10523000B1F9BDE808403B20FDF79FB93038024086
:1052400010B531F0E9FA13F0ADF9044C044A00212D
:105250002070044822F0CAFE606010BD00000020EB
:10526000D88C0508F16602082DE9F04186B01421BA
:105270006846FBF746FB32480024016841F0100104
:105280000160016801F010010591016841F004011D
:105290000160016801F004010591016841F080019D
:1052A0000160016801F080010591016841F0010190
:1052B0000160016801F001010591016841F00201FE
:1052C0000160016801F002010591016841F04001AF
:1052D000016000681B4F00F040000590002204218F
:1052E0003846FDF757F8DFF860800022402140463D
:1052F000FDF750F80122160231464046FDF74AF804
:1053000004200125CDE900050320CDE902406946CE
:105310003846FCF747FF40200090CDE9015469462C
:1053200040460394FCF73EFF0220CDE90240CDE960
:10533000006569464046FCF735FF06B0BDE8F081E0
:10534000303802400010024000180240094810B5F1
:10535000074901600621416040F6C3118160FDF7F5
:1053600037F8002803D0BDE81040FBF79DBF10BD03
:105370000030004088C201200EB5002108462FF001
:105380004DFB20490020214A0860091D1D4B086083
:10539000091D08330860CDE900021B4902911A1F5C
:1053A000111F1B4822F036F8194822F06FFA1848EE
:1053B00022F084FB1749164822F0C2FA144824212F
:1053C0003830FBF79EFA124813A1383002460160CC
:1053D0004FF480614161102181610D49104822F034
:1053E00005FE0B480AF0DCF90E4828F004FF002205
:1053F0000D494FF47A7028F04DFFBDE80E40094882
:1054000028F00ABF70000020ED4B05087D35030829
:10541000B0CC0120D53303084574684C696E6B002D
:10542000D933030888C00120E54E050810B50A48A5
:105430001BF04DFD0848BC301BF0D2F807481CF0AB
:1054400013FB074814F08FFD064815F0A9FCBDE8D2
:105450001040054819F0B8BA18590120345A0120F3
:10546000685B0120A85C0120D5E90308074910B555
:10547000054808600846FEF790F9002803D0BDE80B
:105480001040FBF711BF10BD00080650F0010020CE
:105490000B4810B50949016000217F22C0E90112C3
:1054A000FF22C0E9032141618161FEF7EFF9002885
:1054B00003D0BDE81040FBF7F7BE10BD0028004048
:1054C00000020020104810B50E4901604FF48271AF
:1054D000416000218160C1604FF400720161C0E948
:1054E00005120822C0E90721416281620A21C162D6
:1054F000FEF79EFB002803D0BDE81040FBF7D4BEAA
:1055000010BD00000030014094C201201CB50024F1
:10551000124800941049019401605321C0E901141C
:1055200040F69F718461C160FFF71CF808B1FBF77A
:10553000BBFE08210948FFF765F908B1FBF7B4FE87
:105540000094694605480194FEF7C4FF002801D085
:10555000FBF7AAFE1CBD0000001400402002002042
:105560000C4810B50A4901604FF416514160002102
:1055700081600C22C160C0E904128161C161FFF742
:1055800021FC002803D0BDE81040FBF78DBE10BD04
:1055900000480040D402002010B501220F491048F5
:1055A00002F028F908B1FBF77FFE0E490C4802F023
:1055B00041FB08B1FBF778FE0B49094801F0AAFE50
:1055C00008B1FBF771FE064802F0B8FB002803D0D3
:1055D000BDE81040FBF768BE10BD000070C101209F
:1055E00080EA0120800100208CC1012002A100205E
:1055F00000F040FAFEE700005B666174616C5D20BC
:105600004D656D4D616E616765206661756C740DE9
:105610000A000000FEE700000148FDF739B900006C
:10562000D85F01202DE9F04103680D4604461E6C49
:1056300003EB4511D1F8080B94F806E04FF400474E
:105640004FF0200C04F29C42BEF1010F09D0DFF8AC
:1056500098E0764539D1020432D500BFC1F8087B05
:105660003FE0224B5FEA007E04D59E4239D9000418
:10567000F4D436E05FEA806E02D5C1F808CB30E0A2
:1056800010F0280F2DD19E4201D90004E6D405EB7D
:10569000C50004EB8000D1F8101BD0F87432C1F3C0
:1056A0001201591AC0F8681200F51570ADB90369F6
:1056B0001BB1C2681144C1600FE0012120680AE0FB
:1056C00080060AD5C1F808CB07E035B9D4F86402E2
:1056D00018B90021184602F0B3FEE9B22046FCF7E3
:1056E000BFFF0020BDE8F0810A31544F0A30544F0B
:1056F0002DE9F84F0E4601EBC60100EB810481460F
:105700000568D4E909101434884202D90120BDE8A3
:10571000F88F081AA168814200D20846C01C870889
:1057200005EB46181BE000BFA0EB010AA06850453E
:1057300000D282460AF10300870899F8060000901B
:105740001FFA8AF3F2B22846E16803F0B7F9E1687C
:1057500001EB0A00E060616901EB0A006061D8F8C2
:10576000180980B2B84205D3D4E90401814201D2BC
:105770000028D9D1D4E90401884208D806F00F01E5
:1057800001208840D5F834188143C5F8341800202A
:10579000BDE7010901EB810100F00F0000EB4100C2
:1057A000C0B27047002102E00A38C0B2491C0A2882
:1057B000FAD2090740EA1160704700002DE9F04174
:1057C000044600680025C168490618D4C16841F044
:1057D0008001C160FCF7E4FD06464FF47A780427A7
:1057E00007E000BFFCF7DCFD801B404501D967776F
:1057F00001252068C068400601D4002DF2D028465B
:10580000BDE8F08170B5044600680025C16821F04C
:105810008001C16020688068800606D42046FEF7BB
:105820004BF910B1042060770125284670BD0000B7
:105830002DE9F04104461548DDF818801D46007832
:1058400016460F46532801D003F076F90F48022C74
:1058500018D2EFF31181502282F3118804EB440235
:1058600000EBC20048302CB1076046608560002222
:105870000261C260C0F81480C8B280F311880020B1
:10588000BDE8F0814FF0FF30FAE70000604C0010F7
:105890002DE9F04104461548DDF818801D460078D2
:1058A00016460F46532801D003F046F90F48022C44
:1058B00018D2EFF31181502282F3118804EB4402D5
:1058C00000EBC20018302CB10760466085600022F2
:1058D0000261C260C0F81480C8B280F31188002051
:1058E000BDE8F0814FF0FF30FAE70000604C001097
:1058F00003F022B92DE9F04705461C4816460C4630
:105900000078532801D003F017F9184905EB45003A
:1059100001EBC007A046D7E91595002448374D454F
:1059200011D9B868441BB44200D334467868224683
:1059300041194046FAF7BEFFB868361B2544A0441B
:10594000A84200D10025A9EB0500B04200D20646CE
:105950003EB17868324641194046FAF7ABFF34440D
:10596000354404B13D612046BDE8F087604C00102D
:105970002DE9F04107460B4815460E46007853289E
:1059800001D003F0D9F8EFF31184502080F311888F
:105990002A463146384600F007F8E1B281F3118813
:1059A000BDE8F081604C001070B50E46144900EB64
:1059B000400001EBC0051446E86A183520B1012803
:1059C0000FD0022805D113E0284603F002F9A042C7
:1059D00001D2002411E022463146284603F0E4FBC0
:1059E0000BE0284603F0F5F8A042F4D20446F2E7B3
:1059F0003146284603F0ABFB0446204670BD00004C
:105A0000604C00102DE9F0410F46194900EB4000B1
:105A100001EBC0041646A16A656AE069183428449F
:105A2000A94217D8A268521B531EB34201D3324673
:105A300014E01944B14219D315463946FAF73AFF32
:105A40002A46761B04D0B91832466068FAF732FF4E
:105A5000E66008E0491B491EB14207D33946FAF710
:105A600029FFA819E0600120BDE8F0810020FBE7D4
:105A7000604C00100FB408B504A900916A46039960
:105A800000F004F801B05DF814FB00002DE9F047C8
:105A9000A8B0814607A8029080204FF0000803902C
:105AA000CDF8108092460C464046CDE9058900BFEE
:105AB00014F8011B002972D0252908D002A803F090
:105AC000FAFA05980028F3DA28B0BDE8F08700203C
:105AD00001212278232A1ED02B2A19D02D2A02D068
:105AE000302A08D102E040F0010001E040F002005D
:105AF000641C0029EDD100212278A2F130030A2B89
:105B00000CD201EB810102EB41013039641CF3E757
:105B100040F00400ECE740F00800E9E70026D2B2CC
:105B200035462E2A19D114F8012F2A2A08D1DAF87D
:105B300000200126131DCAF80030641C15680CE013
:105B40002278A2F130030A2B07D205EB8503012648
:105B500002EB4305641C303DF2E722786C2A0DD03D
:105B6000682A0BD0702A58D00BDC252A61D0582A1D
:105B70002ED0632A0CD0642A5FD111E014F8012FD3
:105B8000ECE7732A33D0752A19D0782A55D11FE053
:105B9000DAF80000011DCAF8001001784AE04EE072
:105BA000DAF80020131DCAF800301668CDE900109D
:105BB0002B460A22314602A803F05EF83DE0DAF8EF
:105BC0000020131DCAF8003016682B460A2207E091
:105BD000DAF80020131DCAF8003016682B46102290
:105BE000CDE90010314602A803F0AAF825E0DAF862
:105BF0000000011DCAF8001007680FB917A700269A
:105C000017F8011BC9B106B1BDB102A803F053FAE0
:105C100005986D1E0028F3DA0FE0DAF8000008227C
:105C2000011DCAF800100168CDE9002813461022B2
:105C3000D9E7252102A803F03EFA641C41E70028B9
:105C40007FF742AF049820B1024607A94846FFF704
:105C50008FFEDDE904100844059035E7284E554CC9
:105C60004C290000084810B50168054B054A084654
:105C700000F04CF8BDE810404FF0805000F0DCBA66
:105C8000A59202085CC905083400002070B5EFF346
:105C90001185502080F311881B48A0F1370401467C
:105CA000626804E042F0800301F8013BD2097F2AD8
:105CB000F8D801F8012BA26805E000BF42F080038C
:105CC00001F8013BD2097F2AF8D801F8012B22699B
:105CD00005E000BF42F0800301F8013BD2097F2AB2
:105CE000F8D801F8012B002201F8012B182203F04B
:105CF0002FF9E8B280F31188606A002802D0BDE86D
:105D00007040004770BD0000DFB701201CB50024C3
:105D10000094019400F002F81CBD00002DE9F84F3A
:105D20001D46DDE90A9A16460F46804600244FF4C8
:105D300080530E4A0EA101200094FFF7A9FD08230D
:105D40000D4A0BA101200094FFF772FD0B480121C1
:105D50004170C0F804800461C0E90274C0E90865BC
:105D6000C0E90A9A0470BDE8F88F0000A8A70120D6
:105D70005379735669657700DC010020A8B70120CC
:105D800010B5EFF31184502080F3118804481122DC
:105D9000014603F0DDF8E0B280F3118810BD000089
:105DA000DFB7012010B50146EFF31184502080F3D6
:105DB00011880B48A0F1370212698A1A014604E0E3
:105DC00042F0800301F8013BD2097F2AF8D801F89C
:105DD000012B082203F0BCF8E0B280F3118810BD5B
:105DE000DFB7012010B50146EFF31184502080F396
:105DF00011880B48A0F1370212698A1A014604E0A3
:105E000042F0800301F8013BD2097F2AF8D801F85B
:105E1000012B042203F09CF8E0B280F3118810BD3E
:105E2000DFB7012010B50146EFF31184502080F355
:105E300011880B48A0F1370212698A1A014604E062
:105E400042F0800301F8013BD2097F2AF8D801F81B
:105E5000012B062203F07CF8E0B280F3118810BD1C
:105E6000DFB701200A4810B5006A48B1006838B1B0
:105E700080470A460146BDE810400D2000F02AB8D0
:105E800004484168BDE810400C2000F005B800004F
:105E9000A8B70120001000E070B50246EFF31184AE
:105EA000502080F311880A48034604E041F0800541
:105EB00000F8015BC9097F29F8D800F8011B0146E9
:105EC000184603F045F8E0B280F3118870BD000079
:105ED000DFB7012070B50546EFF31184502080F341
:105EE00011880F48034604E041F0800600F8016B7A
:105EF000C9097F29F8D800F8011B04E042F08001AD
:105F000000F8011BD2097F2AF8D800F8012B0146BE
:105F10002A46184603F01CF8E0B280F3118870BDE1
:105F2000DFB701202DE9F0410646EFF31184502040
:105F300080F31188154D284605E000BF41F0800729
:105F400000F8017BC9097F29F8D800F8011B04E09B
:105F500042F0800100F8011BD2097F2AF8D800F82E
:105F6000012B04E043F0800100F8011BDB097F2BCB
:105F7000F8D800F8013B01463246284602F0E8FF17
:105F8000E0B280F31188BDE8F0810000DFB70120A6
:105F90002DE9F04117460246EFF31184502080F3BB
:105FA0001188069E194D284605E000BF41F0800C7F
:105FB00000F801CBC9097F29F8D800F8011B04E0DB
:105FC00047F0800100F8011BFF097F2FF8D800F887
:105FD000017B04E043F0800100F8011BDB097F2B0B
:105FE000F8D800F8013B04E046F0800100F8011BFE
:105FF000F6097F2EF8D800F8016B0146284602F01A
:10600000A7FFE0B280F31188BDE8F081DFB701207F
:1060100010B50246EFF31184502080F31188044834
:10602000014602F095FFE0B280F3118810BD000038
:10603000DFB7012070B501461E484468002C38D0F7
:10604000002003E02469002C33D0401C8842F9D39F
:10605000EFF31186502080F31188174D284604E095
:1060600041F0800200F8012BC9097F29F8D800F817
:10607000011BA16805E000BF41F0800200F8012B80
:10608000C9097F29F8D800F8011B8022216802F095
:1060900087FD01461622284602F05AFFF0B280F32F
:1060A0001188002C05D0E068002802D0BDE87040BF
:1060B000004770BDD4010020DFB70120054810B5AE
:1060C0004468002C04D0E06800B180472469F8E7F8
:1060D00010BD0000D401002010B5EFF31184502052
:1060E00080F311880B4A0A480146127805E000BF88
:1060F00042F0800301F8013BD2097F2AF8D801F869
:10610000012B1B2202F024FFE0B280F3118810BDA6
:10611000DFB70120D401002070B5EFF311855021C5
:1061200081F31188074C01468022204602F038FD99
:1061300001460E22204602F00BFFE8B280F31188E0
:1061400070BD0000DFB701202DE9F0410546EFF3F7
:106150001186502080F31188304C2968A4F137074C
:1061600020463A69891A04E041F0800200F8012BC8
:10617000C9097F29F8D800F8011BA96805E000BF0C
:1061800041F0800200F8012BC9097F29F8D800F8F6
:10619000011B2022696802F003FD01460922204606
:1061A00002F0D6FE28683A692146801A05E000BF51
:1061B00040F0800201F8012BC0097F28F8D801F8CF
:1061C000010BE86805E000BF40F0800201F8012BF8
:1061D000C0097F28F8D801F8010B286905E000BF45
:1061E00040F0800201F8012BC0097F28F8D801F89F
:1061F000010B686905E000BF40F0800201F8012B47
:10620000C0097F28F8D801F8010B1522204602F0BA
:106210009FFEF0B280F31188BDE8F081DFB7012066
:106220000448006A002803D04068002800D00047D6
:1062300070470000A8B701200149086170470000BD
:10624000A8B7012001490969401A7047A8B7012081
:106250000A4810B541680A4800F014F8084C606A12
:1062600000B18047FFF7DCFFFFF736FFA06A002888
:1062700002D0BDE81040004710BD0000001000E053
:10628000A8B7012070B5044600780E4608B9002072
:10629000E06001202070EFF31185502080F3118819
:1062A00060780A220849FFF7ADFBE8B280F3118855
:1062B000204602F0EDFE204602F002FE3146204666
:1062C000BDE8704002F0A6BD40C9050810B50548FC
:1062D00000F00AF80348C06A002802D0BDE8104068
:1062E000004710BDA8B701203EB50546EFF3118465
:1062F000502080F311880B208DF8040006480DF122
:10630000050301AA4168284602F08AFEE0B280F344
:106310001188002028703EBD001000E070B5EFF33A
:106320001185502181F311880A4C014680222046B4
:1063300002F036FC012100F8011B002100F8011BCE
:1063400001461A22204602F003FEE8B280F31188CB
:1063500070BD0000DFB701200148FDF7EDBB000074
:1063600094C20120806B0021C187C186016F08475C
:10637000806B01684A6822F003024A60416D41F077
:1063800010014165012180F85110016F0847806BB1
:10639000816E0847806B416E0847806BC16E08476D
:1063A00070B50546846BFBF7FBFF02462868006862
:1063B000C00527D42068416821F020014160A06811
:1063C00018B96068B0F5827F17D02068416821F065
:1063D000010141606421204600F074F808B12020DA
:1063E00060650020E087012084F85100606D48B1AD
:1063F000216F2046BDE8704008472068416821F0C1
:106400000301E6E7E16DF4E738B50546846BFBF779
:10641000C7FF024628680068C00525D42068416887
:1064200021F0200141602068416821F002014160B3
:106430006421204600F074F818B1606D40F020002F
:106440006065A068002118B92068C2688068009063
:10645000E186012084F85100606D28B1216F01B000
:106460002046BDE830400847A16DF8E770B5054605
:10647000846BFBF795FF024628680068C0051FD4AF
:106480002068416821F0200141606421204600F02D
:1064900047F818B1606D40F02000606520684168E1
:1064A00021F0030141600020E086E087012084F8AC
:1064B0005100606D20B1216F2046BDE87040084753
:1064C000216EF9E7F8B5044640684FF482739842AC
:1064D00021D1A0684FF48065B0F5004F01D0A842EB
:1064E0000AD12068066826F0400606606068984277
:1064F00011D1A068A8420ED000920B460022802144
:10650000204600F043F8002804D0606D40F02000E1
:1065100060650320F8BD00920B4600220121EFE7E1
:10652000F8B515460E460B4600920446012202219C
:1065300000F02CF8A0B9134813490068B0FBF1F043
:106540004FF47A71484300906068B0F5827F0DD1B6
:106550003346002280212046009500F017F870B1E4
:10656000606D40F0200060650320F8BD009830B1F8
:10657000401E009020688068C0430006F6D50020C9
:10658000F8BD00003400002000366E012DE9F8430C
:106590001E46914688460446089DFBF701FF401BB6
:1065A000351AFBF7FDFE074626480068C0F3CB30DE
:1065B00068430AE0701C09D0FBF7F2FEC01BA8423A
:1065C0000FD275B10098B8B3401E00902068816862
:1065D00038EA010033D000214945EBD10020BDE865
:1065E000F8832068416821F0E00141606068B0F5FF
:1065F000827F0BD1A068B0F5004F02D0B0F5806F5C
:1066000004D12068016821F040010160A06AB0F562
:10661000005F09D12068016821F400510160206801
:10662000016841F400510160012084F8510000200C
:1066300084F850000320D2E7FFE70025C6E70121D8
:10664000CAE70000340000200178407841EA0020C9
:10665000704700002DE9F8430C46174680461E4659
:10666000052213A12046089DFAF779F900281CD0CD
:10667000114A1068082804D3BDE8F8430F48FFF713
:106680004DBE00EB80010E4B401C43F8218003EB14
:1066900081013346C1E90147C1E9036510603A460B
:1066A00021464046009500F00DF8BDE8F883000053
:1066B00049444C4500000000E4010020C4DE050808
:1066C000BCB801202DE9F04186B00D4604461F46B6
:1066D000164618216846DDF83080FAF712F98DE881
:1066E000F0016846FFF730FD06B0BDE8F08100001C
:1066F0007CB5FEF751FF0DF05DF8020008D03AA11D
:106700000020FFF7B7F944A10020FFF7B3F9FEE737
:106710004DA10020FFF7AEF910F0FCFAFEF72CFEB9
:1067200003F080FF06F08AFB020004D04EA1002097
:10673000FFF7A0F9FEE75C4D012068705BA1002027
:10674000FFF798F906F06EFB0446007801281CD18B
:1067500020690090606901905E4827F04CFD5E4E14
:10676000306808F04BFE04F10C031A1F211D30683D
:1067700021F05CF86946002009F070FD01A90120B4
:1067800009F06CFD534827F047FD54A10020FFF7A6
:1067900071F92A78002A22D058A10020FFF76AF95F
:1067A00065A10020FFF766F96DA10020FFF762F9EF
:1067B00072A10020FFF75EF925F04AFA74A10020CB
:1067C000FFF758F91FF02EF81CF072F977A100209E
:1067D000FFF750F9BDE87C4000202FF04BBF7BA1B4
:1067E0000020FFF747F9DBE75B666C6173682D7487
:1067F0006573745D204641494C3A20696E6974693D
:10680000616C697A6174696F6E2C20726573756C46
:10681000743D25640D0A00005B626F6F745D206536
:10682000787465726E616C20666C61736820696E45
:10683000697469616C697A6174696F6E20666169F7
:106840006C6564700D0A00005B626F6F745D20659B
:10685000787465726E616C20666C61736820726515
:106860006164790D0A0000005B626F6F745D204304
:106870006F6E66696775726174696F6E20536572B9
:106880007669636520696E697469616C697A61749F
:10689000696F6E206661696C65642C207265737522
:1068A0006C743D25640D0A00000000205B626F6F70
:1068B000745D20436F6E66696775726174696F6E8F
:1068C00020536572766963652072656164790D0A8B
:1068D0000000000088C00120B40000205B626F6FE0
:1068E000745D2064656661756C74207461736B20DF
:1068F000737461727465640D0A0000005B626F6FEF
:10690000745D204D616E6167656D656E74207461A4
:10691000736B20696E697469616C697A6174696FFF
:106920006E206661696C65642C20726573756C7489
:106930003D25640D0A0000005B626F6F745D206985
:106940006E697469616C697A696E672065787465CF
:10695000726E616C20666C6173680D0A0000000045
:106960005B626F6F745D20696E697469616C697ACE
:10697000696E67204C7749500D0A00005B626F6FAB
:10698000745D204C7749502072656164790D0A006E
:106990005B626F6F745D20534E5450207365727646
:1069A0006963652072656164790D0A005B626F6FCF
:1069B000745D204D6F6462757320676174657761E3
:1069C000792072656164790D0A0000005B626F6F67
:1069D000745D204D616E6167656D656E74207461D4
:1069E000736B2072656164790D0A000010B54FF079
:1069F000E020006931F05EFF012803D0BDE81040BF
:106A000031F0FCB810BD000030B593B030216846BD
:106A1000F9F777FF14210CA8F9F773FF1E4800253A
:106A2000016841F080510160006800F080501190D1
:106A30001A48016841F4804101600068022400F4B2
:106A4000804011900D2000904FF480300190012083
:106A50000290CDE905048005079004200890A82045
:106A6000CDE9090407200B906846FCF7A1FC70B93A
:106A70000CA90F2081E831004FF4A0500F90E002E4
:106A8000109005210CA8FCF783FB002801D0FAF731
:106A90000BFC13B030BD00004038024000700040D5
:106AA0000448016841F470010160024902488039DC
:106AB0000860704788ED00E0000202080148FDF719
:106AC000FBBD0000D4C301200148FDF7F5BD000067
:106AD00020020020F0B50268274B284D284E294F90
:106AE000294C4FF0804C984209D0604507D0A8420D
:106AF00005D0B04203D0B84201D0A04204D122F068
:106B0000700E4A6842EA0E0298421BD0604519D0C6
:106B1000A84217D0B04215D0B84213D0A04211D02D
:106B20001A4DA8420ED01A4DA8420BD0194DA842BA
:106B300008D0194DA84205D0184DA84202D0184DD2
:106B4000A84203D122F44075CA682A434D6922F055
:106B500080022A438D68C5620D688562984201D023
:106B6000A04201D109690163016841F0040101609B
:106B7000012141610260F0BD0000014000040040BD
:106B800000080040000C00400004014000400140AB
:106B9000004401400048014000180040001C004033
:106BA000002000400D4940F8801F0D4941600D490B
:106BB00081600D49C1600D4901610D4941610D4977
:106BC00081610D49C1610D4901620D4941620D4963
:106BD00081620D49C1620D49016370477548020821
:106BE000894802086D4902086F490208B546020843
:106BF000B7460208014802086F48020871480208B7
:106C0000B3460208CF440208D1440208CD4402082A
:106C1000FBF714BC806B0021C185816D084770B5FE
:106C2000846B2068406994F84110C0F3C0100025BF
:106C3000212904D118B1E584204600F05FF82068CE
:106C4000406994F84210C0F38010222904D118B191
:106C5000E585204600F02BF8606C40F01000606481
:106C60002046A16DBDE8704008470146806B096869
:106C70000968C90516D40021C1840168143151E89E
:106C8000002F22F0800241E80023002BF5D101689B
:106C90000C3151E8002F42F0400241E80023002B64
:106CA000F5D17047C16C0847806B816C084701685B
:106CB0000C3151E8002F22F4907241E80023002BA0
:106CC000F5D10168143151E8002F22F0010241E8AA
:106CD0000023002BF5D1016B012909D101680C318A
:106CE00051E8002F22F0100241E80023002BF5D1DB
:106CF000202180F8421000210163704701680C31A7
:106D000051E8002F22F0C00241E80023002BF5D10A
:106D1000202180F841107047094981640949C16404
:106D20000949016509494165094981650949C16503
:106D300009490166094941660949C1667047000071
:106D40005B50020859500208D14F0208CF4F020889
:106D5000414B0208454A02083F4B0208DB4A020841
:106D60007149020808B590F84210222901D002208A
:106D700008BD82684FF480539A4201D1016921B164
:106D8000816A9A421BD04AB10AE00268816A52685D
:106D9000C2F308020A80816A891C08E0026972B1A4
:106DA0000268526802F07F020A70816A491C81629F
:106DB000C18D491E0904090CC18503D01BE002687E
:106DC0005268F1E70168CA6822F02002CA600168CF
:106DD000CA6822F48072CA6001684A6922F001021E
:106DE0004A61202180F8421000214163026B012A90
:106DF00003D0416D8847002008BD016301680C3154
:106E000051E8002F22F0100241E80023002BF5D1B9
:106E100001680A68D20602D50A6849680091C26E04
:106E2000818D9047E7E7000070B50446006801696E
:106E3000E26821F44051114301612169A068E269CF
:106E400008436169114308432168CA6849F20C6329
:106E50009A430243CA6020684169A26921F44071E3
:106E60001143416131492068884202D0304988424B
:106E700002D1FCF75DFA01E0FCF74AFAE26900236F
:106E8000192164253226B2F5004F626828D0A0FB94
:106E90000101930F9200F9F7F5FA0146B0FBF5F006
:106EA0006FF01802504301EB800006EB0010B0FBBE
:106EB000F5F000F0F002B1FBF5F002EB0012B1FBCF
:106EC000F5F06FF01803584301EB800006EB00105B
:106ED000B0FBF5F000F00F0021681044886070BD31
:106EE000A0FB010192185B41F9F7CCFA0146B0FB17
:106EF000F5F00201B1FBF5F06FF01803584301EB18
:106F0000800006EBC000B0FBF5F000F0F80002EBEB
:106F10004002B1FBF5F0584301EB800006EBC000E6
:106F2000B0FBF5F000F00700D6E7000000100140CC
:106F30000014014081628285C285002141642221C2
:106F400080F84210016921B10168CA6842F4807278
:106F5000CA6001684A6942F001024A610068C1687A
:106F600041F02001C1600020704700000148FDF79A
:106F7000E9BD0000D40200202DE9F0410C46D0F814
:106F8000D412D0F8C82200EB8101D1F8C01229B385
:106F900004F00F0606EB860300EB830500276B6900
:106FA0004BB106EBC60602EB8602D269B3FBF2F6E2
:106FB00002FB1632A2B1C1F81472D0F8D42200EB51
:106FC0008200D0F8C40203692BB1D1F8080222462E
:106FD00001F5047198470020BDE8F0810320FBE72C
:106FE00000231A4621466F6100F005FEF3E770B5F5
:106FF0000546D0F8D40205EB8000D0F8C04294B129
:10700000284600F0D3FCC4F80C02D5F8D412D4F80A
:10701000040205EB8101D1F8C412CA6804F50371BA
:107020009047002070BD032070BD000070B5234D57
:107030000446297800F0FAFB2878002600F00F00BB
:1070400000EB800004EB800080F823606978204624
:1070500000F0ECFB687800F00F0000EB800004EB20
:10706000800080F86361A978204600F0DFFBA878F3
:1070700000F00F0000EB800004EB800080F823603C
:10708000C661D4F8D40204EB8000D0F8C01299B1E4
:10709000D0F8C40240688047D4F8D40204EB8000E2
:1070A000D0F8C00200F0CEFFD4F8D40204EB800088
:1070B000C0F8C062C4F8BC62002070BDA0C101204D
:1070C00010B5D0F8D41200EB8100D0F8C04284B1E2
:1070D000D0F8C41259B194F80002FF2807D08B6889
:1070E00094F8012221469847FF2084F800020020EE
:1070F00010BD032010BD00000A2101800048704728
:10710000A4C1012070B5064682210C4800F08DFA1A
:1071100005460121094800F088FA04468121074804
:1071200000F083FA0DB11021A971402104B1A180B2
:1071300000B1818043203080004870BDB0C1012083
:1071400070B5064682210D4800F06FFA0546012110
:107150000A4800F06AFA04468121084800F065FAFE
:107160000DB11021A9714FF4007104B1A18000B1DB
:10717000818043203080014870BD0000B0C10120F3
:1071800070B5064682210C4800F04FFA05460121F1
:10719000094800F04AFA04468121074800F045FA00
:1071A0000DB11021A971402104B1A18000B18180ED
:1071B00043203080004870BDB0C101202DE9F04768
:1071C00004464FF40775284600F03EFF06004FF0D6
:1071D000000865D02946F9F794FBD4F8D4023E4D57
:1071E00004EB80004FF01009C0F8C062C4F8BC6224
:1071F000207C4FF4007A0127E8B34023022229784B
:10720000204600F042FC2878402300F00F0000EBFD
:10721000800004EB800080F8237002226978204609
:1072200000F033FC6878082300F00F0000EB8000CA
:1072300004EB8000032280F86371A978204601F0F6
:107240000F0101EB810104EB8101C1F81C90A978C9
:1072500000F01BFCA87800F00F0000EB800004EBAE
:10726000800080F82370C6F80482D4F8D402474620
:1072700004EB800000E01BE0D0F8C40206F50176C4
:10728000006880473761776132687AB1207C00B34B
:1072900040236978204600F004FC0020BDE8F08718
:1072A000D4F8D41204EB8101C1F8C0820220F5E7C2
:1072B000534602222978204600F0E7FB28785346FF
:1072C00000F00F0000EB800004EB800080F82370DA
:1072D000A3E75346DDE70000A0C1012010B5D0F8B8
:1072E000D41200EB8101D1F8C01259B1027C084CD4
:1072F000002AD1F8042207D04023617800F0D1FBA6
:10730000002010BD032010BD4FF40073F5E700000E
:10731000A0C1012039B1D0F8D42200EB8200C0F81E
:10732000C4120020704703207047D0F8D42200EB2D
:107330008200D0F8C00218B1C0F8041200207047D3
:1073400003207047D0F8D43200EB8300D0F8C0029D
:1073500028B1C0F81022C0F808120020704703209E
:1073600070472DE9FC410646D0F8D4020C4606EBE6
:1073700080000021D0F8C0728DF80010ADF8041024
:107380000D4637B1217811F060022FD0202A4BD161
:1073900002E00320BDE8FC81E288F2B109060DD5C8
:1073A000D0F8C40263783946D0F808C01846E047E0
:1073B000E288072A00D9072239462DE0607887F84D
:1073C0000002E088402800D34020C2B287F80122A2
:1073D0003946304600F081F82BE0D0F8C4026378DB
:1073E0000022866821461846B04722E0607830B116
:1073F00001281ED00A2809D00B2815D110E096F8D4
:107400009C02032810D1022201A905E096F89C02F3
:10741000032809D101226946304600F07AF808E0D5
:1074200096F89C02032804D02146304600F04AF822
:1074300003252846AEE7000010B5D0F8D41200EBC3
:107440008101D1F8C02201211AB1D2F8143213B14E
:1074500016E0032010BD0121C2F814120949D2F828
:107460001032097801F00F0404EB840400EB84046B
:107470006361D2F81032D2F8082200F0BCFB002180
:10748000084610BDA0C1012010B5D0F8B8220024D4
:107490005268904700B10324204610BD0020704779
:1074A00000207047134610B50A46002100F0F9FA93
:1074B000002010BD134610B50A46002100F09BFBCA
:1074C000002010BD10B50446802100F075FB204659
:1074D000BDE81040002100F06FBB10B50323C0F8D9
:1074E0009432C0F85421C0F858211346C0F86411F2
:1074F0000A46002100F0D5FA002010BD10B5052184
:10750000C0F8941200231A46194600F0CAFA002067
:1075100010BD10B50223C0F8943242618261134657
:1075200041620A46002100F066FB002010BD10B544
:107530000421C0F8941200231A46194600F05BFBA0
:10754000002010BDF8B504460020ADF800004888C2
:107550000D46010A08295FD2DFE801F05E04091731
:107560005E5E3C45D4F8B412207C0A6819E0207CA9
:1075700002260028D4F8B80205D0C16A68468847B8
:107580000146467039E0816AF8E7C0B2062843D266
:10759000DFE800F0030A1014181CD4F8B4024268A3
:1075A00005E0694690471CE0D4F8B402826892B3C3
:1075B000207CF6E7D4F8B402C268F8E7D4F8B40245
:1075C0000269F4E7D4F8B4024269F0E7D4F8B402EF
:1075D0008269ECE7207CF0B9D4F8B802416B6846C8
:1075E0008847014609E0207CA8B9D4F8B802016BAD
:1075F00068468847014607204870EA888AB1BDF886
:10760000000040B1824200D90246ADF80020204679
:10761000FFF77FFFF8BDFFE729462046FFF752FF3F
:10762000F8E72046FFF783FFF4E778B50E46428877
:107630000178002504468A4212D9ADF800100AE00C
:10764000694600F019F84178052904D1817805468A
:10765000B14205D000256188BDF800209142EFD8E5
:10766000284678BD0146002002E0401CC0B2491CFB
:107670000A78002AF9D170470A8803781A440A80E8
:1076800001780844704770B516460D46002820D092
:107690000446FFF7E7FF022101EB40014FF40070C1
:1076A000814204D82046FFF7DDFF4000801C308077
:1076B00030782870032068700220002206E02954E8
:1076C000401CC0B22A54401CC0B2641C217800295E
:1076D000F5D170BD01004FF0000004D0012901D0A8
:1076E000022901D0032070470120704710B50A46D7
:1076F000024903A0FFF7C7FF004810BD5CED012061
:107700004D616E6167656D656E742043444320432F
:107710006F6E66696775726174696F6E0000000054
:1077200012200880004870475001002010B50A461A
:10773000024903A0FFF7A7FF004810BD5CED012040
:107740004D616E6167656D656E74204344432049E9
:107750006E74657266616365000000000420088035
:10776000004870474C01002010B50A46024903A0AA
:10777000FFF789FF004810BD5CED01205469616E80
:1077800066616E670000000010B50A46024903A05A
:10779000FFF779FF004810BD5CED01204D6F64627A
:1077A00075732047617465776179204D616E6167FB
:1077B000656D656E7420506F7274000010B51A20EC
:1077C00008800A480168001D0468001D0068081848
:1077D00009D008220649FDF751FC05490422103161
:1077E0002046FDF74BFC0248801E10BD107AFF1F9B
:1077F0006601002078B10023C0F8B832C0F8C43266
:10780000C0F8D03209B1C0F8B412012180F89C123E
:10781000027000F0CFB80320704710B5D0F8C8024E
:10782000FAF760FFBDE81040FFF754BF10B5D0F87D
:10783000C802FAF732FFBDE81040FFF74BBF70B542
:107840000446002521B194F89C02032846D050E05C
:10785000D4F8941204F11400022939D181894268C4
:107860008A420AD9511A4160828901691144016131
:1078700042682046FFF71EFE0FE0914214D10068D7
:10788000884211D3D4F8981288420DD200221146B2
:107890002046FFF70FFEC4F8985200231A461946F7
:1078A000204600F0FEF813E094F89C02032808D16B
:1078B000D4F8B802C16821B1C4F8D452C1682046D6
:1078C00088478021204600F077F92046FFF716FE12
:1078D00094F8A00268B184F8A0520AE0D4F8B80283
:1078E000426932B1C4F8D452426920469047002818
:1078F00000D1002070BD10B50446002221B194F8DB
:107900009C02032834D03EE0D4F8941204F5AA7007
:10791000032938D1818943688B420ED9591A4160B5
:10792000828901691144016142688089824200D8DC
:1079300002462046FFF7B6FD25E094F8AA0210F0B3
:107940001F0003D0012802D0022800D0002294F8A2
:107950009C02032808D1D4F8B802016921B1C4F807
:10796000D4220169204688472046FFF7E0FD0AE05F
:10797000D4F8B802836933B1C4F8D42282692046AE
:107980009047002800D1002010BD0020704710B59E
:107990000024012180F89C12D0F8B82222B152684C
:1079A0000179904700B10324204610BDD0F8C802E9
:1079B000FAF7C5BE10B50178012929D1154902226F
:1079C000C1F8E004C0F8C812134808600620087126
:1079D000CA71002088714A728872C87208738873ED
:1079E000C87308740846FBF709FA08B1F9F75CFC9C
:1079F0004FF400710748FAF700FE80220021054885
:107A0000FAF7FFFD4FF4BA7201210248FAF7F9FDC7
:107A1000002010BDD85F0120000004400A0601F0DC
:107A20007F01D0F8C80201EBC10100EB810001D554
:107A3000807D704790F85602704710B5D0F8D42278
:107A400000EB8202D2F8B82222B190F89C32032BCC
:107A500002D004E0032010BD126A02B1904700205A
:107A600010BD10B5D0F8D42200EB8202D2F8B822B3
:107A700022B190F89C32032B02D004E0032010BD09
:107A8000526A02B19047002010BD10B51C46134643
:107A9000D0F8C8022246FAF75BFEBDE81040FFF7B7
:107AA00019BE10B5D0F8C802FAF783FEBDE8104041
:107AB000FFF710BE2DE9F04100260125044680F8AD
:107AC0009C52C4F894626660C4F8A46280F8A06214
:107AD000D0F8B80230B1426822B100212046904768
:107AE00000B103260022402311462046FFF7CDFFB8
:107AF000402784F86351A4F860713B46002280213E
:107B00002046FFF7C2FF84F8235027843046BDE8A3
:107B1000F08190F89C12042903D190F89D1280F80E
:107B20009C120020704710B590F89C12032905D1D3
:107B3000D0F8B81211B1C96901B18847002010BD51
:107B400001740020704710B5D0F8C802FBF716FA90
:107B5000BDE81040FFF7BEBD70B5044600F2AA2094
:107B6000054600F051F80120C4F89402B4F8B002C0
:107B7000C4F8980294F8AA0210F01F010AD0012953
:107B80000ED0022912D000F080012046BDE87040DE
:107B900000F012B829462046BDE8704000F0D0B889
:107BA00029462046BDE8704000F013BA2946204619
:107BB000BDE8704000F05AB910B5D0F8C802FAF725
:107BC00014FEBDE81040FFF785BD10B5D0F8C8021F
:107BD000FBF7EEF9BDE81040FFF77CBD90F89C1272
:107BE000042903D090F89C1280F89D12042180F89B
:107BF0009C120020704710B5D0F8C802FAF72EFE8C
:107C0000BDE81040FFF766BD70B5054611F8010BE1
:107C10002870087868704C1C2046FEF715FD6880B7
:107C2000A41C2046FEF710FDA880A01CFEF70CFD4A
:107C3000E88070BD38B504460020ADF80000A1B161
:107C4000C4F8B812D4F8D40204EB8000D0F8B8021B
:107C5000C16A19B168468847C4F8D002D4F8D8027E
:107C6000401CC4F8D802002038BD032038BD0246AD
:107C70000020D2F8B832002B02D01B6810461847FB
:107C8000704700002DE9F04188462B4E8978002589
:107C900004463170012906D941462046FFF712FCFF
:107CA0000320BDE8F08194F89C02022702280CD042
:107CB00003281DD041462046FFF704FC31782046BA
:107CC000FFF7E2FB03252846EBE789B32046616016
:107CD000FFF7CDFF050004D041462046FFF7F2FB39
:107CE0001DE02046FFF723FC032084F89C02EAE70E
:107CF000C1B1606888421BD0C1B22046FFF7C4FB07
:107D0000317820466160FFF7B2FF050010D0414690
:107D10002046FFF7D7FB21792046FFF7B5FB84F813
:107D20009C72D0E784F89C7220466160FFF7ACFB40
:107D30002046FFF7FCFBC6E77E010020FFF745BFAA
:107D40002DE9F0410A78002512F060020CD0202ABB
:107D500001D0402A7DD1D0F8D42200EB8202D2F8A3
:107D6000B8229268904731E04B78002201260A2B16
:107D70006FD2DFE803F041666E586E08056E2D295C
:107D8000FFF7E0FB67E004468888D8B9C888C8B91F
:107D90004888802816D200F07F0794F89C020328B8
:107DA00010D084F89E7239462046FFF7CCFE20465C
:107DB000FFF7BDFB1FB1022084F89C024BE084F862
:107DC0009C6248E0204644E0FFF75CFF054642E045
:107DD000CB88012B3DD190F89C32012B04D0022B93
:107DE00002D0032B35D104E08260012200F10801AA
:107DF00016E00122011D13E090F89C22012A03D015
:107E0000022A01D0032A24D1CA88022A21D1C660BD
:107E1000D0F8A41209B10321C160022200F10C01C3
:107E2000FFF777FB17E04A88012A02D0022A03D025
:107E30000FE0C0F8A46216E08988090A80F8A01251
:107E400011E090F89C32012B08D0022B06D0032BB6
:107E500004D0FFF737FB2846BDE8F08149880129A7
:107E6000F9D1C0F8A422FFF762FBF4E72DE9F04155
:107E7000054608780C790E464FF0000810F06000B7
:107E80000BD0202801D040286BD121462846FFF78F
:107E900005FBFF2800D0D8B398E07078C8B301285C
:107EA00024D003285DD195F89C02022802D0032833
:107EB00057D10CE0002C54D0802C52D021462846BB
:107EC000FFF77AFE80212846FFF776FE7EE0708875
:107ED00040B93CB1802C05D0C88818B92146284645
:107EE000FFF76AFE2846FFF722FB6FE095F89C0239
:107EF0000228DFD0032866D1708888BB600603D0D3
:107F000021462846FFF789FC2846FFF710FBBCE70F
:107F100000E00AE0C5F8D402D5F8B8028268FAB1E8
:107F2000314628469047804650E095F89C0200274D
:107F3000022802D0032846D114E00CB1802C42D193
:107F4000200604F07F0000EB800005EB800101D5E6
:107F5000143101E001F5AA71022201F80E7F2EE032
:107F600034E030E0200604F00F0000EB800005EB69
:107F700080000AD590F8230028B304F07F0000EBBE
:107F8000800005EB800614360AE090F86301D0B15A
:107F900004F07F0000EB800005EB800606F5AA7672
:107FA0004CB1802C07D021462846FFF737FD10B191
:107FB0000120B07300E0B773022206F10E012846DB
:107FC000FFF7A7FA02E02846FFF77CFA4046BDE833
:107FD000F08170B50546087800240E4610F0600068
:107FE00003D0202801D0402827D195F89C020128F1
:107FF00003D0022801D003281FD1B088C1B20129C3
:108000001AD8C1B22846FFF74BFAFF280CD058B94E
:10801000D5F8B8128A683AB1C5F8D4028A683146F0
:1080200028469047044600E00324F088204307D107
:108030002846FFF77CFA03E031462846FFF742FA6C
:10804000204670BD7047000000487047B85D0120B1
:1080500070B50A78012302F00F054E78AB401B4C37
:10806000D0F81C58012E17D045EA0343C0F81C383D
:1080700000EB4210D0F8002B12040BD4D0F8002BE8
:108080000B890979C3F30A031A4344EA81410A437D
:10809000C0F8002B002070BD9BB21D43C0F81C58D7
:1080A00000EB4210D0F800391B04F3D4D0F80039AB
:1080B0000D890979C5F30A0589042B4341EA8251E8
:1080C0000B432343C0F80039E4E7000000800010B0
:1080D000D0F800196FF30A01C0F80019D0F804189D
:1080E00041F48071C0F804180020704770B50D4647
:1080F0000446C2F3072104981E4601291BD0E068FC
:1081000040F04000E060204600F032F8C6F307215E
:108110000029A16B26D021F48031A163C5F307416A
:10812000012907D1A16841F00601A160A16841F0D1
:108130002001A16070BDA16B21F48031A163E168D1
:108140000A4A1140E160E16821F44011E160C0B2E7
:10815000012803D1E06840F48010E060204600F080
:1081600007F8DBE741F48031D7E70000BFFFBDFF30
:1081700008B5002100914FF07061009A521C0092E6
:108180008A4210D80269002AF7DA0A220092521EA7
:108190000092FCD1026942F001020261009A521C75
:1081A00000928A4201D9032008BD0269D207F5D1A5
:1081B000002008BD30B54C780A78012300EB42124C
:1081C000012C2CD0D2F8004B002C0BDAD2F8004B4B
:1081D00044F00064C2F8004BD2F8004B44F08044F5
:1081E000C2F8004BD0F83C580C7804F00F0403FAA6
:1081F00004F425EA0444C0F83C48D0F81C48097847
:1082000001F00F018B4024EA0341C0F81C18D2F89A
:10821000000B19490840C2F8000B002030BDD2F80D
:108220000049002C0BDAD2F8004944F00064C2F88F
:108230000049D2F8004944F08044C2F80049D0F81F
:108240003C480D7805F00F0503FA05F5ADB2AC43D7
:10825000C0F83C48D0F81C48097801F00F018B4069
:1082600099B28C43C0F81C48D2F800090349084071
:10827000C2F80009D1E700000078F3EF007833EC92
:10828000D0F8001E21F00301C0F8001ED0F8041839
:1082900021F00201C0F8041800207047D0F8001E39
:1082A00021F00301C0F8001ED0F8041841F00201CB
:1082B000C0F80418002070472DE9F04F00250E4645
:1082C000044617462846294604EB8002C2F80411EA
:1082D000401C0F28F8D3C3F307405FEA000920468B
:1082E00016D0806B20F40012A263A06B40F4002231
:1082F000A263084688462146C4F8000EC7F307204B
:10830000012817D00846D1F8001841F0030118E001
:10831000D0F8040840F00202C4F80428A06B40F42E
:108320000012A263A06B20F40022A263A06B20F4D1
:108330008022DDE7300E0846D1F8001801D041F068
:108340000101C0F80018102100F08BFA00B10125DE
:10835000204600F06AFA00B101254046C4F81088B2
:10836000C4F81488C4F81C8800214FF0006B4FF04B
:10837000904E4FF67F3AF2B215E000BF04EB411386
:10838000D3F800C9BCF1000F06DA11B1C3F800E957
:1083900004E0C4F800B901E0C3F80009C3F810090B
:1083A000C3F808A9491C8A42E8D8002115E000BF9B
:1083B00004EB4113D3F800CBBCF1000F06DA11B186
:1083C000C3F800EB04E0C4F800BB01E0C3F8000B05
:1083D000C3F8100BC3F808AB491C8A42E8D8D4F89C
:1083E000101821F48072C4F81028A0616FF080404A
:1083F0006061C6F3074018B9A06940F01000A061A1
:10840000A0690A490843A061C7F3074018B1A069F1
:1084100040F00800A061B9F1010F03D1A06904493F
:108420000843A0612846BDE8F08F000000383C807A
:1084300004000040816821F0010181600020704744
:1084400010B5036C134CA34203D9D0F8003B002BAA
:108450001EDB0023C0F8103BD0F8103B43F4002390
:10846000C0F8103BD0F8103B43F01803C0F8103BA5
:10847000D0F8103B43F0C043C0F8103B012907D1AE
:10848000C0F8142BD0F8001B41F08021C0F8001B6D
:10849000002010BD0A30544F4A780B78012A00EBB7
:1084A00043100BD0D0F8002B22F40012C0F8002BA0
:1084B0000979032914D0022912D017E0D0F8002935
:1084C00022F40012C0F800290979032901D00229F9
:1084D0000CD1D0F8001941F08051C0F8001905E026
:1084E000D0F8001B41F08051C0F8001B00207047FD
:1084F0000A784B78D1B200EB4110012B12D0D0F8A2
:10850000001B002906DB2AB1D0F8001B21F08041B6
:10851000C0F8001BD0F8001B41F40011C0F8001B8C
:1085200000207047D0F80019002906DB2AB1D0F8E6
:10853000001921F08041C0F80019D0F8001941F469
:108540000011C0F80019EBE7F8B50C784F788B4DA7
:10855000E3B26FF0604600EB4313012F29D0D3F84C
:10856000107B6FF31207C3F8107BD3F8107B2F40FA
:10857000C3F8107B002C7DD00D69002D7BD08C685A
:1085800025446D1EB5FBF4F5ADB26C430C62D3F817
:10859000104B06EAC5452C43C3F8104BD3F8104BDB
:1085A0000D6AC5F312052C43C3F8104B012A70D095
:1085B000CBE00F69EFB1D3F810796FF31207C3F86E
:1085C0001079D3F810792F40C3F810790CB30F69E4
:1085D0008D682F447F1EB7FBF5F5D3F81079ADB247
:1085E00006EAC5463743C3F810790E79012E1CD030
:1085F0002AE0D3F810692E40C3F81069D3F8105957
:1086000045F40025C3F81059D3F810596FF312053B
:1086100020E00E698D68AE4200D90D61D0F8105986
:1086200045F40026C0F810690EE0D3F8106926F072
:10863000C046C3F81069D3F810694FF0C04707EA85
:1086400045752E43C3F81069D3F810590E69C6F367
:1086500012063543C3F81059012A1BD000EB44130E
:10866000D3F8004944F00444C3F800490C79012CC4
:1086700031D001E044E057E00A695AB3D0F8342819
:10868000097801F00F03012199400A43C0F834280A
:1086900071E056E0CA691AB100EB4413C3F814291B
:1086A000097901290ED1D0F80818C90500EB441149
:1086B000D1F8002902D442F0005201E042F0805289
:1086C000C1F8002900EB4410D0F8001941F0044132
:1086D000C0F800194FE0D0F80848E405D3F8004985
:1086E00002D444F0005401E044F08054C3F800493F
:1086F00000920A8A93B20A78C96800F0DFF93AE07A
:108700000C690CB18C680C618C680C62D0F8105B41
:10871000C4F312042543C0F8105BD0F8104B44F4A6
:108720000024C0F8104B41E7D3F8104B8D68C5F317
:1087300012052C43C3F8104BD3F8104B44F400241B
:1087400032E7CA680AB1C3F8142B097901290CD1A0
:10875000D0F80808C005D3F8000B02D440F0005050
:1087600001E040F08050C3F8000BD3F8000B40F05C
:108770000440C3F8000B0020F8BD0000FFFF07E035
:1087800038B50022009213464D780A7842F21074F0
:1087900000EB4212012D19D0D2F8005B002D3CDA1B
:1087A000D2F8005B45F00065C2F8005B0A7800EB88
:1087B0004212D2F8005B45F08045C2F8005B009A97
:1087C000521C0092A24221D9012326E0D2F800597E
:1087D000002D22DAD2F8005945F00065C2F80059A0
:1087E0000A7800EB4212D2F8005945F08045C2F8F1
:1087F0000059009A521C0092A242E5D80A7800EB78
:108800004212D2F80029002AF3DB06E00A7800EBD6
:108810004212D2F8002B002AD1DB184638BD8168FD
:1088200041F0010181600020704708B500214FF040
:1088300070620091009B5B1C009393420AD803690D
:10884000002BF7DA0091102101610099491C009179
:10885000914201D9032008BD0169C906F5D4002061
:1088600008BD18B500224FF070630092009C641C94
:1088700000949C420CD80469002CF7DA0092202264
:1088800042EA811101610099491C0091994201D984
:10889000032018BD01698906F5D4002018BDD0F861
:1088A000080810F0060004D0022803D0062801D0E2
:1088B0000F20704702207047406900F001007047A8
:1088C000D0F81818D0F81C08084080B27047D0F8CB
:1088D0001818D0F81C080840000C704710B5D0F8E4
:1088E0001038D0F8342801F00F0400EB4110E240BA
:1088F00002F00102D0F8080943EAC212104010BD8C
:1089000000EB4111D1F8081BD0F81408084070475B
:10891000416980690840704730B5034608469408AD
:1089200002F00301002203F5805303E01D6840F8C4
:10893000045B521CA242F9D300290BD01C68002210
:10894000D50024FA05F3491E521C090400F8013B26
:10895000090CF5D130BD70B50446C068002520F083
:10896000C040E060012901D079B120E0E06840F02A
:108970000050E0600A20F8F749FF60690A3510F0FE
:10898000010F10D1C82DF5D30DE0E06840F0804014
:10899000E0600A20F8F73AFF60690A3510F0010F2D
:1089A00001D0C82DF5D3C82D01D0002070BD012005
:1089B00070BDD0F8002822F4FE62C0F80028D0F87C
:1089C00000284FF4FE6303EA01110A43C0F80028AF
:1089D00000207047022A3ED1264A274B0A449A4279
:1089E00001D20F2138E0254A254B0A449A4201D290
:1089F0000E2131E0234A244B0A449A4201D20D2130
:108A00002AE0224A224B0A449A4201D20C2123E056
:108A1000204A214B0A449A4201D20B211CE01F4AF2
:108A20001F4B0A449A4201D20A2115E01D4A1E4BEF
:108A30000A449A420FD31D4A1D4B0A449A4201D25E
:108A4000082109E01B4A11441B4A914201D2072127
:108A500002E0062100E00921C26822F47052C260DF
:108A6000C2684FF4705303EA81210A43C2600020B8
:108A700070470000405327FF00350C00401E1BFFCD
:108A800040420F0000DC0BFF804F1200808CF9FE8B
:108A900020D6130060B6E5FE60E3160000D3CEFEDC
:108AA00040771B00C05BB3FEC091210000CA91FE5D
:108AB00020753800E05459FEE09C410010B5029C3E
:108AC00074B9DB1C9C0800EB0230002300F58050D9
:108AD00004E000BF51F8042B02605B1CA342F9D3F1
:108AE000002010BD02A10020FCF7C4FFFEE700003B
:108AF0005B666174616C5D20557361676546617585
:108B00006C740D0A0000000010B504460848844249
:108B10000DD10848C16E006F814208D0A0780028AE
:108B200005D10120A07000F05FF80020A07010BDFA
:108B3000A8B70120604C001010B5134C78212046D6
:108B4000F7F7DFFE02202061606110A0A06104F150
:108B50007800E0614FF4805020620020A0626062E3
:108B6000E0620AA1A1640C49E16410212165A065BD
:108B70006065E065094900BFC0F10F028A5C2254BC
:108B8000401C1028F8D310BD604C00105465726D65
:108B9000696E616C00000000D85C0010FCC805081C
:108BA00030B531B10346401C0C46802A09D97F22DA
:108BB00009E0002100F8011B30BD00BF00F8015B97
:108BC000491C521E02D30D78002DF7D1091B1970D4
:108BD00030BD0269C1688A4203D88068401A1044D7
:108BE00000E0501A401E704708B501226946104641
:108BF000FCF780FE00281CD09DF80000052825D039
:108C000008DC012816D0022817D0032818D0042821
:108C100008D118E006281CD007281DD07F2808D0CE
:108C200080281CD0802804D3012269461046FCF716
:108C300061FE08BDFDF70CFB08BDFDF747FB08BD55
:108C4000FDF710F908BDFDF7EBFA08BDFDF71EF8BA
:108C500008BDFDF741FA08BDFDF730FA08BD012255
:108C600069461046FCF746FE0028F7D09DF8000044
:108C7000FDF7E0F908BD00002DE9FC5F0E0081461C
:108C8000DDE90C47C6F1000098469346824600D4C1
:108C90000846012503E000BF90FBFBF06D1C584522
:108CA000FADAA84500D9454624B1002E01DB780741
:108CB00000D5641EB80702D5B8F1000F0FD0F80731
:108CC0000DD164B1A5420AD220214846641E00F0AD
:108CD000F2F9D9F80C000028F3DABDE8FC9FD9F8C6
:108CE0000C000028F9DB002E02DA56462D2102E0A6
:108CF000780707D52B21484600F0DDF9D9F80C009C
:108D00000028EADB07F0030002280FD1B8F1000FBA
:108D10000CD15CB1A54209D230214846641E00F056
:108D2000CAF9D9F80C000028F3DAD6E7CDE90047F4
:108D300043465A463146484600F002F8CDE7000067
:108D40002DE9F84F8246DDE90A4B01269846914607
:108D50000D460846374602E0B0FBF9F07F1C484557
:108D6000FAD2B84500D947465FEACB7017D1B4B103
:108D70005FEA8B7002D5B8F1000F02D0202000907E
:108D80000BE03020FBE75046641E009900F093F999
:108D9000DAF80C00002838DB0CB1A742F3D3DAF87C
:108DA0000C00002831DB00BFB8F1010F02D9A8F197
:108DB000010803E0B5FBF6F0484502D306FB09F6CF
:108DC000F2E7DFF84C8000BFB5FBF6F000FB16556C
:108DD00018F80010504600F06EF9DAF80C00002880
:108DE00003DBB6FBF9F6002EEED15FEACB700CD0B8
:108DF000002C0AD0A74208D220215046641E00F061
:108E00005AF9DAF80C000028F2DABDE8F88F000011
:108E10000DC905082DE9F04385B089460646EFF3F4
:108E20001187502080F31188234DDFF8908001AC2A
:108E3000286AD0B10068C0B18047234605E000BF72
:108E400040F0800203F8012BC0097F28F8D803F80E
:108E5000010B04E041F0800003F8010BC9097F29F0
:108E6000F8D803F8011B0D2016E0D8F80400AE4234
:108E700005D0696819B17268B2FBF1F14843234625
:108E800005E000BF40F0800103F8011BC0097F2806
:108E9000F8D803F8010B0C20621EAE42107001D10D
:108EA000D8F804903046494600F0BAF8F8B280F39A
:108EB000118805B0BDE8F083A8B70120001000E0DC
:108EC00070B588B0EFF31184502181F3118801AAA5
:108ED0001346416805E000BF41F0800503F8015BDF
:108EE000C9097F29F8D803F8011B816805E000BF94
:108EF00041F0800503F8015BC9097F29F8D803F820
:108F0000011B016905E000BF41F0800503F8015B2A
:108F1000C9097F29F8D803F8011B002103F8011BB8
:108F2000991A7F2907D9CD09561E41F08001357065
:108F300002F8021D01E002F8011D182102F8011DCE
:108F4000C16800F06DF8E0B280F3118808B070BD20
:108F5000F0B41446202A09D22F4AD3690122A24034
:108F6000134203D0F0BC2C48FFF7CEBDE3B2182C5F
:108F700001D2421E0FE00A1A7F2A07D9D509461EE0
:108F800042F08002357000F8022D01E000F8012D5A
:108F90007F2C02D2421E137036E0E2B242F080050E
:108FA000B4F5804F04D2E209431E801E1A7029E0F6
:108FB000802343EAD412D6B2B4F5001F06D2431E72
:108FC000A20B1A70821EC01E16701BE0802242EA9D
:108FD0009432D2B2B4F1805F08D2630D441E237084
:108FE000831E1A70C21E001F16700BE0270F43EA83
:108FF0005453841E00F8017C2370C31E1A70021F94
:10900000401F16700246057004480B464068F0BCCD
:109010000146014800F004B8A8B70120001000E0A4
:109020002DE9F0410546007800271C4690460E4683
:10903000012808D010B3022805D1284600F05AF8BC
:10904000287801281ED10EB1E86810B1E868321AFC
:1090500007E00022EE6006E042F0800004F8010B19
:10906000D2097F2AF8D804F8012BA4EB080268780B
:109070004146FCF7C7FC070001D0EE6002E028780B
:10908000401C28702846FFF73FFD3846BDE8F081B8
:109090003EB5EFF31184502181F311880A218DF838
:1090A00004100DF1050301AAC168FFF7B9FFE0B292
:1090B00080F311883EBD10B50446D4E90130421C4E
:1090C000934205D323681954A260E068401CE06015
:1090D000D4E90102824209D121682069FCF748FCE9
:1090E000A168884203D04FF0FF30E06010BD00203F
:1090F000A06010BD3EB5044601200D468DF800006D
:1091000069464A1C606904E040F0800302F8013BB4
:10911000C0097F28F8D802F8010BE068281A04E09B
:1091200040F0800302F8013BC0097F28F8D802F81C
:10913000010B521A6078FCF765FC20B1E5602178DC
:10914000491E21703EBD6169491C61613EBD2DE92A
:10915000F047C4681746894606464FF00008306954
:10916000A04201D9051B02E0B168201A0D1AB068AF
:109170006D1E001BA84200D80546BD4200D33D46E7
:1091800070682A4620444946F7F794FBB0687F1B75
:109190002C44A844A944A04200D10024F460002F2C
:1091A000DDD14046BDE8F0872DE9F0410446884610
:1091B000D4E90207C51BE168606816460844B54259
:1091C00006D94146F7F776FBB819E060BDE8F081B3
:1091D0002A464146F7F76EFB761B08EB050132463F
:1091E0006068F7F767FBE660F0E700000FB4054B37
:1091F00010B503A9044A029800F09EF810BC5DF86F
:1092000014FB0000993B030800C201200FB47CB599
:109210000C0009AD01D0611E00E00021CDE9000184
:10922000064B6A462946089800F086F8002C02D0C2
:10923000009A002111707CBC5DF814FB8F97020826
:109240000907090E002804DB00F1E02080F8001473
:10925000704700F00F0000F1E02080F8141D704707
:1092600000487047E801002002E008C8121F08C14A
:10927000002AFAD170477047002001E001C1121F97
:10928000002AFBD1704770B52FF028FB4FF47A739A
:109290000146A1FB03050022144602FB035201FB19
:1092A000042170BD10B504A0FCF736FFBDE81040E6
:1092B0000EA0FCF731BF00004E3D4672656552546A
:1092C0004F532044656D6F204170706C6963617409
:1092D000696F6E2C443D436F727465782D4D342C4C
:1092E0004F3D4672656552544F5300004923313556
:1092F0003D5379735469636B00000000F8B5002496
:109300000B4F11E00B4E04EB840556F825002CF0B2
:109310006FFE06EB85010861091D00900EC956F825
:109320002500FDF7CFF9641C38688442EAD3F8BD04
:10933000E4010020BCB801202DE9FF4F8DB00F469D
:109340000546002606E025280BD0DDE90F129047E0
:109350006D1C761C28780028F5D111B03046BDE888
:10936000F08F0024A246A1460122E94900E004430F
:1093700015F8013F203B02FA03F00842F7D12878A4
:109380002A2810D06FF02F022878A0F13001092987
:1093900014D80AEB8A0102EB410144F0020400EB0D
:1093A000010A6D1CF0E701CF5FEA000A03D544F41F
:1093B0000054CAF1000A44F002046D1C28782E28DB
:1093C00017D115F8010F44F004042A280ED06FF0CD
:1093D0002F022878A0F1300109290AD809EB890168
:1093E00002EB410100EB01096D1CF2E757F8049B09
:1093F0006D1C28786C280FD006DC4C2817D0682804
:109400000DD06A2814D104E0742810D07A280FD126
:109410000DE044F400140AE044F4801401E044F444
:1094200040146978814202D104F580146D1C6D1CD2
:1094300028786E281ED00CDC632830D004DC00288D
:109440008BD0582811D19FE0642867D069280CD1AF
:1094500064E073282DD004DC6F2872D0702804D10A
:1094600094E075286ED078286DD0DDE90F12904712
:10947000761C4BE1C4F30250022806D0032809D021
:10948000042801CF09D0066040E101CFF117C0E9FF
:1094900000613BE101CF068038E1067036E117F844
:1094A000040B8DF8000000208DF80100EB46012030
:1094B00003E057F804BB4FF0FF3061074FF00001A5
:1094C00002D40DE008F10101884649450FDA8045D4
:1094D000F8DB1BF808100029F4D108E008F10101BD
:1094E00088468142FADB1BF808100029F6D1DDE935
:1094F0000F23AAEB08008146214600F031F93044E1
:1095000000EB080604E0DDE90F121BF8010B9047A1
:10951000B8F10108F7D221464846F2E00A21C4F327
:1095200002524FF0000B0891022A04D001CFC1175C
:10953000032A09D00AE0FF1D27F00707F7E8020118
:1095400008E02CE01EE01FE000B2C117042A01D1A0
:1095500040B2C117021E71F1000206DA0023D0EBFF
:10956000030063EB01012D2202E0220504D52B222A
:109570008DF82420012203E0E20701D02022F7E742
:10958000904653E00A210BE0102109E010214FF032
:10959000000B44F004044FF00809089103E008218F
:1095A0004FF0000B0891C4F30252022A04D001CFFD
:1095B0000021032A06D006E0FF1D27F00707F7E881
:1095C000020103E080B2042A00D1C0B24FF00008CB
:1095D00022072BD52A78702A07D0DDF820C08CF01E
:1095E000100C5CEA0B0C05D00EE040228DF8242014
:1095F000012208E050EA010306D030238DF8243020
:109600008DF8252002229046089B83F0080353EA38
:109610000B030BD150EA010201D1620706D53022BB
:109620008DF824204FF00108A9F101092A78582A61
:1096300004D038A20B9208AA0A920BE03AA2F9E7EA
:109640005B46089AF6F71EFF0B9B9B5C0A9A521E1C
:109650000A92137050EA0102F2D10A98ADEB0000B1
:1096600000F1200B600702D524F4803401E04FF0B4
:109670000109D94502DDA9EB0B0000E0002000EB59
:109680000B0141440890AAEB010AE00306D4DDE98E
:109690000F232146504600F063F806444FF00009BE
:1096A00008E009A911F80900DDE90F12904709F156
:1096B0000109761CC145F4DBE0030CD5DDE90F237D
:1096C0002146504600F04CF8064404E0DDE90F1254
:1096D00030209047761C0899481E08900029F5DC38
:1096E00008E00A980A990078491C0A91DDE90F12EE
:1096F0009047761CBBF10001ABF1010BF1DC214678
:109700005046DDE90F2300F019F806446D1C21E6F0
:109710000928010030313233343536373839616247
:10972000636465660000000030313233343536370B
:109730003839414243444546000000002DE9F041DC
:10974000044600251E461746880404D405E0394621
:109750002020B0476D1C641EF9D52846BDE8F08175
:109760002DE9F041044600251E469046C80301D568
:10977000302700E02027880404D505E0414638461C
:10978000B0476D1C641EF9D52846BDE8F0814A68D3
:10979000002A06D00A68531C0B6010704868401EEF
:1097A000486070472DE9F04790460E4604006FF080
:1097B000050558D004F11400814624F017FD002857
:1097C00051D0EF1F002E40D0B8F1000F06D034A3C7
:1097D00040F22A223FA149A0FFF708FD2078616AE4
:1097E0001CF076FE05004FF0FF3840D06E6021F08F
:1097F0007DFE304625F0AAF82946484624F0EAFCCA
:10980000A0B36C680021204625F03CF800212046DA
:1098100028F090FF0021204629F0CEFC00221146BE
:10982000204627F0B7FF0021204625F06DFE0020DE
:10983000686005F11000044624F0B0FC204624F0D6
:10984000C6FC28461CF0F2FF1FE038460DF0B8F9C0
:109850000146484624F0BEFC28B9636A1BB10022C9
:109860001146204698472846BDE8F0870FE0384665
:109870000DF0A6F90146484624F0ACFC28B9636A0D
:109880001BB100221146204698474046ECE7636A28
:109890001BB100221146204698470020E4E7000053
:1098A0002E2E2F4D6964646C6577617265732F5439
:1098B000686972645F50617274792F4C7749502FD8
:1098C0007372632F6170692F6170695F6D73672EAA
:1098D00063000000657870656374206E657770635F
:1098E00062203D3D204E554C4C206F7220657272B7
:1098F000203D3D204552525F4F4B00004173736540
:109900007274696F6E2022257322206661696C650E
:1099100064206174206C696E6520256420696E2066
:1099200025730A0003680B44036092F900008B4220
:1099300001D2012100E0002108441070704770B589
:10994000054608460BF01EFEC44328460BF01AFEDF
:109950002040012C04D918B1A04201D0012070BDD3
:10996000002070BD0EF0C9BF10B54FF48C710120FE
:109970000FF0D6FB040003D00EF0D2FF204610BD3E
:10998000002010BD10B504460EF0C3FF2046BDE810
:10999000104011F01FBA0EF0C7BF0FF02BB8000037
:1099A0002DE9F041884607460024174D24F09AFB24
:1099B00005EB0411096841B124F0BCFB641C082CC0
:1099C000F4DB4FF0FF30BDE8F08105EB04152F60AC
:1099D00024F0B0FB00266E60A87B002806D00BA305
:1099E00040F20E2216A11EA0FFF700FC2E8138784F
:1099F0000121B1EB101F02D15FEA080000D0012065
:109A00006881AE812046DEE7103C00202E2E2F4DCF
:109A10006964646C6577617265732F5468697264F8
:109A20005F50617274792F4C7749502F7372632F96
:109A30006170692F736F636B6574732E6300000030
:109A4000736F636B6574735B695D2E73656C6563BF
:109A5000745F77616974696E67203D3D2030000056
:109A6000417373657274696F6E20222573222066BC
:109A700061696C6564206174206C696E6520256481
:109A800020696E2025730A00002806D0016800298D
:109A900003D04969002900D008477047002800D04A
:109AA0000161704710B5042018F05CFE040002D07C
:109AB0002C21F6F726FF204610BD002800D081603B
:109AC000704720B1036813B19B6803B118476FF06A
:109AD0000500704720B1016811B1896901B10847DB
:109AE0006FF00500704730B430B1046824B1E46809
:109AF00014B1A44630BC604730BC6FF0050070471D
:109B000018B1406808B1FFF7DCBF6FF0050070477F
:109B100018B1406808B100F069B80020704718B16A
:109B2000406808B100F06AB80020704718B140687A
:109B300008B100F06BB86FF005007047002804D042
:109B40004068002801D000F0ADBF704718B14068F0
:109B500008B100F0B1BF00207047002804D0406871
:109B6000002801D000F0B0BF704718B1406808B1BC
:109B700000F0B4BF6FF005007047002804D04068C3
:109B8000002801D000F0D3BF704750B129B122B1F5
:109B9000036813B19B6903B11847406808B100F02E
:109BA000D0BF6FF00500704718B1406808B100F0F1
:109BB000D1BF0020704718B1406808B100F0D2BF93
:109BC00000207047002800D04162704710B50400A3
:109BD0000BD0206818B1416C09B120468847214656
:109BE000BDE81040042018F005BD10BD20B102688A
:109BF00012B1D26C02B110470020704720B1026848
:109C000012B1126D02B110470020704730B430B16C
:109C1000046824B1A46C14B1A44630BC604730BCC5
:109C20006FF00500704720B1036813B11B6903B1E1
:109C3000184700207047002802D04068FFF724BF73
:109C4000704710B50446D821012018F059F90028B2
:109C500000D0046010BD81B2884201D0002070475E
:109C600081B2012018F04CB92DE9F04150B1C4681F
:109C700044B1D4F8C0504FF00008002D2FD06889AF
:109C800020B106E06FF04400BDE8F0812B68002BA6
:109C900022D0904200D8024697B200233A46284686
:109CA0001EF0EAFD0646B84206D01A4B4FF4EC729D
:109CB00019A11DA0FFF79AFA314628461FF07CF83B
:109CC00040B230B1134B40F2DB1221A116A0FFF7D6
:109CD0008DFA688978B116E028461EF059FEC4F85E
:109CE000C08094F8C800C0F38100012801D01A4850
:109CF000CAE70020C8E72868C4F8C0002846C5F8AD
:109D000000801EF045FE54F8D00F304420603046ED
:109D1000BAE7000050CA0508726574203D3D206313
:109D20006F70795F6C656E00417373657274696FF3
:109D30006E2022257322206661696C65642061743F
:109D4000206C696E6520256420696E2025730A00E9
:109D50006572726F720000000097FFFF2DE9F047F7
:109D60008A4605004FF0000614464FF0010920D046
:109D70006868002824D04FF6FF78002C26D0404693
:109D8000844200D2204687B24B463A465146686824
:109D900002F0DDF8002816D0401C17D00C4B4FF411
:109DA0008B620CA115A0FFF721FA6FF04D00BDE802
:109DB000F087074B40F247421AA110A0FFF716FAAE
:109DC0006FF04400F3E73E44E41BD6E73046EEE78D
:109DD00050CA0508746C735F77726974652C2074BF
:109DE00063705F77726974653A2065727220213DF5
:109DF00020455252204D454D0000000041737365CF
:109E00007274696F6E2022257322206661696C6509
:109E100064206174206C696E6520256420696E2061
:109E200025730A00636F6E6E20213D204E554C4C09
:109E3000000000002DE9F04105002BD06868041EE9
:109E40002DD027460021266AFFF737FE002138462D
:109E500000F05BFE0021384600F065FE0021384628
:109E6000FFF7B0FE97F828200021384600F03FFEAB
:109E70006868FFF72FFE07000FD02146284600F044
:109E800031FD94F828203146204600F030FE384657
:109E9000BDE8F0816FF00500FAE700206860284611
:109EA000FFF794FE0020F3E720B143614068034BC5
:109EB000FFF719BE6FF0050070470000C9A1020846
:109EC00070B5050014D0EC68002C11D0201D16F0E0
:109ED00063FD002684F8C860D4F8C00018B11EF0F5
:109EE00057FDC4F8C0602146206800F003F8EE601A
:109EF00070BD000010B50C0005D1054BB92205A1BD
:109F000008A0FFF773F92046BDE8104018F00AB822
:109F100088CC0508737461746520213D204E554C32
:109F20004C000000417373657274696F6E202225C6
:109F30007322206661696C6564206174206C696EAF
:109F40006520256420696E2025730A0010B5040081
:109F500005D1054BCD2205A108A0FFF747F9204602
:109F6000BDE8104017F0DEBF88CC05086974656D48
:109F700020213D204E554C4C00000000417373657C
:109F80007274696F6E2022257322206661696C6588
:109F900064206174206C696E6520256420696E20E0
:109FA00025730A002DE9F0470C00824606D13F4B8D
:109FB00040F263123EA142A0FFF718F994F8C800DE
:109FC000C0071AD06FF00C084FF4C17940F2F45773
:109FD0004A46394600201EF0C1F8061E0FD03A4608
:109FE000201D716817F02AF9051E18DA15F5CF4FF4
:109FF00007D030461EF0CCFC56E06FF00500BDE8FF
:10A00000F0872A4B40F2771237A12DA0FFF7EEF828
:10A0100030461EF0BDFC5046FFF736FD40E035D01F
:10A02000BD4206DD214B4FF4C5723FA124A0FFF7CE
:10A03000DDF8A9B230461EF0D7FDD4F8D40028448C
:10A04000C4F8D400201D16F0F5FCA8B9D4E93401F9
:10A05000884206DC154B4FF4CA7239A118A0FFF7ED
:10A06000C5F8F4E93401411ADAF8040000F082FA84
:10A07000002001C444F8D409D4F8C40018B1314612
:10A080001EF012FA05E0C4F8C46002E030461EF08B
:10A090007FFC2146504600F0D3FA18B10D3003D1B1
:10A0A0004046ACE7002D93DC0020A8E750CA050825
:10A0B000737461746520213D204E554C4C000000A6
:10A0C000417373657274696F6E2022257322206656
:10A0D00061696C6564206174206C696E652025641B
:10A0E00020696E2025730A00544F444F3A206E6554
:10A0F0007720636F6E6E656374696F6E206F6E207C
:10A1000073616D6520736F7572636520706F727413
:10A110002C20636C6F7365207468697320636F6EA5
:10A120006E656374696F6E00626F67757320726528
:10A130006365697665206C656E6774680000000071
:10A14000626F677573206279746520636F756E74D2
:10A150007300000010B504000AD06068FFF763FDCB
:10A16000002804D003496060FFF798FC204610BD2A
:10A17000002010BD79A102082DE9F04190460F465C
:10A1800004001ED0E668E6B12069D0B1FFF78AFC72
:10A1900005000CD03A462946306800F031FB060035
:10A1A00008D02846FFF712FD3046BDE8F0814FF099
:10A1B000FF30FAE7424629462369A068BDE8F0412E
:10A1C00018476FF00F00F0E770B51546040019D07E
:10A1D000E068B8B16068884205D00C4B9C220CA1A5
:10A1E0000FA0FFF703F83DB163692BB12A46214662
:10A1F000A068BDE8704018472046E168BDE870409F
:10A2000000F018B96FF0050070BD000050CA0508D5
:10A21000706362206D69736D617463680000000093
:10A22000417373657274696F6E20222573222066F4
:10A2300061696C6564206174206C696E65202564B9
:10A2400020696E2025730A0010B504000AD0002092
:10A250006060626A0AB1A06890472046BDE810407D
:10A26000FFF7B4BC10BD000070B504001FD06068DB
:10A27000884206D00F4B4FF403720FA112A0FEF7D5
:10A28000B5FFE06848B10546001D16F057FB2946AA
:10A290002046FFF787FE0D3006D0226A3AB12146EC
:10A2A000A068BDE8704010476FF00C0070BD002042
:10A2B00070BD000050CA0508706362206D69736D3F
:10A2C0006174636800000000417373657274696FA4
:10A2D0006E2022257322206661696C65642061749A
:10A2E000206C696E6520256420696E2025730A0044
:10A2F0002DE9F04116460F4605462BB1354BBD22E0
:10A3000035A139A0FEF772FF6FF00E08002D26D0A0
:10A310006868EC68B84205D02E4BC9223CA132A037
:10A32000FEF764FFDCB126B3D4F8C00000284DD09E
:10A33000308971890844B0F5803F05D3254BF3225D
:10A3400037A129A0FEF752FF3146D4F8C0001EF015
:10A35000ABF821462846BDE8F04100F06BB816B1D5
:10A3600030461EF015FB3846FFF7B4FB4046BDE80B
:10A37000F08194F8C800C143890709D06A6A12B114
:10A380004146A86890472846FFF7A4FB0020EEE767
:10A39000D4F8C01011B9D4F8C41041B140F0040091
:10A3A00084F8C80021462846FFF7FCFDEEE740F0A0
:10A3B000080084F8C800AC69002CE7D02946A868DA
:10A3C000A446BDE8F04100231A466047C4F8C060C7
:10A3D000BFE7000050CA05086E6F206572722065E5
:10A3E0007870656374656400417373657274696F36
:10A3F0006E2022257322206661696C656420617479
:10A40000206C696E6520256420696E2025730A0022
:10A41000706362206D69736D617463680000000091
:10A4200072782070627566206F766572666C6F77E1
:10A43000000000002DE9F041054691F8C8000C46E7
:10A44000C0075ED1261D304616F0C6FB002768B94E
:10A4500066B1316851B191F85C10C90706D1304638
:10A4600016F074FB08B12A4800E0384606466868D2
:10A4700000F034FBD4F8D01021B1686800F07AF80D
:10A48000C4F8D07016F5D24F13D016F5D14F10D0B6
:10A49000DEB16A6A1AB16FF00E01A86890472846CB
:10A4A000FFF718FB10B12846FFF7EEFA0020BDE8D1
:10A4B000F081D4F8C0000028F8D0164B40F2091201
:10A4C00015A120A0FEF792FEF0E7D4F8D40030B139
:10A4D000104B4FF48D7225A11AA0FEF787FE94F859
:10A4E000C80040F0010084F8C8006B692BB100225D
:10A4F0002946A86898470028D9D1D4F8C000002878
:10A50000D5D021462846BDE8F041FFF74BBD0000FD
:10A5100000D9FFFF50CA0508696E2074686973206E
:10A5200073746174652C2074686520727820636888
:10A5300061696E2073686F756C6420626520656D5B
:10A5400070747900417373657274696F6E2022258F
:10A550007322206661696C6564206174206C696E89
:10A560006520256420696E2025730A007374617468
:10A57000650000002DE9F0410C4607464FF6FF75D7
:10A580000AE0AC4201DA204600E0284686B23146B5
:10A59000384600F0BEFAA41B002CF2DCBDE8F081C6
:10A5A00070B504001ED06068E568884206D00E4B86
:10A5B00040F2F3120DA111A0FEF718FE95B195F827
:10A5C000C800C0070ED0281D16F0B8F995F8C800CD
:10A5D000C00607D5E3692BB12146A068BDE87040ED
:10A5E00000221847002070BD50CA05087063622021
:10A5F0006D69736D61746368000000004173736579
:10A600007274696F6E2022257322206661696C6501
:10A6100064206174206C696E6520256420696E2059
:10A6200025730A000149024814F0C6B96D4F0508A8
:10A63000794F0508002802D0406800F02BBA704717
:10A640002DE9F0470C46050006D13C4B4FF49972BA
:10A650003BA13FA0FEF7CAFD34B9384B40F233129C
:10A6600045A13BA0FEF7C2FDD4F8C460002E49D03E
:10A670004FF00009C4F8C490A86900283ED0B6F88D
:10A680000880D4F8CC10002301EB0800C4F8CC00FB
:10A6900094F8C800324640F0020084F8C800AF6960
:10A6A0002946A868B847070040D017F10D0F22D0FF
:10A6B000E868A04206D0214B4FF4A17232A124A039
:10A6C000FEF794FDC4F8C460D4F8CC10B1EB0800D8
:10A6D000C4F8CC000CD5194B40F2451230A11CA097
:10A6E000FEF784FDD4F8CC00002801DAC4F8CC9041
:10A6F0003846BDE8F0876FF00C00FAE730461EF0F0
:10A7000047F913E094F8C800C0F3810101290DD185
:10A7100040F0080084F8C800AE693EB12946A86838
:10A72000B446BDE8F04700231A466047E868A042F7
:10A7300002D06FF00E00DCE70020DAE750CA05080F
:10A74000636F6E6E20213D204E554C4C0000000082
:10A75000417373657274696F6E20222573222066BF
:10A7600061696C6564206174206C696E6520256484
:10A7700020696E2025730A00737461746520213D81
:10A78000204E554C4C0000007374617465203D3DB3
:10A7900020636F6E6E2D3E7374617465000000005F
:10A7A00073746174652D3E72785F70617373656454
:10A7B0005F756E726563766564203E3D20300000F3
:10A7C000002811D0C268002A0ED092F8C830DB07EA
:10A7D0000AD0D2F8CC308B4200DA99B25B1AC2F8B8
:10A7E000CC30406800F095B970470000002804D0D4
:10A7F0000A464068014900F07AB9704769A2020828
:10A800002DE9F84F90460E46814605001AD0464580
:10A8100006D1204B40F24A221FA124A0FEF7E6FCFD
:10A820004846FFF70EFA04004FF0FF3A0ED0201D05
:10A8300016F04DFB271D16D02946384616F058FE57
:10A8400080B905E06FF00F00BDE8F88F5046FBE7D8
:10A8500095F85C00C0070BD11E48016819B1384655
:10A8600016F00CFE20B121464846FFF743FBEDE70A
:10A8700000200090184B194A3146201D16F0DEFDCD
:10A880004146304600F02EF81548F460C6E900084D
:10A890000020D9E750CA0508696E76616C696420AA
:10A8A000696E6E65725F636F6E6E000041737365F3
:10A8B0007274696F6E2022257322206661696C654F
:10A8C00064206174206C696E6520256420696E20A7
:10A8D00025730A0078C00120699C02085D9D02086A
:10A8E000288D050810B50C4601462046FFF7E5F80F
:10A8F0000649204600F009F90549204600F013F901
:10A900002046BDE810400349FFF75CB9F1A20208F8
:10A91000A1A5020849A2020870B5060029D0F46872
:10A920002CB394F8C800C00721D0706808B300F0B9
:10A9300011F90546201D16F0E1F8002819DD4FF643
:10A94000FF74A04200DB204680B2A84211D2281A30
:10A95000A0420AD20446B0F5803F06D3074B40F22E
:10A96000F93207A10AA0FEF741FCA0B270BD002099
:10A9700070BD3046BDE87040FFF716B950CA0508F3
:10A98000736E64627566206F766572666C6F7700B1
:10A99000417373657274696F6E202225732220667D
:10A9A00061696C6564206174206C696E6520256442
:10A9B00020696E2025730A002DE9F04790460D4668
:10A9C00006006FF0050716D0F46884B194F8C8004B
:10A9D000C00710D0D4F8A8004FF0FF3968B1201D8F
:10A9E00015F0ACFFD4F8A80000282DD105E06FF0D9
:10A9F0000E00BDE8F0873846FBE742462946201D99
:10AA000016F00AFE0546706800F068F8002D10DBAD
:10AA1000454506D114F8C80F40F010002070002002
:10AA2000E7E70A4B40F22E4209A10CA0FEF7DEFB3D
:10AA30000AE015F5D14F07D0044B40F2364211A180
:10AA400006A0FEF7D3FBD6E74846D2E750CA050872
:10AA5000726574203C3D2030000000004173736536
:10AA60007274696F6E2022257322206661696C659D
:10AA700064206174206C696E6520256420696E20F5
:10AA800025730A00756E68616E646C65642065727A
:10AA9000726F720020B1016811B1896A01B1084773
:10AAA00000207047002806D00168002903D0496BB8
:10AAB000002900D00847704720B1016811B1C96B67
:10AAC00001B1084700207047002806D0016800291E
:10AAD00003D0896B002900D00847704720B1016876
:10AAE00011B1496A01B108476FF0050070470028AD
:10AAF0000AD0016280F828200168002904D00B6880
:10AB0000002B01D0114618477047002800D0816102
:10AB10007047002806D00268002A03D05268002A35
:10AB200000D010477047002800D0C161704700284E
:10AB300006D00268002A03D0126C002A00D0104709
:10AB4000704720B1036813B1DB6903B118476FF098
:10AB50000500704720B1016811B1C96A01B1084709
:10AB60000020704720B1016811B1096B01B108479D
:10AB70000020704710B5002811D0C4684068002834
:10AB800006D007A34FF4977213A11AA0FEF72EFB6D
:10AB9000002C04D02046BDE8104023F081BD10BD3C
:10ABA0002E2E2F4D6964646C6577617265732F5426
:10ABB000686972645F50617274792F4C7749502FC5
:10ABC0007372632F636F72652F616C7463705F744F
:10ABD00063702E6300000000636F6E6E2D3E696E21
:10ABE0006E65725F636F6E6E203D3D204E554C4C1E
:10ABF00000000000417373657274696F6E20222536
:10AC00007322206661696C6564206174206C696ED2
:10AC10006520256420696E2025730A002DE9F04126
:10AC200016460F46040013D0206988B1FEF73AFF9C
:10AC3000050009D0394600F057FF324629462369FE
:10AC4000A068BDE8F04118474FF0FF30BDE8F08143
:10AC50006FF00F00FAE7000070B515460E460400CD
:10AC600010D06068002806D008A34FF4827215A1A6
:10AC70001BA0FEF7BBFA2A463146E068BDE87040EB
:10AC800023F0C4BE6FF0050070BD00002E2E2F4DC6
:10AC90006964646C6577617265732F546869726466
:10ACA0005F50617274792F4C7749502F7372632F04
:10ACB000636F72652F616C7463705F7463702E6371
:10ACC00000000000636F6E6E2D3E696E6E65725FF0
:10ACD000636F6E6E203D3D204E554C4C00000000D1
:10ACE000417373657274696F6E202225732220662A
:10ACF00061696C6564206174206C696E65202564EF
:10AD000020696E2025730A002DE9F041050033D03B
:10AD10006868002806D01DA34FF49E7229A130A0B8
:10AD2000FEF764FAEC6864B300212046D4F88C6026
:10AD300023F0A8FD0021204627F0FCFC002120463E
:10AD400028F03AFA0021204624F0DEFB627F002141
:10AD5000204626F01FFD204623F004FF07000ED0FA
:10AD60002146284600F0CCFE627F3146204626F080
:10AD700011FD3846BDE8F0816FF00500FAE70020CC
:10AD8000E8602846FEF722FF0020F3E72E2E2F4D25
:10AD90006964646C6577617265732F546869726465
:10ADA0005F50617274792F4C7749502F7372632F03
:10ADB000636F72652F616C7463705F7463702E6370
:10ADC00000000000636F6E6E2D3E696E6E65725FEF
:10ADD000636F6E6E203D3D204E554C4C00000000D0
:10ADE000417373657274696F6E2022257322206629
:10ADF00061696C6564206174206C696E65202564EE
:10AE000020696E2025730A002DE9F0411D46164683
:10AE10000F46040012D06068002806D009A34FF442
:10AE2000887216A11CA0FEF7E1F965613246394629
:10AE3000E068BDE8F041224B24F03EB86FF0050019
:10AE4000BDE8F0812E2E2F4D6964646C65776172C8
:10AE500065732F54686972645F50617274792F4C06
:10AE60007749502F7372632F636F72652F616C7413
:10AE700063705F7463702E6300000000636F6E6E1A
:10AE80002D3E696E6E65725F636F6E6E203D3D2074
:10AE90004E554C4C00000000417373657274696F2D
:10AEA0006E2022257322206661696C6564206174BE
:10AEB000206C696E6520256420696E2025730A0068
:10AEC000C5AE020870B51546040019D0E068884286
:10AED00005D00CA35D2219A11CA0FEF787F96068BC
:10AEE000002805D007A35D2222A118A0FEF77EF955
:10AEF00063692BB12A462146A068BDE87040184717
:10AF0000002070BD2E2E2F4D6964646C65776172D0
:10AF100065732F54686972645F50617274792F4C45
:10AF20007749502F7372632F636F72652F616C7452
:10AF300063705F7463702E630000000070636220B2
:10AF40006D69736D6174636800000000417373651F
:10AF50007274696F6E2022257322206661696C65A8
:10AF600064206174206C696E6520256420696E2000
:10AF700025730A00636F6E6E2D3E696E6E65725F9B
:10AF8000636F6E6E203D3D204E554C4C000000001E
:10AF90004068002806D004A340F2C51210A117A0F3
:10AFA000FEF724B9704700002E2E2F4D6964646CA3
:10AFB0006577617265732F54686972645F5061725E
:10AFC00074792F4C7749502F7372632F636F7265BA
:10AFD0002F616C7463705F7463702E6300000000F7
:10AFE000636F6E6E2D3E696E6E65725F636F6E6E1F
:10AFF000203D3D204E554C4C0000000041737365D0
:10B000007274696F6E2022257322206661696C65F7
:10B0100064206174206C696E6520256420696E204F
:10B0200025730A0010B504000AD00020E060626AAF
:10B030000AB1A06890472046BDE81040FEF7C6BDA3
:10B0400010BD000070B50D46002810D0C4684068DF
:10B05000002806D007A340F2D91214A11AA0FEF7C7
:10B06000C5F824B10DB1204670BD201D70BD002073
:10B0700070BD00002E2E2F4D6964646C657761727F
:10B0800065732F54686972645F50617274792F4CD4
:10B090007749502F7372632F636F72652F616C74E1
:10B0A00063705F7463702E6300000000636F6E6EE8
:10B0B0002D3E696E6E65725F636F6E6E203D3D2042
:10B0C0004E554C4C00000000417373657274696FFB
:10B0D0006E2022257322206661696C65642061748C
:10B0E000206C696E6520256420696E2025730A0036
:10B0F00070B50D46002810D0C4684068002806D0FE
:10B1000007A34FF4F57214A11AA0FEF76FF824B14B
:10B110000DB1E08A70BD208B70BD002070BD0000B5
:10B120002E2E2F4D6964646C6577617265732F54A0
:10B13000686972645F50617274792F4C7749502F3F
:10B140007372632F636F72652F616C7463705F74C9
:10B1500063702E6300000000636F6E6E2D3E696E9B
:10B160006E65725F636F6E6E203D3D204E554C4C98
:10B1700000000000417373657274696F6E202225B0
:10B180007322206661696C6564206174206C696E4D
:10B190006520256420696E2025730A002DE9F041A1
:10B1A0001D4616460F46002812D0C4684068002885
:10B1B00006D009A34FF4E77215A11CA0FEF716F8FC
:10B1C0002B46324639462046BDE8F04128F030BED5
:10B1D0006FF00500BDE8F0812E2E2F4D6964646C80
:10B1E0006577617265732F54686972645F5061722C
:10B1F00074792F4C7749502F7372632F636F726588
:10B200002F616C7463705F7463702E6300000000C4
:10B21000636F6E6E2D3E696E6E65725F636F6E6EEC
:10B22000203D3D204E554C4C00000000417373659D
:10B230007274696F6E2022257322206661696C65C5
:10B2400064206174206C696E6520256420696E201D
:10B2500025730A0070B515460E46040016D06068C6
:10B26000002806D00AA34FF48F7217A11DA0FDF786
:10B27000BDFF2A463146E06825F064F8002804D076
:10B280002249E06023F00FFA204670BD002070BD17
:10B290002E2E2F4D6964646C6577617265732F542F
:10B2A000686972645F50617274792F4C7749502FCE
:10B2B0007372632F636F72652F616C7463705F7458
:10B2C00063702E6300000000636F6E6E2D3E696E2A
:10B2D0006E65725F636F6E6E203D3D204E554C4C27
:10B2E00000000000417373657274696F6E2022253F
:10B2F0007322206661696C6564206174206C696EDC
:10B300006520256420696E2025730A001DAC0208A3
:10B3100010B504000CD06068002806D005A340F2E8
:10B320007B1212A118A0FDF761FFE068408E10BDEE
:10B33000002010BD2E2E2F4D6964646C65776172FC
:10B3400065732F54686972645F50617274792F4C11
:10B350007749502F7372632F636F72652F616C741E
:10B3600063705F7463702E6300000000636F6E6E25
:10B370002D3E696E6E65725F636F6E6E203D3D207F
:10B380004E554C4C00000000417373657274696F38
:10B390006E2022257322206661696C6564206174C9
:10B3A000206C696E6520256420696E2025730A0073
:10B3B00010B5002810D0C468002C0DD040680028BB
:10B3C00006D006A340F29D1212A119A0FDF70EFFB0
:10B3D000608B40F04000608310BD00002E2E2F4D8A
:10B3E0006964646C6577617265732F54686972640F
:10B3F0005F50617274792F4C7749502F7372632FAD
:10B40000636F72652F616C7463705F7463702E6319
:10B4100000000000636F6E6E2D3E696E6E65725F98
:10B42000636F6E6E203D3D204E554C4C0000000079
:10B43000417373657274696F6E20222573222066D2
:10B4400061696C6564206174206C696E6520256497
:10B4500020696E2025730A0010B5002810D0C4683A
:10B46000002C0DD04068002806D006A340F2B1128F
:10B4700012A119A0FDF7BAFEA07EC0F3801010BD86
:10B48000002010BD2E2E2F4D6964646C65776172AB
:10B4900065732F54686972645F50617274792F4CC0
:10B4A0007749502F7372632F636F72652F616C74CD
:10B4B00063705F7463702E6300000000636F6E6ED4
:10B4C0002D3E696E6E65725F636F6E6E203D3D202E
:10B4D0004E554C4C00000000417373657274696FE7
:10B4E0006E2022257322206661696C656420617478
:10B4F000206C696E6520256420696E2025730A0022
:10B5000010B5002810D0C468002C0DD04068002869
:10B5100006D006A340F2A71212A119A0FDF766FEFD
:10B52000608B20F04000608310BD00002E2E2F4D58
:10B530006964646C6577617265732F5468697264BD
:10B540005F50617274792F4C7749502F7372632F5B
:10B55000636F72652F616C7463705F7463702E63C8
:10B5600000000000636F6E6E2D3E696E6E65725F47
:10B57000636F6E6E203D3D204E554C4C0000000028
:10B58000417373657274696F6E2022257322206681
:10B5900061696C6564206174206C696E6520256446
:10B5A00020696E2025730A0070B525F03DF804006F
:10B5B0000BD0FEF777FA050004D0214600F094FA8C
:10B5C000284670BD204623F0CDFA002070BD000053
:10B5D00010B504000ED06068002806D007A340F222
:10B5E0006F1214A11AA0FDF701FEE068BDE810403B
:10B5F00025F01CB96FF0050010BD00002E2E2F4D58
:10B600006964646C6577617265732F5468697264EC
:10B610005F50617274792F4C7749502F7372632F8A
:10B62000636F72652F616C7463705F7463702E63F7
:10B6300000000000636F6E6E2D3E696E6E65725F76
:10B64000636F6E6E203D3D204E554C4C0000000057
:10B65000417373657274696F6E20222573222066B0
:10B6600061696C6564206174206C696E6520256475
:10B6700020696E2025730A0010B5040018D0E06818
:10B68000884205D00BA3882218A11CA0FDF7AEFDAF
:10B690006068002805D007A3882222A117A0FDF723
:10B6A000A5FD226A22B12146A068BDE810401047DE
:10B6B000002010BD2E2E2F4D6964646C6577617279
:10B6C00065732F54686972645F50617274792F4C8E
:10B6D0007749502F7372632F636F72652F616C749B
:10B6E00063705F7463702E630000000070636220FB
:10B6F0006D69736D61746368000000004173736568
:10B700007274696F6E2022257322206661696C65F0
:10B7100064206174206C696E6520256420696E2048
:10B7200025730A00636F6E6E2D3E696E6E65725FE3
:10B73000636F6E6E203D3D204E554C4C0000000066
:10B740002DE9F0411E46154604001BD0E0688842F2
:10B7500005D010A36A221DA120A0FDF747FD606857
:10B76000002805D00BA36A2226A11CA0FDF73EFDF0
:10B77000A7693FB133462A462146A068BC46BDE8CA
:10B78000F041604715B128461DF002F90020BDE8E0
:10B79000F08100002E2E2F4D6964646C6577617214
:10B7A00065732F54686972645F50617274792F4CAD
:10B7B0007749502F7372632F636F72652F616C74BA
:10B7C00063705F7463702E6300000000706362201A
:10B7D0006D69736D61746368000000004173736587
:10B7E0007274696F6E2022257322206661696C6510
:10B7F00064206174206C696E6520256420696E2068
:10B8000025730A00636F6E6E2D3E696E6E65725F02
:10B81000636F6E6E203D3D204E554C4C0000000085
:10B8200070B50D4600280FD0C4684068002805D0C8
:10B8300006A3F82213A11AA0FDF7D8FC294620463A
:10B84000BDE8704027F020B870BD00002E2E2F4DAF
:10B850006964646C6577617265732F54686972649A
:10B860005F50617274792F4C7749502F7372632F38
:10B87000636F72652F616C7463705F7463702E63A5
:10B8800000000000636F6E6E2D3E696E6E65725F24
:10B89000636F6E6E203D3D204E554C4C0000000005
:10B8A000417373657274696F6E202225732220665E
:10B8B00061696C6564206174206C696E6520256423
:10B8C00020696E2025730A0070B51546040019D052
:10B8D000E068884205D00CA37B2219A11CA0FDF7CB
:10B8E00085FC6068002805D007A37B2222A118A050
:10B8F000FDF77CFCE3692BB12A462146A068BDE830
:10B9000070401847002070BD2E2E2F4D6964646C66
:10B910006577617265732F54686972645F506172F4
:10B9200074792F4C7749502F7372632F636F726550
:10B930002F616C7463705F7463702E63000000008D
:10B94000706362206D69736D61746368000000004C
:10B95000417373657274696F6E20222573222066AD
:10B9600061696C6564206174206C696E6520256472
:10B9700020696E2025730A00636F6E6E2D3E696E1E
:10B980006E65725F636F6E6E203D3D204E554C4C70
:10B990000000000070B50D46002810D0C468406853
:10B9A000002805D006A3EE2213A11AA0FDF71EFC65
:10B9B0002A462046BDE87040204925F0EBBE70BD08
:10B9C0002E2E2F4D6964646C6577617265732F54F8
:10B9D000686972645F50617274792F4C7749502F97
:10B9E0007372632F636F72652F616C7463705F7421
:10B9F00063702E6300000000636F6E6E2D3E696EF3
:10BA00006E65725F636F6E6E203D3D204E554C4CEF
:10BA100000000000417373657274696F6E20222507
:10BA20007322206661696C6564206174206C696EA4
:10BA30006520256420696E2025730A0079B6020806
:10BA400070B50D46002810D0C4684068002806D0A4
:10BA500006A34FF4DE7213A119A0FDF7C7FB294618
:10BA60002046BDE8704027F0F9BB70BD2E2E2F4D4B
:10BA70006964646C6577617265732F546869726478
:10BA80005F50617274792F4C7749502F7372632F16
:10BA9000636F72652F616C7463705F7463702E6383
:10BAA00000000000636F6E6E2D3E696E6E65725F02
:10BAB000636F6E6E203D3D204E554C4C00000000E3
:10BAC000417373657274696F6E202225732220663C
:10BAD00061696C6564206174206C696E6520256401
:10BAE00020696E2025730A0070B50D46044600F0EB
:10BAF00007F80248E560206070BD0000D08D0508A1
:10BB000010B50C460146204622F0BCFE06492046F0
:10BB100026F010FE0549204627F04EFB2046BDE8E2
:10BB20001040034923F0F0BC41B70208C9B802082D
:10BB300025B0020870B515460E46040010D06068A6
:10BB4000002806D008A340F2571215A11BA0FDF74C
:10BB50004DFB2A463146E068BDE8704027F0C2BB85
:10BB60006FF0050070BD00002E2E2F4D6964646CCF
:10BB70006577617265732F54686972645F50617292
:10BB800074792F4C7749502F7372632F636F7265EE
:10BB90002F616C7463705F7463702E63000000002B
:10BBA000636F6E6E2D3E696E6E65725F636F6E6E53
:10BBB000203D3D204E554C4C000000004173736504
:10BBC0007274696F6E2022257322206661696C652C
:10BBD00064206174206C696E6520256420696E2084
:10BBE00025730A0010B504000DD06068002806D047
:10BBF00006A340F2871213A119A0FDF7F7FAE06837
:10BC0000B0F8640010BD002010BD00002E2E2F4D96
:10BC10006964646C6577617265732F5468697264D6
:10BC20005F50617274792F4C7749502F7372632F74
:10BC3000636F72652F616C7463705F7463702E63E1
:10BC400000000000636F6E6E2D3E696E6E65725F60
:10BC5000636F6E6E203D3D204E554C4C0000000041
:10BC6000417373657274696F6E202225732220669A
:10BC700061696C6564206174206C696E652025645F
:10BC800020696E2025730A0010B504000DD060688D
:10BC9000002806D006A340F2931213A119A0FDF7C5
:10BCA000A5FAE068B0F8660010BD002010BD0000E5
:10BCB0002E2E2F4D6964646C6577617265732F5405
:10BCC000686972645F50617274792F4C7749502FA4
:10BCD0007372632F636F72652F616C7463705F742E
:10BCE00063702E6300000000636F6E6E2D3E696E00
:10BCF0006E65725F636F6E6E203D3D204E554C4CFD
:10BD000000000000417373657274696F6E20222514
:10BD10007322206661696C6564206174206C696EB1
:10BD20006520256420696E2025730A002DE9F04105
:10BD30001D4616460F46040011D06068002806D044
:10BD400009A340F2631216A11CA0FDF74FFA2B467F
:10BD500032463946E068BDE8F04128F0A9B96FF0F5
:10BD60000500BDE8F08100002E2E2F4D6964646C43
:10BD70006577617265732F54686972645F50617290
:10BD800074792F4C7749502F7372632F636F7265EC
:10BD90002F616C7463705F7463702E630000000029
:10BDA000636F6E6E2D3E696E6E65725F636F6E6E51
:10BDB000203D3D204E554C4C000000004173736502
:10BDC0007274696F6E2022257322206661696C652A
:10BDD00064206174206C696E6520256420696E2082
:10BDE00025730A002DE9F8431D4616460F46804686
:10BDF000FEF718FC4FF430700FB14FF47D700DB1A9
:10BE000000F59A7006B10830FDF725FF041E34D006
:10BE100004F530701FB1C4F8B00200F59A701DB17E
:10BE2000C4F8B80200F59A700EB1C4F8B402204606
:10BE300014F0D6FB04F1600006460EF0B1FF04F5E5
:10BE4000B87005460EF08FF8002003460090324689
:10BE5000134928460EF03CF958B9B8F1000F01D04B
:10BE6000012100E0002100231A46204614F07AFB4D
:10BE700028B12046FEF76AF80020BDE8F88394F860
:10BE80005C2001212046D20700D1022114F05FFB83
:10BE90002A460449204614F062FB2046EDE70000E4
:10BEA000C1AC03086F9F03080022AFF3008070B598
:10BEB0000E46050001D0012300E0002311460020BA
:10BEC000FFF790FF04000ED0ADB1D4F8B80215F022
:10BED000CBFD32462946D4F8B80215F0C9FD20B191
:10BEE0002046FEF733F8002070BD00222046D4F82B
:10BEF000B81214F031FB204670BD70B505460846F7
:10BF0000FFF752FB040006D00146284600F00AF86D
:10BF1000050002D004E0002070BD2046FDF7DAFDE8
:10BF2000284670BD70B50D0006460CD0FDF7BAFD71
:10BF300004000AD001462A463046FEF761FC20B1D3
:10BF40002046FDF743FE002070BD204670BD30B492
:10BF500030B1046824B1246A14B1A44630BC6047EF
:10BF600030BC6FF005007047A0F14101192905D9D7
:10BF70002039192902D93038092801D80120704701
:10BF800000207047A0F14101192901D82030C0B22A
:10BF900070472DE9F04FADF5477D15460E468346B7
:10BFA000B2F5C07F05D96FF037000DF5477DBDE8CC
:10BFB000F08F4FF4D0716846F4F7A3FC68A80CF03A
:10BFC000AFFC280E8DF81000280C8DF81100280AFF
:10BFD0008DF8120030208DF8170006AC8DF8135044
:10BFE0002A4631462046F4F765FC8020605505F16D
:10BFF00019080020BEA90854401C2028FBDB4FF480
:10C00000807268A80CF0F6FC070052D10025AA4601
:10C010006E46CDF8B8A2CDF8BCA2CDF8C0A2444679
:10C020000DF52E79CDF8C4A217E000204946335C07
:10C030000A5C5A400A54401C1028F8DB1036102CB9
:10C0400001D3102000E02046241AAEAB1A4601218D
:10C0500068A80CF052FC07002BD1002CE5D1B2A847
:10C0600028441022AEA9F4F725FC9DF803001035F2
:10C07000401C8DF80300302DCADB4FF48072B2A94A
:10C0800068A80CF0B7FC070013D1BAAD5C460026D7
:10C090002B461A46012168A80CF02FFC070008D196
:10C0A000102229462046F4F705FC10341036302EB5
:10C0B000EEDB68A80CF02DFC4FF4D071684612F04E
:10C0C00097FC3021B2A812F093FC2021BEA812F0F8
:10C0D0008FFC1021AEA812F08BFC1FB13021584606
:10C0E00012F086FC384660E7084800680849884234
:10C0F00002D10721002004E00649884203D107212C
:10C1000001200CF0C1BB03207047000008ED00E0E7
:10C110000002020800020808012000F001B8000037
:10C120002DE9F84307460026EFF3108472B617484E
:10C13000016841F0805101600068154D00F08050A9
:10C140000090286800F48078F6F778FF0020291521
:10C150002A68D2050AD50F480760BFF34F8F0068E1
:10C16000B84201D1012604E0002602E0401C8842CA
:10C17000EED3B8F1000F02D1F6F754FF2868BFF3F1
:10C180004F8F84F310883046BDE8F8834038024072
:10C19000007000405028004018B1012803D0002052
:10C1A00070470248704702487047000000000208CC
:10C1B0000000080870B50C4605462AF0FDFA40421A
:10C1C000204201D1012070BD2846FFF7E5FF08227B
:10C1D000214608F0E4F80028F5D0022070BD10B523
:10C1E000044608F079F890B1607901280FD1A07960
:10C1F000FF2802D0012805D009E0E079FF2806D108
:10C20000012010BDE079012803D0FF2803D00020D1
:10C2100010BD022010BD032010BD10B50188CEB0A6
:10C220000446E9B1B1F5805F1AD8A01C085CB8B922
:10C230000022A01C29F044FE90B1684615F014FCC1
:10C240002288A11C6846521C15F012FC044612F00C
:10C2500095FC38B1684615F0A7FB0A204EB010BD1A
:10C260000720FBE79CB94C9888B93F9878B1042126
:10C27000684615F081FB50B9119840B10E9988427B
:10C2800005D102460F991298F4F769FB18B1684678
:10C2900015F08AFBE4E768462BF01EFB044668466F
:10C2A00015F082FB2046D9E770B505464FF6FF70C2
:10C2B00000224AF201040EE0AB5C58400023C6079E
:10C2C00002D084EA500000E040085B1CDBB2082B7F
:10C2D000F5D3521C92B28A42EED370BD0CF026BF49
:10C2E00010B54FF48A7101200CF01AFF040003D03E
:10C2F0000CF0E1FF204610BD002010BD10B5044633
:10C300000CF0D2FF2046BDE810400EF063BD0000E7
:10C31000F0B503680C684068496863401D4D4840AB
:10C3200055FA83F10C78A5F5407101EB136601F520
:10C330008077367844EA0664C3F30746C3F30723DD
:10C34000BE5D4FEA064C01F50076F35C4CEA032330
:10C350001C4351FA80F107EB106309781B7841EA1E
:10C360000361C0F30743C0F30720F35C285C1B04A0
:10C3700043EA0020014384EA316081EA304180EAE7
:10C380003120136881EA30214B40136051684140ED
:10C390005160F0BD18B605080CF091BF0CF0CEBF8F
:10C3A00070B50D4690B00446014640226846F4F749
:10C3B00081FA0026684600F075F8761C0A2EF9D33B
:10C3C0000098216808440090019861680844019031
:10C3D0000298A168084402900398E1680844039019
:10C3E00004982169084404900598616908440590FF
:10C3F0000698A169084406900798E16908440790E7
:10C400000898216A084408900998616A08440990CC
:10C410000A98A16A08440A900B98E16A08440B90B4
:10C420000C98216B08440C900D98616B08440D909A
:10C430000E98A16B08440E900F98E16B08440F9082
:10C4400000206946820011F82030AB5431F82030CA
:10C450002A441B0A537051F820301B0C937051F87A
:10C460002030401C1B0ED3701028EBD340216846AF
:10C4700012F0BEFA10B070BD10B5842101200CF08E
:10C480004FFE040003D00DF08DF9204610BD0020B2
:10C4900010BD10B504460DF07FF92046BDE81040F0
:10C4A0000EF098BC2DE9F8430C24804608230422A2
:10C4B0000021009400F036F80D2509230522012102
:10C4C0004046009500F02EF80E260A23062202218F
:10C4D0004046009600F026F80F270B230722032181
:10C4E0004046009700F01EF80A230522002140462E
:10C4F000009700F017F80B23062201214046009414
:10C5000000F010F80823072202214046009500F0B1
:10C5100009F80923042203214046009600F002F89E
:10C52000BDE8F88370B550F8215050F82260049CA3
:10C530002E4440F8216050F8245075404FEA3545AC
:10C5400040F8245050F823602E4440F8236050F8FF
:10C55000225075404FEA355540F8225050F821607E
:10C56000354440F8215050F8241069404FEA3161B9
:10C5700040F8241050F823400C4440F8234050F871
:10C58000221061404FEA716140F8221070BD000036
:10C5900010B5054CB2F5807F03D10DF011F90028DC
:10C5A00000D0204610BD0000009FFFFF10B50DF029
:10C5B0007EF910F1510F00D1004810BD009FFFFF20
:10C5C0002DE9F0471446DDE90B65DDE908790A46F7
:10C5D00082461946DDF828800DF0D2FA002814D1E1
:10C5E0004A46394650460DF037FB00280DD13346F8
:10C5F0004246214650460DF0EDFA002805D1294665
:10C600005046BDE8F0470DF011BABDE8F08710B50F
:10C61000E82101200CF084FD040003D00DF09EFA07
:10C62000204610BD002010BD10B504460DF085FA5F
:10C630002046BDE810400EF0CDBB1FB590F8D010DD
:10C6400011F00F010CD0002200920192029203928D
:10C65000C1F110026946843012F050FA04B010BDE6
:10C660000020FBE710B5054CB2F5807F03D10DF03B
:10C6700085FA002800D0204610BD0000009FFFFF73
:10C6800010B501EB810202EB811100EBC10494F8BB
:10C6900024002034012807D1D4F8180120B116F065
:10C6A00007FB0020C4F818012068002804DB09F00B
:10C6B00091FA4FF0FF30206010BD3EB5054601EB0A
:10C6C000810000EB811005EBC00400226946203494
:10C6D000E8682BF073FD012851D10098D4F81011AF
:10C6E00088424CD100226946E8682BF00FFE9DF885
:10C6F00004000C280BD2DFE800F00F0F0A06080830
:10C700000808080808080A2102E00B2100E00421BB
:10C71000204600F05BF92FE002980088001DA4F885
:10C7200020020020A4F82202B4F8050041BA04F562
:10C730008E702AF051F9002104F58F702AF04CF91F
:10C7400002980088801E81B204F590702AF044F9A6
:10C75000002006E0029A811C515C2218401C82F8DD
:10C76000221102990988891E8142F3D80320207181
:10C7700021F0B4FEC4F82402029816F099FA3EBDE6
:10C780002DE9F0478846064601EB810101EB881050
:10C7900008EB880206EBC00402EB881106EBC1012E
:10C7A00054F8200FB1F82A5108280DD2C21700EB17
:10C7B000527106EBE10100F007030A7E4FF0010918
:10C7C00009FA03F10A420BD1002D07D0D4F80C016D
:10C7D00021F086FE41F28831884235D8BDE8F087E5
:10C7E000072D02D2C5F1070104E0B4F8091049BAD7
:10C7F000491B891D8AB261190023491D0AF0A0FA5C
:10C80000071E21D005DAFCF72BFD00680B281BD191
:10C81000E4E721F063FEC4F80C01B4F80A01072D27
:10C82000384480B2A4F80A0114D20728D6D3B4F849
:10C83000090041BAFE2907D840BA022804D3B4F847
:10C84000070040BA0028C9D041463046BDE8F0474D
:10C85000FFF716BF0728C1D3B4F8091049BA891DDC
:10C860008142BBD116F0E6F9050006D0B4F8090004
:10C8700040BA801C288000200AE02046BDE8F0472E
:10C88000042100F0A3B821182A18C97A9170401C1D
:10C890002988891E8142F6D82B8805F1020C981E42
:10C8A00087B24FF6FF7000214AF2010A11E000BF83
:10C8B0001CF80120504000225FEAC07802D08AEACA
:10C8C000500000E04008521CD2B2082AF4D3491CA0
:10C8D00089B2B942ECD3691C020A5A5429886854B7
:10C8E000284616F069FC0C280FD2DFE800F0170E7E
:10C8F0000C080E060E0E0A0C0C0C012106E00A2193
:10C9000004E0022102E0032100E00421204600F0BF
:10C910005DF82846BDE8F04716F0CAB97068C4E96A
:10C9200045057069411C7161C4F8100184F80490D8
:10C9300054E770B50E46054601EB860000EB861005
:10C9400005EBC00454F8200F08280BD2C21700EBE7
:10C95000527105EBE10100F00703497E01229A4084
:10C96000114208D1D4F8240221F0BAFD41F28831F5
:10C97000884215D270BDB4F82022B4F8221204F512
:10C980008E73521A194400230AF08CFE00280DDA27
:10C99000FCF766FC01680B29ECD000680B28E9D095
:10C9A00031462846BDE87040FFF76ABEE2D0B4F8D1
:10C9B0002212084480B2A4F82202B4F8201288425D
:10C9C000D8D100202071A4F80A0170BD70B50446CA
:10C9D0000920A4F820020020A4F82202B4F80500DF
:10C9E0000D4641BA04F58E7029F0F6FF002104F5DA
:10C9F0008F7029F0F1FF032104F5907029F0ECFF0E
:10CA0000E07A84F82201207B40F0800084F8230142
:10CA100084F8245121F062FDC4F82402032020711F
:10CA200070BD000070B505465FF0000404EB8400A3
:10CA300000EB841005EBC001086A002828DB91F8A0
:10CA4000240030B1012809D0022818D003281FD1B2
:10CA50001AE021462846FFF793FE19E001F120066F
:10CA600000231A4601F59871A8682BF0DFF9012818
:10CA70000ED1022030710020C6F8180108E02146CE
:10CA80002846FFF71AFE03E021462846FFF751FF2C
:10CA9000641C042CCAD370BD05462BF019FF044654
:10CAA0004FF47A7007F097FC064600204FF00047DD
:10CAB00005E000BF05EB8001401CC0B2CC602968D6
:10CAC00009788142F6D8022029F0CAFE2868007849
:10CAD00020B12968002401200B780FE030463CE0AB
:10CAE00005EB8001CA6805EB8401C9688A4203D05E
:10CAF000891AB94200D20446401CC0B28342EFD822
:10CB000005EB8409D9F80C802BF0E2FEA0EB0801BC
:10CB1000B9421ED2214628461CF02AFF2BF0D8FE2F
:10CB2000824604EB840101EB44110C22286802EBDD
:10CB30008101D9F80C80405807F04DFC0146AAEB62
:10CB40000800B0FBF1F0401C00FB0181C9F80C109B
:10CB5000B9E7A8EB0000B042C0D829F0B7FBB2E7B4
:10CB60003EB5144638B134B119B142F21B129142AC
:10CB700003D903203EBD01203EBD01900844029030
:10CB8000694601A81DF0FBFD18B19DF800000228C0
:10CB900001D002203EBD42F2AC112046F3F7B1FEB7
:10CBA000214601A801F0CFF818B9DDE9010188425A
:10CBB00001D004203EBD204600F09AFE0A2803D092
:10CBC0000028F7D005203EBD06203EBD2DE9FE43DE
:10CBD0001F46040019D0C1B1BFB14FF00009C7F81A
:10CBE000009000918818CDE901100221684629F0D3
:10CBF0009CFF00287ED02178684629F096FF002807
:10CC0000F8D02078012803D024E00120BDE8FE837D
:10CC1000211D684629F017FF0028EBD004F1080118
:10CC2000684629F010FF0028E4D004F10C016846A2
:10CC300029F009FF0028DDD004F11001684629F031
:10CC400002FF0028D6D004F11401684629F0FBFE4B
:10CC50000028CFD06846A16929F051FF0028C9D02B
:10CC6000217F684629F061FF0028C3D0E18B684628
:10CC700029F035FF0028BDD0218C684629F02FFF10
:10CC80000028B7D004F12401684629F0C4FE00282A
:10CC900030D004F59671684629F0BDFE002829D0F1
:10CCA00094F83412684629F040FF002822D094F806
:10CCB000340204F58056012850D1B4F8362204F528
:10CCC0000E71684629F0F9FE002813D0B4F8381325
:10CCD000684629F004FF00280CD004F23A35E846F3
:10CCE0002978404629F021FF002803D0287840B158
:10CCF0006A8800E054E0291D404629F0DEFE002845
:10CD00004ED0B4F8402404F24241684629F0D5FEE2
:10CD1000002845D0B4F8442504F24651684629F06D
:10CD2000CCFEE8B3B4F8482604F24A61684629F01C
:10CD3000C4FEA8B3B6F84C16684629F0D0FE78B306
:10CD400041F24E602118684629F08FFE40B341F24F
:10CD50005A702118684629F088FE08B396F86818BA
:10CD6000684629F0E2FED8B1002545E005EB8500D4
:10CD700000EB451004EB800041F66C0100EB01086C
:10CD8000684698F8001029F0D0FE48B198F80110D4
:10CD9000684629F0CAFE18B1B8F80210684600E0EB
:10CDA0003BE029F09CFEC0B398F80100022801D0B6
:10CDB000032805D198F80410684629F0B6FE60B340
:10CDC0006846D8F8081029F09AFE30B3B8F80C106D
:10CDD000684629F084FE00B3B8F80E2008F110016F
:10CDE000684629F06AFEC0B198F89210684629F0AA
:10CDF0009CFE90B16D1CEDB296F86808A842B5D8BB
:10CE0000DDE90010401A386003D042F21B1188425D
:10CE100006D90520C7F80090F8E6FFE70720F5E6F9
:10CE20000020F3E603480078012801D00020704775
:10CE300001487047F4C10120E87200102DE9FE435B
:10CE40008B4C207830B1012802D00220BDE8FE834F
:10CE50000020FBE708F0A8FB5FEA000802D00220F0
:10CE60002070A2E301202070824C83A10020F8F7FB
:10CE700001FE207850B101280AD086A287A10020A7
:10CE8000F8F7F8FD2078012804D035E08CA2F5E70A
:10CE90008DA2F3E7E179A079CDE9000163792279E8
:10CEA0008BA10020F8F7E6FDE17AA07ACDE9000138
:10CEB000637A227A93A10020F8F7DCFDE17BA07B66
:10CEC000CDE90001637B227B9BA10020F8F7D2FD16
:10CED000E17CA07CCDE90001637C227CA2A1002042
:10CEE000F8F7C8FDE17DA07DCDE90001637D227DDD
:10CEF000AAA10020F8F7BEFD207F002828D0012835
:10CF000028D0022828D0032828D062A3E08B0090E4
:10CF1000B0490020A269F8F7ADFD228CAEA1002037
:10CF2000F8F7A8FD5FF0000606EB461004EBC0051D
:10CF300015F8240FA0B1012814D056A33246B2A18F
:10CF40000020F8F797FD287870B1012815D01FE070
:10CF5000B6A3DBE7B6A3D9E7B6A3D7E7B6A3D5E771
:10CF6000B6A3EBE7B8A3E9E7A81D0090AB8832466B
:10CF7000B7A10020F8F77EFD0AE06879EA79A9797F
:10CF80008DE807002B793246BCA10020F8F772FD2E
:10CF9000761CF6B2022EC7D394F8340258B1012899
:10CFA0000BD03CA2C1A10020F8F764FD94F8340234
:10CFB000012804D09BE2C5A2F4E7C7A2F2E7B4F8C7
:10CFC00038030090B4F8362204F50E73C4A1002093
:10CFD000F8F750FD94F83A0358B101280BD02DA270
:10CFE000CEA10020F8F746FD94F83A03012804D0BA
:10CFF0000BE0D5A2F4E7D6A2F2E7B4F83C2304F2A2
:10D000003E33D6A10020F8F735FDB4F8402404F2F1
:10D010004243DCA10020F8F72DFDB4F84425E3A13C
:10D020000020F8F727FD04F58055EEA1B5F84C2651
:10D030000020F8F71FFD95F84E0617F0F1FE0246A6
:10D04000F4A10020F8F716FD95F84E0601280ED140
:10D0500041F252602318B5F85026FAA10020F8F7E3
:10D0600009FD41F2D660B5F8D426231804E213E294
:10D07000F4C10120E87200100D0A5B636F6E6669EF
:10D080006775726174696F6E5D20626567696E0DA8
:10D090000A000000756E6B6E6F776E005B636F6EDB
:10D0A00066696775726174696F6E5D5B6E657477D2
:10D0B0006F726B5D206D6F64653D25730D0A000016
:10D0C0006468637000000000737461746963000039
:10D0D0005B636F6E66696775726174696F6E5D5BC5
:10D0E0006E6574776F726B5D2069705F61646472E6
:10D0F0006573733D25752E25752E25752E25750DA9
:10D100000A0000005B636F6E66696775726174691F
:10D110006F6E5D5B6E6574776F726B5D20737562A9
:10D120006E65745F6D61736B3D25752E25752E25BB
:10D13000752E25750D0A00005B636F6E6669677555
:10D14000726174696F6E5D5B6E6574776F726B5D33
:10D1500020676174657761793D25752E25752E25CB
:10D16000752E25750D0A00005B636F6E6669677525
:10D17000726174696F6E5D5B6E6574776F726B5D03
:10D1800020646E735F7072696D6172793D25752ED2
:10D1900025752E25752E25750D0A00005B636F6EB3
:10D1A00066696775726174696F6E5D5B6E657477D1
:10D1B0006F726B5D20646E735F7365636F6E646125
:10D1C00072793D25752E25752E25752E25750D0A2E
:10D1D00000000000D4DD05085B636F6E666967754B
:10D1E000726174696F6E5D5B6D6F646275735F749D
:10D1F00063705D206C697374656E5F706F72743DEF
:10D2000025750D0A000000005B636F6E6669677527
:10D21000726174696F6E5D5B736E74705D5B2575B2
:10D220005D20747970653D25730D0A00384E31001C
:10D2300038453100384F3100384E3200686F737412
:10D240006E616D65000000006970763400000000BA
:10D250005B636F6E66696775726174696F6E5D5B43
:10D26000736E74705D5B25755D20686F73746E619D
:10D270006D653D252E2A730D0A0000005B636F6EFD
:10D2800066696775726174696F6E5D5B736E7470E9
:10D290005D5B25755D20697076343D25752E25759D
:10D2A0002E25752E25750D0A000000005B636F6E3C
:10D2B00066696775726174696F6E5D5B6D717474B8
:10D2C0005D206D6F64653D25730D0A0064697361AF
:10D2D000626C656400000000656E61626C656400EC
:10D2E0005B636F6E66696775726174696F6E5D5BB3
:10D2F0006D7174745D2062726F6B65725F616464DE
:10D30000726573733D252E2A732062726F6B65728E
:10D310005F706F72743D25750D0A00005B636F6E60
:10D3200066696775726174696F6E5D5B6D71747447
:10D330005D20636C69656E745F69645F6D6F6465C1
:10D340003D25730D0A00000064657269766564000E
:10D350006578706C69636974000000005B636F6ED0
:10D3600066696775726174696F6E5D5B6D71747407
:10D370005D20636C69656E745F69643D252E2A7358
:10D380000D0A00005B636F6E666967757261746990
:10D390006F6E5D5B6D7174745D20757365726E6127
:10D3A0006D653D252E2A730D0A0000005B636F6ECC
:10D3B00066696775726174696F6E5D5B6D717474B7
:10D3C0005D2070617373776F72643D3C7265646158
:10D3D000637465643E206C656E6774683D25750DE9
:10D3E0000A0000005B636F6E66696775726174693D
:10D3F0006F6E5D5B6D7174745D206B6565705F61F0
:10D400006C6976655F7365636F6E64733D25750D3A
:10D410000A0000005B636F6E66696775726174690C
:10D420006F6E5D5B6D7174745D5B6F6E6C696E6564
:10D430005F6D6573736167655D206D6F64653D2524
:10D44000730D0A005B636F6E66696775726174695C
:10D450006F6E5D5B6D7174745D5B6F6E6C696E6534
:10D460005F6D6573736167655D20746F7069633D9F
:10D47000252E2A730D0A00004FA10020F8F7FAFAB2
:10D4800095F8590708B15AA300E05BA395F858270F
:10D490005BA10020F8F7EEFA95F85A0717F0C0FCE8
:10D4A000024666A10020F8F7E5FA95F85A07012828
:10D4B0001DD141F25E702318B5F85C276BA10020E6
:10D4C000F8F7D8FA41F2E2702318B5F8E02774A112
:10D4D0000020F8F7CFFA95F8650808B144A300E0FA
:10D4E00045A395F864287BA10020F8F7C3FA04F55A
:10D4F000805786A197F868280020F8F7BBFA002625
:10D500004BE000BF06EB860000EB461004EB80000A
:10D5100041F66C0145186878B0B1012816D0022890
:10D5200016D0032816D0AFF2944069883246CDE970
:10D5300000012B7881490020F8F79CFA68780228CE
:10D540000AD0032808D012E07DA0EEE77EA0ECE729
:10D5500081A0EAE785A0E8E7287940B3012828D030
:10D56000AFF2D043324685A10020F8F783FA95F850
:10D570009210A889CDE9000132468C490020AB68A1
:10D58000F8F778FA05F110000090EB89324688A18F
:10D590000020F8F76FFA761CF6B297F86808B042E8
:10D5A000B0D88FA10020F8F765FA40464EE492A368
:10D5B000D8E793A3D6E700005B636F6E6669677573
:10D5C000726174696F6E5D5B6D7174745D5B6F6EBB
:10D5D0006C696E655F6D6573736167655D20706111
:10D5E000796C6F61643D252E2A730D0A00000000DE
:10D5F000747275650000000066616C736500000060
:10D600005B636F6E66696775726174696F6E5D5B8F
:10D610006D7174745D5B6F6E6C696E655F6D657363
:10D62000736167655D20716F733D25752072657448
:10D6300061696E3D25730D0A000000005B636F6E2B
:10D6400066696775726174696F6E5D5B6D71747424
:10D650005D5B77696C6C5F6D6573736167655D2099
:10D660006D6F64653D25730D0A0000005B636F6E8E
:10D6700066696775726174696F6E5D5B6D717474F4
:10D680005D5B77696C6C5F6D6573736167655D2069
:10D69000746F7069633D252E2A730D0A0000000027
:10D6A0005B636F6E66696775726174696F6E5D5BEF
:10D6B0006D7174745D5B77696C6C5F6D65737361BC
:10D6C00067655D207061796C6F61643D252E2A73FA
:10D6D0000D0A00005B636F6E66696775726174693D
:10D6E0006F6E5D5B6D7174745D5B77696C6C5F6DA3
:10D6F0006573736167655D20716F733D2575207279
:10D70000657461696E3D25730D0A00005B636F6E81
:10D7100066696775726174696F6E5D5B636F6C6C6F
:10D72000656374696F6E5D20706F696E745F636F9F
:10D73000756E743D25750D0A000000007CDE05083D
:10D74000636F696C000000006469736372657465DF
:10D750005F696E7075740000686F6C64696E675FF6
:10D76000726567697374657200000000696E707598
:10D77000745F726567697374657200005B636F6ED6
:10D7800066696775726174696F6E5D5B636F6C6CFF
:10D79000656374696F6E5D5B25755D20646174619E
:10D7A0005F747970653D25730D0A000024DE05085D
:10D7B0005B636F6E66696775726174696F6E5D5BDE
:10D7C000636F6C6C656374696F6E5D5B25755D205E
:10D7D000746F7069633D252E2A730D0A00000000E6
:10D7E0005B636F6E66696775726174696F6E5D20E9
:10D7F000656E640D0A00000075696E7431360000B4
:10D80000696E7431360000002DE9F0411C4C8046F1
:10D810000D462078012802D00220BDE8F081B8F141
:10D82000000F04D01DB142F21B10854201D9012026
:10D83000F3E7144A4046FFF793F9062802D018B1DF
:10D840000520EAE70320E8E7607808B1A17831B164
:10D85000002630B16768022F03D07F1C02E001264A
:10D86000F7E700272B4642463946304629F048F86C
:10D870000028D2D101216170A6706760CDE7000059
:10D88000F4C101209494001070B504002CD042F231
:10D89000AC11F3F736F8002525704FF41650A0614F
:10D8A000032020774FF47A70E0834FF4FB702084DC
:10D8B00084F824500E2020850F220C4904F12A0000
:10D8C000F2F7F8FF84F82C510F200849A4F8300132
:10D8D00010220F3104F59970F2F7ECFF84F83452FE
:10D8E00004F5805484F8685870BD00001DC905080F
:10D8F0002DE9F047040006D02078012805D0E8B3D0
:10D900000220BDE8F0870120FBE7201D07F026FE7E
:10D910000028F5D004F10805284607F033FEC1437E
:10D920000028EDD00129EBD9286806F074FD002805
:10D93000E6D02946201DFCF702F80028E0D0281D7B
:10D94000064607F00BFE0028DAD029463046FBF7E2
:10D95000F6FF0028D4D0D4E90101E26800EA01030F
:10D9600011408B42CCD19042CAD004F1100007F094
:10D97000F5FD0028C4D004F1140000E007E007F032
:10D98000EDFD0028BCD0D4E904018842B8D0A069DC
:10D99000B0F5964F16D00CDCB0F5966F12D0B0F5FE
:10D9A000166F0FD0B0F5965F0CD0B0F5165F18D19A
:10D9B00008E0B0F5164F05D0B0F5614F02D0B0F5D4
:10D9C000E13F0ED1207F28B1012803D0022801D0E9
:10D9D000032806D1E08B322803D340F6B83A5045ED
:10D9E00001D903208DE7208C90B104F12400054675
:10D9F00004F050FD50B104F59670064604F04AFD5F
:10DA000020B13146284604F051FD18B1052078E7D1
:10DA1000042076E794F8340204F58056012802D0F9
:10DA2000F0B306206DE704F2362006F05BFA00281A
:10DA3000F7D0B4F838030028F3D004F23A354FF4A5
:10DA400080792878E8B10128EBD168880028E8D0EF
:10DA50004845E6D8291D405C0028E2D100270DE0AA
:10DA6000E81900798046FEF77FFA28B9B8F15F0F10
:10DA700002D0B8F12D0FD4D17F1CBFB26888B84254
:10DA8000EED8B4F840144D464B46012204F2424011
:10DA900028F0AFFE0028C4D0B4F844152B4600E0AF
:10DAA0002AE0012204F2465028F0A3FE0028B8D054
:10DAB000B6F84C061E28B4D3B0F5616FB1D841F268
:10DAC0004E60204417F088F90028AAD041F25A701D
:10DAD000204417F081F90028A3D004F5C960FEF7AF
:10DAE0009CFB002893D194F8340228B196F868087A
:10DAF000401E102804D205E096F86808002886D059
:10DB00000820FEE6002763E007EB870000EB4710E4
:10DB100004EB800041F66C01451828780028EFD00E
:10DB2000F728EDD8A868B0F57A7FE9D32E49884266
:10DB3000E6D8A8893228E3D35045E1D805F10E0094
:10DB4000814627F0FBFA0028DAD095F892000128E8
:10DB5000D6D8687848B1012807D0022801D0032818
:10DB6000CED1287908B10128CAD196F84E060128ED
:10DB700007D141F250602118484627F0C3FA002827
:10DB8000BED096F85A07012807D141F25C702118DF
:10DB9000484627F0B7FA0028B2D007F1010808F08C
:10DBA000FF0541F67A070DE005EB850000EB451017
:10DBB00004EB8000C119484627F0A4FA00289FD042
:10DBC0006D1CEDB296F86808A842EDD808F0FF0782
:10DBD00096F86808B84297D820461DF0EDFA08B1CB
:10DBE00000208EE609208CE680EE360070B54FF0FE
:10DBF000FF320024094D0DE0035D5A400023D60793
:10DC000002D085EA520200E052085B1CDBB2082B0E
:10DC1000F5D3641C8C42EFD3D04370BD2083B8EDA4
:10DC20002DE9F0438DB0884604466E4630213046DB
:10DC3000F2F767FE002504F120091020211811F8E1
:10DC4000012D521C12F0FF020A7002D1401E002862
:10DC5000F4DC33462246012148460AF04EFE070016
:10DC600018D110351036302DE7DB694618F8002042
:10DC70000B5C53400B54401C3028F7DB4FF4807290
:10DC800048460AF0B7FE070004D108AD95E80F003A
:10DC900084E80F003021684610F0AAFE0DB0384627
:10DCA000BDE8F083F7F724BE2DE9F0411E46DDE91B
:10DCB00006578846040007D036B12FB10DB1954202
:10DCC00004D90B20BDE8F0810120FBE72088411F2B
:10DCD000FC2903D22179491D884201D00220F1E7B5
:10DCE000204606F0E9F820B1E178414503D007204D
:10DCF000E8E70420E6E7A0781DF06AFC30B1E81DF3
:10DD00002179C008814203D00920DBE70320D9E74D
:10DD10002946601D1AF0AFF908B100200DE00A2075
:10DD2000D0E700BF04EBD00100F007024979D140F1
:10DD300001F001013954401C80B2A842F2D3A0780E
:10DD400030700020BEE72DE9F8430C4680461CF0F9
:10DD500016FD00287CD02078012802D0002877D139
:10DD600021E0211D40461CF073FC0028F2D004F194
:10DD7000080140461CF06CFC0028EBD004F10C01BB
:10DD800040461CF065FC0028E4D004F11001404638
:10DD90001CF05EFC0028DDD004F1140140461CF0AC
:10DDA00057FC0028D6D004F1180140461CF0D2FCE4
:10DDB0000028CFD004F11C0140461CF0E0FC0028F4
:10DDC000C8D004F11E0140461CF0B6FC0028C1D0AA
:10DDD00004F1200140461CF0AFFC0028BAD004F149
:10DDE000240140461CF018FC0028B3D004F59671BD
:10DDF00040461CF011FC0028ACD004F50D714046E3
:10DE00001CF0BDFC0028A5D094F83402012802D0F3
:10DE10000028A4D162E004F23620811C0090FD238A
:10DE2000012240461CF06BFC002811D004F54E7115
:10DE300040461CF081FC00280AD004F23A354646E0
:10DE4000294640461CF09BFC002801D0287800E0C1
:10DE50006DE04FF4807758B1012868D1A81C00907C
:10DE60003B460122291D30461CF049FC00285ED0AB
:10DE700004F58860811C00903B46012240461CF05E
:10DE80003EFC002853D004F24450811C00903B46D5
:10DE9000012240461CF033FC00287BD004F5C96009
:10DEA000811C00904FF48053012240461CF027FC57
:10DEB000E8B341F24C60211840461CF03DFCB0B381
:10DEC00041F24E60211840461CF0EBFB78B341F262
:10DED0005A70211840461CF0E4FB40B341F668003C
:10DEE000211840461CF04BFC08B304F5805797F806
:10DEF000680810284ED8002645E006EB860000EBA7
:10DF0000461004EB800041F66C0145182946404656
:10DF10001CF035FC58B1691C40461CF030FC30B197
:10DF2000A91C40461CF008FC08B1687800E031E00C
:10DF3000022805D0032803D038B101282AD104E0F3
:10DF4000291D40461CF01BFC20B305F1080140468A
:10DF50001CF000FCF0B105F10C0140461CF0ECFB9C
:10DF6000C0B105F10E00811C0090802301224046C3
:10DF70001CF0C5FB70B105F1920140461CF0FFFB9F
:10DF800040B1761CF6B297F86808B042B5D80020C8
:10DF9000BDE8F8830420FBE72DE9F0411D46DDE9EB
:10DFA00006768846040007D035B12EB10FB19742EE
:10DFB00004D90B20BDE8F0810120FBE72088411F38
:10DFC000FC2903D22179491D884201D00220F1E7C2
:10DFD000204605F071FF40B1A0781DF0F9FA30B18C
:10DFE000E178414505D00720E4E70420E2E703207B
:10DFF000E0E72079C10702D141088F4201D0092012
:10E00000D8E70020032308E003EB400222445288B3
:10E0100052BA26F81020401C80B28842F4D3A0786F
:10E0200028700020C6E72DE9F0410546C06D17466F
:10E03000C01DC4080E46A34200D81C4622463946DD
:10E0400030460FF0EEFF070018D1E86DB0EBC40FBB
:10E0500006D2C0EBC401304610F09AF807000DD18B
:10E0600005F14C010C4630460FF09CF8002805DB0A
:10E0700031462246084610F057F907463846BDE8B3
:10E08000F081000058B1426A002A0FD05379082B62
:10E090000CD10968D269914208D100F0C3BA04A337
:10E0A00040F28B3210A114A0FBF7A0B8704700001B
:10E0B0002E2E2F4D6964646C6577617265732F54E1
:10E0C000686972645F50617274792F4C7749502F80
:10E0D0007372632F636F72652F697076342F646873
:10E0E00063702E63000000006E6574696620213D38
:10E0F000204E554C4C000000417373657274696F7B
:10E100006E2022257322206661696C65642061742B
:10E11000206C696E6520256420696E2025730A00D5
:10E120002DE9FC4105001AD06C6AECB10023638232
:10E13000A16A4FF03C07B1F1FF3F4FF480364FF03A
:10E1400001024FF6FF7019D01E31B1FBF7F1B14259
:10E1500000D301460904090CA1820ED00EE02DA3C4
:10E1600040F2154239A103E02AA340F217423EA132
:10E1700043A0FBF73BF8BDE8FC81A282E16AB1F164
:10E18000FF3F0CD01E31B1FBF7F1B14200D3014685
:10E190000904090C618100D162816189E181216BEF
:10E1A000B1F1FF3F0CD01E31B1FBF7F1B14200D30A
:10E1B00001460904090CA18100D1A281A189218213
:10E1C0006289A1898A4201D301B16381E17909B1F0
:10E1D000206A08E0217F7F2901D8FF2003E0C029C1
:10E1E00001D36FF07F400090606A019028B9E06928
:10E1F0000099084040F0807001900A21204601F00B
:10E20000C7FA01AB6A4604F11C01284619F00EFB5F
:10E21000B1E700002E2E2F4D6964646C6577617242
:10E2200065732F54686972645F50617274792F4C02
:10E230007749502F7372632F636F72652F69707601
:10E24000342F646863702E6300000000646863709C
:10E250005F62696E643A206E6574696620213D20B4
:10E260004E554C4C00000000646863705F62696E3C
:10E27000643A206468637020213D204E554C4C0068
:10E28000417373657274696F6E2022257322206654
:10E2900061696C6564206174206C696E6520256419
:10E2A00020696E2025730A0070B5446A054608216E
:10E2B000204601F06DFA002204F11C01284604F00A
:10E2C000B5FDA079FF2801D2401CA0714FF4FA716E
:10E2D00040F2E730B0FBF1F0208170BD70B5294805
:10E2E00004684CE0606AA0B3417991B3818A69B156
:10E2F000418A491C89B24182828A914206D12046D4
:10E3000001F07CF8204601F04BFA37E0018A19B1A0
:10E310004A1E0282012906D0C189D1B14A1EC2819A
:10E32000012917D02AE0656A20466979012905D0BC
:10E330000A2903D0052901D004291FD100F0E2FEEB
:10E34000A88A698A401A022818DB00EBD0704008BE
:10E35000288213E0656A20466979012903D00A29D9
:10E3600001D005290AD101F0A7F8A889698A401AC5
:10E37000022803DB00EBD0704008E8812468002C01
:10E38000B0D170BDB00000202DE9F0479946164687
:10E390000D4607001BD0002D1ED04FF49A744FF489
:10E3A00020722146362019F0D9FEB0F100081BD0AA
:10E3B000B8F80A00A246504506D232A340F2717264
:10E3C0003EA14EA0FAF712FF032E12D10EE02DA3AC
:10E3D00040F2697253A103E02AA340F26A7259A184
:10E3E00046A0FAF703FF0020BDE8F087687903280C
:10E3F00008D1A8795B4C08B1A06802E0F2F77EF87A
:10E40000A0602860D8F8044051462046F2F779FA17
:10E4100001202070607097F83000A070286807F025
:10E42000B1FC6060082E0AD0042E08D0072E06D05A
:10E43000032E06D16879052801D0042801D1786817
:10E44000E060002039182218401C91F82A1080B290
:10E4500011770628F6D34448C4F8EC0004F1F00123
:10E46000012335220C46002000F0D6FA3246214620
:10E4700000F01EFBB9F1000F01D0A9F800004046E2
:10E48000B2E700002E2E2F4D6964646C65776172CF
:10E4900065732F54686972645F50617274792F4C90
:10E4A0007749502F7372632F636F72652F6970768F
:10E4B000342F646863702E6300000000646863702A
:10E4C0005F6372656174655F6D73673A2063686549
:10E4D000636B207468617420666972737420706263
:10E4E00075662063616E20686F6C6420737472754A
:10E4F000637420646863705F6D7367004173736554
:10E500007274696F6E2022257322206661696C65C2
:10E5100064206174206C696E6520256420696E201A
:10E5200025730A00646863705F6372656174655F78
:10E530006D73673A206E6574696620213D204E55E3
:10E540004C4C0000646863705F6372656174655F62
:10E550006D73673A206468637020213D204E554CEE
:10E560004C000000E40000206382536310B50B4CA4
:10E570002078002805D10AA3FF2217A11FA0FAF7CF
:10E5800035FE2078401E10F0FF00207004D1E068B6
:10E5900027F058F90020E06010BD0000E4000020E2
:10E5A0002E2E2F4D6964646C6577617265732F54EC
:10E5B000686972645F50617274792F4C7749502F8B
:10E5C0007372632F636F72652F697076342F64687E
:10E5D00063702E6300000000646863705F706362A4
:10E5E0005F726566636F756E7428293A207265667E
:10E5F000636F756E74206572726F7200417373651C
:10E600007274696F6E2022257322206661696C65C1
:10E6100064206174206C696E6520256420696E2019
:10E6200025730A00FEB5446A06460C21204601F017
:10E63000AFF802AB042221463046FFF7A5FE0500E5
:10E6400028D069680423F03132220F46BDF8080053
:10E6500000F0E2F9ADF80800E06907F093FB02462C
:10E660003946BDF8080000F081FAADF808002A46E6
:10E67000394600F04BFB0F484323CDE900600F48BB
:10E680000D4A2946C06827F0BDFA064628461AF00A
:10E690007FF901E04FF0FF36A079FF2801D2401C3E
:10E6A000A07142F603104FF4FA71B0FBF1F0208133
:10E6B0003046FEBD988F05089C8F0508E4000020B9
:10E6C0002DE9FE4F446A07464FF000090621204617
:10E6D000C4F81C9001F05CF802AB012221463846D8
:10E6E000FFF752FE06003BD071680223F0318A46E4
:10E6F00039225546BDF8080000F08EF9ADF8080043
:10E700003A8D294600F09EFAADF80800042337221E
:10E71000294600F081F9DFF88480ADF80800002573
:10E72000514618F80520BDF8080000F0C1F96D1C2D
:10E73000EDB2ADF80800042DF2D33246514680B256
:10E7400000F0E4FA16484323CDE900701348154A57
:10E75000401E3146C06827F055FA30461AF018F9C5
:10E76000A079FF2801D2401CA071C1B2062902D2B3
:10E770000120884000E03C2000EB4001C1EBC010CC
:10E780004FF6FF7101EAC0004FF4FA7100F2F31086
:10E79000B0FBF1F020814846BDE8FE8FE500002087
:10E7A000988F05089C8F050870B50B4800250468F4
:10E7B0000EE0606A58B10189012903D9A1F1010174
:10E7C000018104E003D10581204601F08BF8246823
:10E7D000002CEED170BD0000B0000020F8B5446AF6
:10E7E00000201F4D20626062EA78A5F128060AB178
:10E7F000F268A2622A790AB1326901E0A26A52087B
:10E80000E2626A790AB1726903E0A26AC2EBC202EB
:10E81000D20822630969E161A97921B1B06907F0E1
:10E82000B1FA20620120E071E87918B1F06907F0CF
:10E83000A9FA606200240DE006EB8400006A07F08C
:10E84000A1FA00906946204601F008FD641CE4B27C
:10E85000022C03D22819007A0028EDD1F8BD00005F
:10E86000D8D6012010B5154C207800281ED1E068BC
:10E87000002805D012A3E5221FA129A0FAF7B6FCB3
:10E8800026F08CFFE060B0B1417A442241F02001D3
:10E8900041722D4926F0C2FC43222B49E06826F044
:10E8A0005DFD00222949E06826F088FF2078401CA1
:10E8B0002070002010BD4FF0FF3010BDE40000209C
:10E8C0002E2E2F4D6964646C6577617265732F54C9
:10E8D000686972645F50617274792F4C7749502F68
:10E8E0007372632F636F72652F697076342F64685B
:10E8F00063702E6300000000646863705F696E637C
:10E900005F7063625F726566636F756E7428293A23
:10E91000206D656D6F7279206C65616B0000000081
:10E92000417373657274696F6E20222573222066AD
:10E9300061696C6564206174206C696E6520256472
:10E9400020696E2025730A00988F0508DDF2020801
:10E9500070B5446A0546002C22D060790026042850
:10E9600018D004DC00281BD0032804D112E00528AD
:10E9700010D00A280ED00C2806D90AA340F26D3216
:10E9800016A11BA0FAF732FCA6712846BDE870401C
:10E99000FFF796BEA6712846BDE8704000F01EBC89
:10E9A00070BD00002E2E2F4D6964646C6577617216
:10E9B00065732F54686972645F50617274792F4C6B
:10E9C0007749502F7372632F636F72652F6970766A
:10E9D000342F646863702E6300000000696E7661F6
:10E9E0006C696420646863702D3E737461746500A3
:10E9F000417373657274696F6E20222573222066DD
:10EA000061696C6564206174206C696E65202564A1
:10EA100020696E2025730A002DE9F0411D46044649
:10EA20002844801C17460E46442806D907A340F206
:10EA30009A52144914A0FAF7D9FB3755641CA0B2B6
:10EA40003554401C80B2BDE8F08100002E2E2F4DC1
:10EA50006964646C6577617265732F546869726468
:10EA60005F50617274792F4C7749502F7372632F06
:10EA7000636F72652F697076342F646863702E63DC
:10EA80000000000078CB0508417373657274696FEC
:10EA90006E2022257322206661696C656420617492
:10EAA000206C696E6520256420696E2025730A003C
:10EAB00070B515460E460446442806D305A340F219
:10EAC000A65212A11FA0FAF791FB3555641CA0B203
:10EAD00070BD00002E2E2F4D6964646C65776172E5
:10EAE00065732F54686972645F50617274792F4C3A
:10EAF0007749502F7372632F636F72652F69707639
:10EB0000342F646863702E630000000064686370D3
:10EB10005F6F7074696F6E5F627974653A206F70B1
:10EB200074696F6E735F6F75745F6C656E203C20E7
:10EB3000444843505F4F5054494F4E535F4C454EED
:10EB400000000000417373657274696F6E202225A6
:10EB50007322206661696C6564206174206C696E43
:10EB60006520256420696E2025730A0070B505466E
:10EB7000001D14460E46442806D90BA340F2B75296
:10EB800017A126A0FAF732FB200E70556D1CA8B213
:10EB9000210C3154401C80B2210A3154401C80B2F7
:10EBA0003454401C80B270BD2E2E2F4D6964646CAD
:10EBB0006577617265732F54686972645F50617222
:10EBC00074792F4C7749502F7372632F636F72657E
:10EBD0002F697076342F646863702E630000000024
:10EBE000646863705F6F7074696F6E5F6C6F6E677F
:10EBF0003A206F7074696F6E735F6F75745F6C65C8
:10EC00006E202B2034203C3D20444843505F4F5021
:10EC100054494F4E535F4C454E000000417373659D
:10EC20007274696F6E2022257322206661696C659B
:10EC300064206174206C696E6520256420696E20F3
:10EC400025730A0070B50446801C15460E464428FC
:10EC500006D907A340F2AE5213A122A0FAF7C6FAD2
:10EC6000280A3055641CA0B23554401C80B270BDD7
:10EC70002E2E2F4D6964646C6577617265732F5415
:10EC8000686972645F50617274792F4C7749502FB4
:10EC90007372632F636F72652F697076342F6468A7
:10ECA00063702E6300000000646863705F6F7074AF
:10ECB000696F6E5F73686F72743A206F7074696FFA
:10ECC0006E735F6F75745F6C656E202B2032203C15
:10ECD0003D20444843505F4F5054494F4E535F4C82
:10ECE000454E0000417373657274696F6E20222572
:10ECF0007322206661696C6564206174206C696EA2
:10ED00006520256420696E2025730A00FF230B54BB
:10ED1000401C80B2002302E00B54401C80B2442807
:10ED2000FAD3F03081B2104619F05EBF2DE9F04FF2
:10ED300085B08246002004900A21AF48F1F7E1FD3A
:10ED4000BAF80A002C2816D3BAF80800AA4F4FF0D8
:10ED5000F009564607E000BFA9EB0102401A3668E9
:10ED60001FFA82F980B236B171894A464945F3D912
:10ED7000144602900DE16FF0010005B0BDE8F08F80
:10ED8000A01C80B24FF0FF350190A042F3D37389ED
:10ED9000621C934203D903982044407803E0306812
:10EDA00008B140680078342980464DD00BDC032937
:10EDB00021D003DCA1B101290DD114E0062924D012
:10EDC000332908D137E0352965D036296CD03A2966
:10EDD00075D03B297BD04FF0000800297FD042E05E
:10EDE00000208046F9E7042803D084A340F22E6275
:10EDF00026E00625F1E74FF00408042803D27FA39C
:10EE000040F2336213E00725E7E7830704D07BA3D2
:10EE100040F2396287A1C3E0082801D2434600E0EE
:10EE200008239846404504D274A340F23C6285A171
:10EE3000B6E00825D1E7042804D070A340F241626F
:10EE400085A1ADE00325C8E7012803D06BA340F2FC
:10EE50004F6225E0B9F1F00F04D068A340F251628F
:10EE600080A19DE000252044801CB0F5803F82D227
:10EE700084B2B8F1000F7ED0002000900A2D06D396
:10EE80005EA34FF4CF627DA181A0FAF7AFF9785D60
:10EE9000002826D06FE0012804D058A340F2556224
:10EEA00085A17DE0012598E7042806D053A340F210
:10EEB0005962C5E703E00AE011E002258DE7042866
:10EEC00003D04EA340F25D62BAE7042585E704282B
:10EED00003D04AA340F26162B2E705257DE794B210
:10EEE00049E04046B8F1040F00D3042083460246AF
:10EEF00069463046019B19F0BFFC58457FF43BAF93
:10EF0000B8F1040F1ED95FEA887004D03BA340F229
:10EF100081626CA144E001207855009806F032FF30
:10EF20003549283941F82500A8F1040000F0FF0810
:10EF300001980199001D80B28842FFF41CAF6D1C3E
:10EF400001909BE7B8F1040F07D0B8F1010F08D08A
:10EF50002AA34FF4D26261A122E0009806F012FFCA
:10EF600001E09DF8000000900120785522480099AA
:10EF7000283840F825107089A04217D8211A8CB281
:10EF80000299081A80B202908442BFF4F4AE366847
:10EF900016B1706803900AE018A340F29D6254A174
:10EFA0003BA0FAF723F96FF00500E6E63EB10298C0
:10EFB000844204D20398015DFF297FF4E1AE3878E2
:10EFC00050B10D48002128380068397001280ED052
:10EFD000022804D0032808D004980028E5D0002097
:10EFE00004904FF02C096C20B3E6012004904FF000
:10EFF0006C09EC20ADE60000D8D601202E2E2F4D56
:10F000006964646C6577617265732F5468697264B2
:10F010005F50617274792F4C7749502F7372632F50
:10F02000636F72652F697076342F646863702E6326
:10F03000000000006C656E2025252034203D3D2019
:10F04000300000006C656E203E3D206465636F6497
:10F05000655F6C656E0000006C656E203D3D203480
:10F06000000000006F7665726C6F616420696E202D
:10F0700066696C652F736E616D650000636865631A
:10F080006B206465636F64655F69647800000000ED
:10F09000417373657274696F6E2022257322206636
:10F0A00061696C6564206174206C696E65202564FB
:10F0B00020696E2025730A006C656E203D3D20316D
:10F0C000000000006465636F64655F6C656E2025F9
:10F0D000252034203D3D203000000000696E76611F
:10F0E0006C6964206465636F64655F6C656E0000C5
:10F0F0006E657874207062756620776173206E7516
:10F100006C6C00002DE9FC47446A07460421204648
:10F1100000F03EFB01AB032221463846FFF734F9ED
:10F1200006003BD071680223F031894639224D46F2
:10F13000BDF80400FFF770FCADF804003A8D2946D5
:10F14000FFF780FDADF80400042337222946FFF7BE
:10F1500063FCDFF88080ADF804000025494618F80C
:10F160000520BDF80400FFF7A3FC6D1CEDB2ADF85F
:10F170000400042DF2D33246494680B2FFF7C6FDA3
:10F1800014480097401E4323134A3146C06826F0B6
:10F1900099FC0546304619F0FBFB01E04FF0FF35C6
:10F1A000A079FF2801D2401CA071C0B20A2804D265
:10F1B0004FF47A7110FB01F001E042F2107080B25E
:10F1C0004FF4FA7100F2F310B0FBF1F02081284601
:10F1D000BDE8FC87E50000209C8F05082DE9FC4771
:10F1E000446A07460321204600F0D2FA01AB03220D
:10F1F00021463846FFF7C8F806004FD07168022351
:10F20000F031894639224D46BDF80400FFF704FC71
:10F21000ADF804004FF410722946FFF713FDADF866
:10F220000400042332222946FFF7F6FBADF8040060
:10F23000E06906F0A7FD02462946BDF80400FFF785
:10F2400095FCADF80400042337222946FFF7E4FBC0
:10F25000DFF88080ADF80400002500BF18F8052015
:10F260004946BDF80400FFF723FC6D1CEDB2ADF874
:10F270000400042DF2D33246494680B2FFF746FD22
:10F2800014480097401E4323134A3146C06826F0B5
:10F2900019FC0546304619F07BFB01E04FF0FF35C5
:10F2A000A079FF2801D2401CA071C0B20A2804D264
:10F2B0004FF47A7110FB01F001E042F2107080B25D
:10F2C0004FF4FA7100F2F310B0FBF1F02081284600
:10F2D000BDE8FC87E50000209C8F05082DE9F04182
:10F2E0004348516816464468656A002D7AD02879EB
:10F2F000002877D070892C2874D30878022871D11F
:10F30000002094F8302008E023180F1893F82A30D2
:10F310003F7FBB4266D1401CC0B2824201D9062861
:10F32000F2D3486806F02EFD296888425AD1294652
:10F330003046FFF7FBFC10BB2E494878F8B1A1F12D
:10F34000280277681079052804D0062821D00228E1
:10F3500036D047E06879012806D0032814D0042865
:10F3600012D0052810D03DE039462046FFF736FA86
:10F3700094F83100000703D52046FEF795FF31E0F1
:10F380002046FEF7CDFE2DE039462046FFF726FA4F
:10F39000F6E76879032805D0012803D0042801D0B6
:10F3A00005281FD10C21606A00F0F2F9124B2046AB
:10F3B0001A46114618F03AFA2046FFF781F911E093
:10F3C000687906280ED12546646A887850B10020F5
:10F3D0002081906806F0D6FCA0613869E06128467B
:10F3E00000F0D6F83046BDE8F04119F0D1BA00007F
:10F3F0008CD10120D8D60120988F05082DE9FE4335
:10F40000446A0746002C51D0607900284ED0A0698C
:10F4100002900025A561E561256265622563E562CC
:10F42000A562A58265822582E581384600F04CFA06
:10F4300060B301AB072221463846FEF7A5FF060060
:10F4400024D071680423F03136228846BDF80400C8
:10F45000FFF7E2FAADF80400029806F093FC0246CA
:10F460004146BDF80400FFF781FBADF804003246C9
:10F470004146FFF74BFC0E480097432302AA314652
:10F48000C06826F01FFB304619F082FA094B384657
:10F490001A46114618F0CAF90021204600F078F902
:10F4A0002079002802D0FFF761F82571BDE8FE83BE
:10F4B000E4000020988F05082DE9FC47446A0746C0
:10F4C0000521204600F064F901AB032221463846AD
:10F4D000FEF75AFF06003CD071680223F0318946DE
:10F4E00039224D46BDF80400FFF796FAADF8040046
:10F4F0003A8D2946FFF7A6FBADF804000423372216
:10F500002946FFF789FADFF88480ADF8040000256A
:10F51000494618F80520BDF80400FFF7C9FA6D1C2C
:10F52000EDB2ADF80400042DF2D33246494680B264
:10F53000FFF7ECFB15480097401E432304F1180227
:10F540003146C06826F0BEFA0546304619F020FA6A
:10F5500001E04FF0FF35A079FF2801D2401CA071D7
:10F56000C0B20A2804D24FF4FA6110FB01F001E0A6
:10F5700044F6206080B24FF4FA7100F2F310B0FB51
:10F58000F1F020812846BDE8FC870000E50000205E
:10F590002DE9FE43070073D07C6A002C7CD001214A
:10F5A000204600F0F5F802AB032221463846FEF76C
:10F5B000EBFE06007AD071680223F03189463922C9
:10F5C0004D46BDF80800FFF727FAADF808003A8D60
:10F5D0002946FFF737FBADF80800042332222946FD
:10F5E000FFF71AFAADF80800E06906F0CBFB024617
:10F5F0002946BDF80800FFF7B9FAADF80800042362
:10F6000036222946FFF708FAADF80800A06906F08F
:10F61000B9FB02462946BDF80800FFF7A7FAADF886
:10F620000800042337222946FFF7F6F9DFF8BC80EB
:10F63000ADF80800002500BF18F805204946BDF8C0
:10F640000800FFF735FA6D1CEDB2ADF80800042D87
:10F65000F2D33246494680B2FFF758FB2448432391
:10F66000CDE900702148234A401E3146C06826F08B
:10F67000C9FA0546304619F08BF919E000E00BE0B5
:10F680001DA340F277122AA130A0F9F7AFFD6FF069
:10F690000F00BDE8FE8309E017A340F2791235A1FF
:10F6A0002AA0F9F7A3FD6FF00500F2E74FF0FF3550
:10F6B000A079FF2801D2401CA071C0B2062802D256
:10F6C0000121814000E03C2101EB4100C0EBC11071
:10F6D0004FF6FF7101EAC0004FF4FA7100F2F31027
:10F6E000B0FBF1F020812846D3E70000E5000020C0
:10F6F000988F05089C8F05082E2E2F4D6964646C29
:10F700006577617265732F54686972645F506172C6
:10F7100074792F4C7749502F7372632F636F726522
:10F720002F697076342F646863702E6300000000C8
:10F73000646863705F73656C6563743A206E6574AA
:10F74000696620213D204E554C4C00004173736585
:10F750007274696F6E2022257322206661696C6560
:10F7600064206174206C696E6520256420696E20B8
:10F7700025730A00646863705F73656C6563743A2F
:10F78000206468637020213D204E554C4C000000E1
:10F7900042798A4203D04171002181710181704711
:10F7A00070B505006FF00F041AD095F83100C0074E
:10F7B0001BD0288D6C6A4FF0FF36B0F5107F0DD34B
:10F7C000002C1BD0207908B1FEF7D0FE3421204652
:10F7D000F1F797F8FFF746F8002816D0304670BDCD
:10F7E00014A340F2E72221A103E012A34FF43A72DE
:10F7F00022A12BA0F9F7FAFC204670BD342012F0AC
:10F80000D9FC0400EAD06C62E0E70120207195F891
:10F810003100400705D402212046FFF7B9FF002040
:10F8200070BD2846FEF74CFF0028F9D02846FFF7A8
:10F83000E5FDD3E72E2E2F4D6964646C6577617208
:10F8400065732F54686972645F50617274792F4CCC
:10F850007749502F7372632F636F72652F697076CB
:10F86000342F646863702E63000000006E65746955
:10F870006620213D204E554C4C0000006E65746999
:10F8800066206973206E6F742075702C206F6C6415
:10F89000207374796C6520706F72743F00000000F3
:10F8A000417373657274696F6E202225732220661E
:10F8B00061696C6564206174206C696E65202564E3
:10F8C00020696E2025730A0040B1406A30B140794A
:10F8D0000A2805D0052803D0042801D0002070474D
:10F8E0000120704710B5426A044651790C290BD0AB
:10F8F000062909D001290BD0082918D0032926D1BF
:10F900009079022820461ED3BDE81040FEF7D8BEED
:10F9100090790528204603D8BDE81040FFF738BE8F
:10F92000FFF76CFD2046BDE81040FFF739BF907926
:10F930000128204603D8BDE81040FEF7B5BCBDE85D
:10F940001040FEF7EDBBBDE81040FFF747BC10BD0F
:10F95000801841F1000110B5401E41F1FF31002334
:10F96000F0F790FD10BD00002DE9F047244E254D25
:10F97000002400BF55F8240020B1641CE4B2042C1C
:10F98000F8D329E0042C27D22E2025F014FF0700FD
:10F990004FF0000812D04FF4806900BFF0F7AEFDC1
:10F9A00082B24A45FAD31849384625F037FC10F19F
:10F9B000080FF3D020B1384625F044FF474604E055
:10F9C00000221249384625F0F9FE45F824701FB18F
:10F9D00034702046BDE8F08730780021401CC0B26A
:10F9E000042800D3002055F820200AB13070F1E738
:10F9F000491C401CC9B2C0B20429F1D30420E9E774
:10FA00008CC001200CCD0120988F050895FE0208BE
:10FA100001004FF000000AD0C97A4A1C022A06D21F
:10FA2000034A02EB81014968002900D00120704798
:10FA300090C001202DE9F35FDFF88880064600EBD7
:10FA40000611A8F58869002509EB0114AA4604F1FE
:10FA5000100B00BF05EB4507404658F8273053B15F
:10FA600000EB87010A7AB24205D14A6858460199EB
:10FA7000984748F827A06D1CEDB2042DEAD3002169
:10FA800004254846B1420DD001EB011200EB0212F1
:10FA9000937A022B06D1D27BE37B9A4202D1E573A3
:10FAA000BDE8FC9F491CC9B20429EBD3E07B0428C4
:10FAB000F6D2054E56F8200025F0C4FEE17B46F84C
:10FAC00021A0ECE75CD101200CCD01202DE9F04113
:10FAD0000746324E00EB071006EB0014042F06D346
:10FAE0002FA340F21C423AA140A0F9F77FFBA07A75
:10FAF000002850D000254FF0010801280CD0022822
:10FB000021D0032841D0BDE8F04125A340F25B425B
:10FB100040A136A0F9F76ABBF0F7F0FC81B20020F3
:10FB200000EB001206EB0212937A022B02D112892B
:10FB30008A42F1D0401CC0B20428F1D321810220B6
:10FB4000A072E57218E0207B401E10F0FF002073C9
:10FB500021D1607B401CC0B26073042805D02073A3
:10FB60003846BDE8F04100F0A5BA2046FFF750FF47
:10FB700030B1E07A401CE07284F80C806573EFE7E6
:10FB800000213846FFF756FF04E0206810B1401E00
:10FB9000206000D1A572BDE8F08100001CCD0120DD
:10FBA0002E2E2F4D6964646C6577617265732F54D6
:10FBB000686972645F50617274792F4C7749502F75
:10FBC0007372632F636F72652F646E732E63000010
:10FBD000617272617920696E646578206F75742036
:10FBE0006F6620626F756E64730000004173736509
:10FBF0007274696F6E2022257322206661696C65BC
:10FC000064206174206C696E6520256420696E2013
:10FC100025730A00756E6B6E6F776E20646E735F6E
:10FC20007461626C6520656E74727920737461749E
:10FC3000653A00002DE9F0478A46814614464FF6A2
:10FC4000FF782146504619F059FA05002BD440465A
:10FC5000844228D0641CC5F38111A4B2032923D0A7
:10FC600017E02146504619F049FA06001BD499F8CE
:10FC70000000F0F73DFC0746F0B2F0F739FC874290
:10FC800011D1404644450FD0641CA4B209F10109CA
:10FC90006D1E002DE5DC09F101092146504619F0E1
:10FCA0002DFA002802DA4046BDE8F087C9D1404667
:10FCB0008442F9D0641CA0B2F6E700002DE9FF5F92
:10FCC000DFF82481994692460F4600244FF4807550
:10FCD00008F5886604EB041008EB0011887A022806
:10FCE0000FD12A461031009808F00CF848B900BF2F
:10FCF00000EB400156F82110B9B1401CC0B20428F5
:10FD0000F6D3641CE4B2042CE4D3DFF8E0B00021A5
:10FD100004209BF801200C4604EB041308EB0315A8
:10FD2000AB7ABBB1032B0AD010E000EB400046F8E1
:10FD300020A006EB8000C0F80490047251E0AB7B79
:10FD4000D31ADBB28B4201D919462046641CE4B2B7
:10FD5000042CE1D3042C09D1042812D200EB0011A9
:10FD600008EB0115A97A03290BD104465FF00000C6
:10FD700000EB400156F8211041B1401CC0B20428EC
:10FD8000F6D34FF0FF3004B0BDE8F09F00EB400029
:10FD900016EB8006F5D001203472A872AA73C6E96A
:10FDA00000A9FF2F00D3FF273A4605F11000009964
:10FDB000F0F780FDE9194FF0000881F81080FFF797
:10FDC000D3FDE873042804D385F80A80C6F80080C0
:10FDD000D7E79BF801102046491C8BF80110FFF76C
:10FDE00075FE6FF00400CEE71CCD01208CC0012011
:10FDF00038B50024009400F001F838BD2DE9F05F1B
:10FE00009A4693460D0006466FF00F0408D03EB1A7
:10FE1000307828B13046F0F791FD8046FF2802D9AE
:10FE20002046BDE8F09F2946304604F057FF30BB1E
:10FE3000154F00244FF4807904EB041007EB0011F8
:10FE4000887A032805D14A463046103107F05AFF18
:10FE500070B1641CE4B2042CEED30C48006880B18D
:10FE600053465A4641463046BDE8F05FFFF726BF8D
:10FE70002DB104EB041007EB00104068286000204F
:10FE8000CFE76FF00500CCE71CCD012090C001202A
:10FE9000704700002DE9F04F10898DB09A469146C9
:10FEA000102866D300230C2207A9484618F0E4FC6A
:10FEB0000C285ED1BDF81C0005F066FFDFF8E88174
:10FEC000002500BF05EB051208EB0216B17A0229E6
:10FED0007ED131898142FBD1BDF8200005F054FF6D
:10FEE0000446BDF8220005F04FFF07469DF81E00AE
:10FEF00000063ED5012CDCD1F17A6C4ADAF800001C
:10FF000052F821108842D4D10C22494606F1100043
:10FF1000FFF790FE0446A0F57F40FF3829D0234626
:10FF200004220AA9484618F0A7FC042821D1BDF8EC
:10FF30002A10B1F5807F1CD1BDF82810B1F5807F63
:10FF400017D1241DB4F5803F13D29DF81F00A4B231
:10FF500000074FF0000A4FF0030B5CD03046FFF76C
:10FF600057FDB0B386F80DB0012030732846FFF777
:10FF7000ADFD94E04E462146641CA4B2304619F013
:10FF8000BDF800287EDB002C7CD0C0F38111032952
:10FF90000BD031892044884274DA84B2214630463D
:10FFA00019F0ACF800287ADBE5D14FF6FF708442F7
:10FFB00075D0641CA4B2844271D023460A2204A9DD
:10FFC000484618F059FC0A2869D14FF4803601E000
:10FFD00060E025E00A34B44261D2BDF8121030125C
:10FFE000A4B2814208D1BDF81010814204D1BDF8FD
:10FFF0001800B0F5806F23D0BDF8180005F0C4FEDE
:020000040803EF
:100000002044B0424BD2BDF8180005F0BDFE20449C
:100010007F1E84B2BFB21FB1B9F80800A042A9D8B0
:10002000484618F0B5FC00212846FFF703FD05EB14
:10003000051208EB021181F80AA00DB0BDE8F08F9F
:100040002346042201A9484618F016FC042826D1AC
:1000500005EB051208EB021401994846616018F09F
:1000600097FC059805F08EFE114984F80AB02060CF
:10007000884200D92160211D2846FFF7DBFC20685B
:10008000002800E00BE0D8D1A07A0328D5D184F86D
:100090000AA0D2E76D1CEDB2042DFFF413AF484661
:1000A00018F076FCC9E700001CCD012090C00120AB
:1000B000803A09002DE9FF5F04464A4900EB04102D
:1000C00001EB0015E87A022806D347A340F2FA2292
:1000D00051A157A0F9F78AF8E97A5F48002650F84D
:1000E000210040B305F110000446F0F727FC123060
:1000F00081B24FF42072362018F030F85FEA000A1F
:1001000065D0009601960296288905F03DFEADF86F
:10011000000001208DF802004FF4807BADF804B0A0
:100120000C226946504618F0BDFE0C26641E641C65
:10013000274600220BE000212046FFF77BFCAE7231
:10014000002004B0BDE8F09F521CD2B2641C20789D
:100150002E2801D00028F7D1E01B1FFA80F9B01833
:1001600000F10108B8F5803F35D23146504618F00D
:100170002CFD761CB3B24A463946504618F04EFF65
:1001800020781FFA88F60028D1D100223146504647
:1001900018F01BFD761CADF80CB0B3B2ADF80EB084
:1001A000042203A9504618F039FFEA7A2A49E87B6D
:1001B00001EB82020B493523103951F820005146DA
:1001C00025F0F6FB0446504618F0E2FB01E04FF044
:1001D000FF342046B5E7504618F0DAFB6FF0050013
:1001E000AFE700001CCD01202E2E2F4D6964646CFA
:1001F0006577617265732F54686972645F506172CC
:1002000074792F4C7749502F7372632F636F726527
:100210002F646E732E630000646E732073657276B4
:100220006572206F7574206F66206172726179004B
:10023000417373657274696F6E2022257322206684
:1002400061696C6564206174206C696E6520256449
:1002500020696E2025730A0090C00120022805D273
:10026000044A02EB800011B109680160704702493D
:10027000FAE7000090C00120988F050810B500240F
:100280002046FFF723FC641CE4B2042CF8D310BD15
:1002900070B505460C46880706D009A34FF4B67220
:1002A00013A11BA0F8F7A2FF1DF01CFFA9680968A5
:1002B0002160A9680C60BDE870401DF03BBF0000E4
:1002C0002E2E2F4D6964646C6577617265732F54AF
:1002D000686972645F50617274792F4C7749502F4E
:1002E0007372632F636F72652F6D656D702E63007F
:1002F0006D656D705F667265653A206D656D207025
:10030000726F7065726C7920616C69676E656400EC
:10031000417373657274696F6E20222573222066A3
:1003200061696C6564206174206C696E6520256468
:1003300020696E2025730A0070B504461DF0D2FEB8
:100340000546A0680468002C0FD021680160A00752
:1003500006D008A34FF48C7212A11BA0F8F746FF39
:1003600028461DF0E7FE204670BD28461DF0E2FE3F
:10037000002070BD2E2E2F4D6964646C657761720C
:1003800065732F54686972645F50617274792F4C81
:100390007749502F7372632F636F72652F6D656D90
:1003A000702E63006D656D705F6D616C6C6F633A8C
:1003B000206D656D702070726F7065726C79206150
:1003C0006C69676E65640000417373657274696F70
:1003D0006E2022257322206661696C656420617439
:1003E000206C696E6520256420696E2025730A00E3
:1003F0002DE9FF4704461D460E46DDE90D300C9FF2
:10040000A16D904639B304F188020090914604F141
:100410007C01204609F011FF002819D13B462A46ED
:1004200002A920460AF000FC002811D1029803AB73
:100430002918381ACDE900104246494620460AF0EC
:100440000DFC002804D1DDE90201084430600020E1
:1004500004B0BDE8F0870148FAE7000080B0FFFF74
:1004600010B5AC21012008F05BFE040001D009F0BA
:10047000B4FF204610BD042801D0002070470120A1
:10048000704710B5044609F087FF2046BDE81040CC
:100490000AF0A0BC2DE9FF4F99B0054614A80390BF
:1004A000686D17AF18AE8B4688B101211C980CF00F
:1004B00061FE002807DB05F14C010D911C980CF042
:1004C00071FE002805DB4E481DB0BDE8F08F4D4899
:1004D000FAE704A80AF0B6FA14A80DF095FB0EA8E6
:1004E0000DF092FB11A80DF08FFBDFF814914FF087
:1004F0000008A9F18009CDF85C8001CF0A2806DC4C
:1005000005F1280AC6F8008001CE0A2801DD4C4614
:1005100067E0DDE92823284603990AF0B9F80400CA
:100520005FD1DDE928128DE80601534604A928466B
:10053000039A0AF0D3F9040053D104A958460D9A3E
:100540000DF0D1FC04004CD1002158460CF012FEF5
:100550000028D9D0DDE926230EA92846FDF763FD42
:1005600004003ED1DDE9282311A928460AF090F8BD
:10057000040036D1DDE91B0259460DF0F1FC040000
:100580002FD10EA908461B9A0CF082FD040028D139
:100590000EA911AA08460DF0E3FC040021D103992D
:1005A00011AA08460DF0DCFC04001AD10D9A03993B
:1005B0001B980DF02FFB040013D11B990EAA0846BF
:1005C0000DF0CEFC04000CD11B990D9A08460DF0DD
:1005D0008AFC040005D100211B980CF0CBFD0028FB
:1005E0008BD004A80AF01EFA14A80DF044FA0EA845
:1005F0000DF041FA11A80DF03EFA204664E7000024
:1006000080B3FFFF80B0FFFF2DE9FF410DF1280807
:1006100098E8F0008DE8F00009F038FF04B0BDE87C
:10062000F081F0B59DB0064615460DF169000A4609
:100630001B901C4669461BA808F08AFC00281FDB9B
:100640000746324669461BA808F082FC002817DBE3
:100650003E18324669461BA808F014FC00280FDB40
:100660000644302269461BA808F0AFFC002807DBCF
:100670000644324628461B99F0F71CF900202660F4
:100680001DB0F0BD2DE9F04F9DB0054699461446CA
:100690008A460DF1580819AF03A8DDF89CB00AF09E
:1006A000D1F913A80DF0B0FA10A80DF0ADFA16A804
:1006B0000DF0AAFA19A80DF0A7FA686D18B3012178
:1006C00026980CF057FD3B4E002860DB05F14C01ED
:1006D0000C9126980CF066FD002858DA0121584646
:1006E0000CF048FD002852DB58460C990CF05AFDDE
:1006F00000284CDA2346524613A92846FDF793FCFE
:10070000040045D103E02C481DB0BDE8F08F5946E8
:1007100010A80C9A0DF07EFA040039D110AA13A982
:1007200040460DF01DFC040032D1414608460C9AAB
:100730000DF0D9FB04002BD110AA384626990DF0F4
:100740000FFC040024D1394608460C9A0DF0CBFB6F
:1007500004001DD100210097CDE9019105F1280386
:10076000424603A928460AF01FF9040010D103A845
:100770000AF082F858B903A908460C9A0DF0B3FBA9
:10078000040005D103A826990CF00CFD00B13446F5
:1007900003A80AF047F913A80DF06DF910A80DF0A1
:1007A0006AF916A80DF067F919A80DF064F920464A
:1007B000AAE7000000B2FFFF80B0FFFF38B51C467B
:1007C0001146DDE904320092224609F008FE10F5D8
:1007D000984F00D1004838BD00C7FFFF10B5AC21CD
:1007E000012008F09DFC040001D00AF05FF82046CB
:1007F00010BD022805D0032803D0042801D0002012
:1008000070470120704709F09BBE000002220A7069
:1008100002A28830C1E901207047000065636B6562
:10082000792E510010B504460AF030F82046BDE894
:1008300010400AF0CFBA806D70472DE9F04FAFB08D
:100840000446DDE93A65DDE93887994692468B46EC
:1008500004A809F0C2FD214604A809F0A2FD040085
:100860000AD1CDE90265CDE900874B46524659468B
:1008700004A8FFF7C9FE044604A809F08DFD2FB0B7
:100880002046BDE8F08F2DE9F043ADB00446DDE928
:1008900034651F469046894602A809F09EFD214610
:1008A00002A809F07EFD040008D1CDE900653B46B1
:1008B0004246494602A8FFF781FF044602A809F014
:1008C0006BFD2DB02046BDE8F083022803D003283D
:1008D00001D0002070470120704700002DE9F0434F
:1008E0000546884602F1180095B01E4617460021BD
:1008F00081460CF03FFC98B1306AC0B106F1180097
:10090000002104460CF036FC60B1306A78B1012158
:1009100020460CF02FFC50B1C54815B0BDE8F0835F
:10092000314600E03946404609F07EFEF5E768466C
:100930000DF06AF909A80DF067F903A80DF064F944
:100940000FA80DF061F906A80DF05EF90CA80DF0E6
:100950005BF912A80DF058F94A46114668460DF0A9
:10096000FFFA040071D12946684601F087F90400B6
:10097000F8D14A46694609A80DF0F2FA0400F1D10F
:10098000294609A801F07AF90400EBD169463246FC
:1009900008460DF0E5FA0400E4D12946684601F066
:1009A0006DF90400DED109A906F10C0208460DF02C
:1009B000D7FA0400D6D1294609A801F05FF904004E
:1009C000D0D169463A4608460DF0AEFC04E06946CF
:1009D0002A1D08460CF05CFB0400C3D100980028D7
:1009E00005DA002168460CF0C5FB0028EFD107F1BD
:1009F0000C0209A9164608460DF096FC04E009A968
:100A00002A1D08460CF044FB0400ABD109980028CD
:100A100005DA002109A80CF0ADFB0028EFD1002178
:100A200068460CF0A7FB38B16A46494612A80DF09B
:100A300097FA040096D10FE0002109A80CF09AFB68
:100A400020B140460AF09CF8D9E097E03A4641468A
:100A5000284600F015FAD2E0294612A801F00EF956
:100A6000040085D16A46114603A80DF079FA040006
:100A700085D1294603A801F001F904007ED16A4618
:100A800003A90FA80DF06CFA040077D129460FA82E
:100A900001F0F4F8040071D103A93A4608460DF0BC
:100AA0005FFA04006AD1294603A801F0E7F80400C0
:100AB00064D1022203A968460DF046FA04E06946B3
:100AC0002A1D08460DF0E1FB040057D1291D684698
:100AD0000CF068FB0028F2DA09AA114606A80DF00E
:100AE0003FFA04004AD1294606A801F0C7F80400DD
:100AF00044D106A96A4608460DF016FC04E006A992
:100B00002A1D08460CF0C4FA040079D10698002882
:100B100005DA002106A80CF02DFB0028EFD106A96C
:100B20000FAA08460DF000FC04E006A92A1D08469D
:100B30000CF0AEFA040063D10698002805DA002113
:100B400006A80CF017FB0028EFD103A906AA084657
:100B50000DF0EAFB04E003A92A1D08460CF098FA00
:100B600004004DD10398002805DA002103A80CF0F9
:100B700001FB0028EFD109AA03A900E040E00846E4
:100B80000DF0EEF904003BD1294603A801F076F8F8
:100B9000040035D10FA9324608460DF0E1F90400F2
:100BA0002ED129460FA801F069F8040028D10FAA18
:100BB00003A90CA80DF0B8FB04E00CA92A1D0846F7
:100BC0000CF066FA04001BD10C98002805DA00210D
:100BD0000CA80CF0CFFA0028EFD106A940460CF083
:100BE00027FB04000CD10CA908F10C000CF020FB31
:100BF000040005D112A908F118000CF019FB0446F5
:100C000068460CF038FF09A80CF035FF03A80CF07B
:100C100032FF0FA80CF02FFF06A80CF02CFF0CA839
:100C20000CF029FF12A80CF026FF204675E6000004
:100C300080B0FFFFF0B50E46054687B00021304674
:100C40000CF098FA4A4F002813DB06F10C00002143
:100C500004460CF08FFA00280BDB291D30460CF0FF
:100C6000A1FA002805DA291D20460CF09BFA00287D
:100C700002DB384607B0F0BD03A80CF0C5FF68469C
:100C80000CF0C2FF2246114603A80DF069F90400DA
:100C900066D1294603A800F0F1FF040060D1324676
:100CA000114668460DF05CF9040059D129466846A2
:100CB00000F0E4FF040053D1A86930B1694605F1A2
:100CC000100208460CF0E4F91BE0694603220846CE
:100CD0000DF012FB04E069462A1D08460CF0D8F915
:100CE00004003DD10098002813DA002168460CF07A
:100CF00041FA0028EFD10CE069462A1D08460DF0A4
:100D0000C4FA04002CD1291D68460CF04BFA0028C7
:100D1000F2DA6946324608460DF022F904001FD186
:100D20002946684600F0AAFF040019D1694605F17A
:100D30001C0208460CF0ACF904E069462A1D08467E
:100D40000DF0A3FA04000BD1291D68460CF02AFA15
:100D50000028F2DA694603A80CF024FA00B13C46F8
:100D600003A80CF088FE68460CF085FE204681E75B
:100D700080B3FFFF2DE9F0470D46994690460446A3
:100D8000491CEFF7BEFD00260FE000270AE000BF78
:100D900005FB076148460CF0FFFEA15DB840084323
:100DA000A0557F1C4745F3D3761CAE42EDD30022FD
:100DB000012117E0605C04EB01080346104053403A
:100DC00003F0010218F801CCC2F101061CFB06F782
:100DD00003EA070202437B4063544CEAC61008F85A
:100DE000010C491CA942E5D9BDE8F0872DE9F0477F
:100DF00086B00446DDE90E951F4690460E466846CD
:100E00000CF002FF03A80CF0FFFE04F14C000021DF
:100E100082460CF0C1FE012803D0184806B0BDE898
:100E2000F087002130460CF0B7FE40B1002028705A
:100E3000314668460CF0FCF9040016D101E00120AF
:100E4000F5E73246514603A80DF06EFA04000CD1C6
:100E50002A7803A968460DF015F9040005D16B4600
:100E60004A4639464046FFF785FF03A80CF003FECB
:100E700068460CF000FE2046D0E7000080B0FFFF7F
:100E80002DE9F0438DB0054616460F4609A80CF033
:100E9000BBFE68460CF0B8FE03A80CF0B5FE06A831
:100EA0000CF0B2FE06F11800A969804639B132464D
:100EB000114668460DF054F804007DD156E0024614
:100EC000114668460DF04CF80400F6D129466846F4
:100ED00000F0D4FE0400F0D16A46314603A80CF0BD
:100EE000D7F804E003A92A1D08460DF0CEF9040046
:100EF000E3D1291D03A80CF055F90028F2DA6A465F
:100F0000314606A80DF010FA04E006A92A1D08468D
:100F10000CF0BEF80400D0D10698002805DA0021B4
:100F200006A80CF027F90028EFD106AA03A9684605
:100F30000DF016F80400C0D12946684600F09EFE68
:100F40000400BAD10322694609A80CF0FDFF04E0B1
:100F500009A92A1D08460DF098F90400ADD1291DF4
:100F600009A80CF01FF90028F2DA5CE0294668466F
:100F700000F084FE0400A0D10322694609A80CF009
:100F8000E3FF04E009A92A1D08460DF07EF90400DC
:100F900093D1291D09A80CF005F90028F2DA05F112
:100FA0001000002181460CF0E5F870B3424611466E
:100FB00068460CF0D5FF00E0EDE0040085D129463D
:100FC000684600F05BFE040085D16A46114603A81E
:100FD0000CF0C6FF04008BD1294603A800F04EFE9A
:100FE000040085D14A4603A968460CF0B9FF040005
:100FF00091D12946684600F041FE04008BD109A931
:101000006A4608460CF044F805E00CE009A92A1DE0
:1010100008460DF03AF904008DD1291D09A80CF0FD
:10102000C1F80028F2DA06F10C029146114603A835
:101030000CF096FF040084D1294603A800F01EFEA0
:1010400004008BD1012103A80DF052F804E003A99C
:101050002A1D08460DF019F904008CD1291D03A89A
:101060000CF0A0F80028F2DA03AA314668460CF02A
:1010700077FF04008CD12946684600F0FFFD04008C
:1010800086D1012168460DF033F804E069462A1D37
:1010900008460DF0FAF804007DD1291D68460CF0D1
:1010A00081F80028F2DA03AA114606A80CF058FFCE
:1010B000040070D1294606A800F0E0FD04006AD1C2
:1010C000012106A80DF014F804E006A92A1D08461F
:1010D0000DF0DBF804005ED1291D06A80CF062F8C3
:1010E0000028F2DA09AA114603A80CF039FF04001F
:1010F00051D1294603A800F0C1FD04004BD103A93A
:101100006A4608460DF010F904E003A92A1D0846B6
:101110000BF0BEFF04003ED10398002805DA002141
:1011200003A80CF027F80028EFD103A96A46084667
:101130000DF0FAF804E003A92A1D08460BF0A8FFF9
:10114000040075D10398002805DA002103A80CF0EB
:1011500011F80028EFD1694603AA08460DF0E4F81B
:1011600004E069462A1D08460BF092FF04005FD197
:101170000098002805DA002168460BF0FBFF0028E4
:10118000EFD1694609AA08460CF0EAFE04004FD1E7
:101190002946684600E04BE000F070FD040047D1AE
:1011A000694606AA08460DF0BFF804E069462A1D04
:1011B00008460BF06DFF04003AD10098002805DACC
:1011C000002168460BF0D6FF0028EFD14246494681
:1011D00006A80CF0C5FE04002AD1294606A800F096
:1011E0004DFD040024D1012106A80CF081FF04E08C
:1011F00006A92A1D08460DF048F8040018D1291D3B
:1012000006A80BF0CFFF0028F2DA03A938460CF04D
:101210000FF804000CD1694607F10C000CF008F837
:10122000040005D106A907F118000CF001F80446E6
:1012300009A80CF020FC68460CF01DFC03A80CF07B
:101240001AFC06A80CF017FC0DB02046BDE8F08390
:10125000016B19B1C06B18B10120704700207047B5
:10126000022070472DE9F05F0446DDE91186DDE9D3
:101270000BA71D46001DDDF828B0DDF8389000F002
:1012800041FD2DB15A46294604F1100000F03AFD07
:101290003A46514604F11C0000F034FD324604F198
:1012A0004C004146064600F02DFD4A4604F1280058
:1012B0000D9900F027FDDDE90F1204F1340000F074
:1012C00021FD012507482564C4E91150201D0BF0BC
:1012D00006FFA06530460BF002FFC4E917050020A9
:1012E000BDE8F09F3C010020F0B591B0044601201C
:1012F000039009200490002506A88DF804504FF4AF
:10130000807724210590EFF7FCFA102120460CF09D
:1013100053FC060071D1A06801AA00680090A06883
:10132000016A6846F8F7FEFAA06801AA416A6846B1
:10133000F8F7F8FAA06801AAC16A68461CF099FE9D
:10134000A06801AA016B68461CF093FEA06801AA80
:10135000416B68461CF08DFEA06801AA816B68464F
:101360001CF087FEA168009801AA0860A0689DF99A
:101370000410406800908DF80450002904DA4942B6
:1013800068461CF076FE02E06846F8F7CBFAA068E3
:1013900001AA416A6846F8F7C5FAA06801AA816AFD
:1013A0006846F8F7BFFAA06801AA016B68461CF00E
:1013B00060FEA06801AA416B68461CF05AFEA06856
:1013C00001AA816B68461CF054FEA06801AAC16B9B
:1013D00068461CF04EFEA168009801AA4860A0680B
:1013E0009DF90410806800908DF80450002905DAFA
:1013F000494268461CF03DFE03E08BE16846F8F781
:1014000091FAA06801AA816A6846F8F78BFAA06889
:1014100001AAC16A6846F8F785FAA06801AA416B7B
:1014200068461CF026FEA06801AA816B68461CF085
:1014300020FEA06801AAC16B68461CF01AFEA168D4
:10144000009801AA8860A0689DF90410C068009007
:101450008DF80450002904DA494268461CF009FE60
:1014600002E06846F8F75EFAA06801AAC16A684619
:10147000F8F758FAA06801AAC16A6846F8F752FA64
:10148000A06801AA016B6846F8F74CFAA06801AAA7
:10149000016B6846F8F746FAA06801AA416B6846F6
:1014A000F8F740FAA06801AAC16B68461CF0E1FD9C
:1014B000A06801AA016A68461CF0DBFDA06801AAC9
:1014C000416A68461CF0D5FDA168009801AAC86071
:1014D000A0689DF90410006900908DF8045000295F
:1014E00004DA494268461CF0C4FD02E06846F8F799
:1014F00019FAA06801AA016B6846F8F713FAA06808
:1015000001AA016B6846F8F70DFAA06801AA416BC1
:101510006846F8F707FAA06801AA416B6846F8F731
:1015200001FAA06801AA816B6846F8F7FBF9A06888
:1015300001AA416A68461CF09CFDA06801AA816A64
:1015400068461CF096FDA168009801AA0861A06891
:101550009DF90410406900908DF80450002904DAC8
:10156000494268461CF085FD02E06846F8F7DAF962
:10157000A06801AA416B6846F8F7D4F9A06801AAEF
:10158000416B6846F8F7CEF9A06801AA816B6846FE
:10159000F8F7C8F9A06801AA816B6846F8F7C2F9A4
:1015A000A06801AAC16B6846F8F7BCF9A06801AA57
:1015B000816A68461CF05DFDA06801AAC16A6846A0
:1015C0001CF057FDA168009801AA4861A0689DF928
:1015D0000410806900908DF80450002904DA494213
:1015E00068461CF046FD02E06846F8F79BF9A068E3
:1015F00001AA816B6846F8F795F9A06801AA816B8A
:101600006846F8F78FF9A06801AAC16B6846F8F739
:1016100089F9A06801AAC16B6846F8F783F9A06848
:1016200001AA816B6846F8F77DF9A06801AA416BB1
:101630006846F8F777F9A06801AA016A68461CF0C5
:1016400018FDA06801AA416A68461CF012FDA16855
:10165000009801AA8861A0689DF90410C0690090F3
:101660008DF80450002904DA494268461CF001FD57
:1016700002E06846F8F756F9A06801AAC16B68460F
:10168000F8F750F9A06801AAC16B6846F8F74AF963
:10169000A06801AAC16B6846F8F744F9A06801AADE
:1016A000016A6846F8F73EF9A06801AA816A6846AF
:1016B0001CF0DFFCA06801AAC16A68461CF0D9FCD6
:1016C000A06801AA016B68461CF0D3FCA06801AABF
:1016D000416B68461CF0CDFCA1680098C8619DF97B
:1016E00004100820002900DC0021A2681162009586
:1016F00003E0A268009942F820106168401C88420B
:10170000F7D39DF90410002904DA3B4603AA2046CA
:1017100002F02DFA11B03046F0BDF0B595B0044698
:10172000012003900D200490002506A88DF8045098
:101730004FF4C07734210590EFF7E3F818212046E5
:101740000CF03AFA06007ED1A06801AA0068009069
:10175000A068016B6846F8F7E5F8A06801AA416D3A
:101760006846F8F7DFF8A06801AA016D6846F8F747
:10177000D9F8A06801AAC16D68461CF07AFCA1687E
:10178000009801AA0860A0689DF9041040680090C4
:101790008DF80450002904DA494268461CF069FCBF
:1017A00002E06846F8F7BEF8A06801AA416B6846F7
:1017B000F8F7B8F8A06801AA816D6846F8F7B2F8A2
:1017C000A06801AAC16D6846F8F7ACF8A06801AA44
:1017D000016B68461CF04DFCA06801AA016D6846CB
:1017E0001CF047FCA168009801AA4860A0689DF918
:1017F0000410806800908DF80450002904DA4942F2
:1018000068461CF036FC02E06846F8F78BF8A068E2
:1018100001AA816B6846F8F785F8A06801AAC16D36
:101820006846F8F77FF8A06801AA416B68461CF08B
:1018300020FCA06801AA416D68461CF01AFCA16852
:101840000098886000E015E2A0689DF9041001AAE4
:10185000C06800908DF80450002904DA49426846B7
:101860001CF007FC02E06846F8F75CF8A06801AAE3
:10187000C16B6846F8F756F8A06801AA016B684684
:10188000F8F750F8A06801AA016D6846F8F74AF821
:10189000A06801AA416D6846F8F744F8A06801AA5B
:1018A000816B68461CF0E5FBA06801AA816D684663
:1018B0001CF0DFFBA06801AAC16D68461CF0D9FBD3
:1018C000A168009801AAC860A0689DF90410006989
:1018D00000908DF80450002904DA494268461CF053
:1018E000C8FB02E06846F8F71DF8A06801AA416D40
:1018F0006846F8F717F8A06801AA416D6846F8F73E
:1019000011F8A06801AA016C6846F8F70BF8A06806
:1019100001AA416B6846F8F705F8A06801AA016BB7
:101920006846F7F7FFFFA06801AA016D6846F7F760
:10193000F9FFA06801AA816D6846F7F7F3FFA06878
:1019400001AAC16B68461CF094FBA06801AAC16D96
:1019500068461CF08EFBA06801AAC16D68461CF0A9
:1019600088FBA168009801AA0861A0689DF904108D
:10197000406900908DF80450002904DA4942684615
:101980001CF077FB02E06846F7F7CCFFA06801AADD
:10199000816D6846F7F7C6FFA06801AA816D6846A9
:1019A000F7F7C0FFA06801AA416C6846F7F7BAFFD5
:1019B000A06801AA816B6846F7F7B4FFA06801AA86
:1019C000416B6846F7F7AEFFA06801AA416D684613
:1019D000F7F7A8FFA06801AAC16D6846F7F7A2FF54
:1019E000A06801AA016C68461CF043FBA16800983E
:1019F00001AA4861A0689DF90410806900908DF8E3
:101A00000450002904DA494268461CF032FB02E027
:101A10006846F7F787FFA06801AAC16D6846F7F727
:101A200081FFA06801AAC16D6846F7F77BFFA06837
:101A300001AA816C6846F7F775FFA06801AAC16B1F
:101A40006846F7F76FFFA06801AA816B6846F7F751
:101A500069FFA06801AA816D6846F7F763FFA06877
:101A600001AA416C68461CF004FBA168009801AA19
:101A70008861A0689DF90410C06900908DF8045039
:101A8000002904DA494268461CF0F3FA02E068468D
:101A9000F7F748FFA06801AAC16C6846F7F742FF54
:101AA000A06801AA016C6846F7F73CFFA06801AA8C
:101AB000C16B6846F7F736FFA06801AAC16D68469A
:101AC000F7F730FFA06801AA816C68461CF0D1FAD4
:101AD000A168009801AAC861A0689DF90410006A75
:101AE00000908DF80450002904DA494268461CF041
:101AF000C0FA02E06846F7F715FFA06801AA016D79
:101B00006846F7F70FFFA06801AA416C6846F7F72F
:101B100009FFA06801AA016C6846F7F703FFA068F7
:101B200001AAC16C68461CF0A4FAA168009801AA39
:101B30000862A0689DF90410406A00908DF8045076
:101B4000002904DA494268461CF093FA02E068462C
:101B5000F7F7E8FEA06801AA416D6846F7F7E2FED4
:101B6000A06801AA816C6846F7F7DCFEA06801AAAC
:101B7000416C6846F7F7D6FEA06801AA016D684679
:101B80001CF077FAA168009801AA4862A0689DF944
:101B90000410806A00908DF80450002904DA49424C
:101BA00068461CF066FA02E06846F7F7BBFEA068DC
:101BB00001AA816D6846F7F7B5FEA06801AAC16C5D
:101BC0006846F7F7AFFEA06801AA816C6846F7F790
:101BD000A9FEA06801AA416D68461CF04AFAA168F6
:101BE000009801AA8862A0689DF90410C06A00905C
:101BF0008DF80450002904DA494268461CF039FA8D
:101C000002E06846F7F78EFEA06801AAC16D68463B
:101C1000F7F788FEA06801AA016D6846F7F782FE13
:101C2000A06801AAC16C6846F7F77CFEA06801AA0B
:101C3000816D68461CF01DFAA1680098C8629DF984
:101C400004100C20002900DC0021A268116300951B
:101C500003E0A268009942F820106168401C8842A5
:101C6000F7D39DF90410002904DA3B4603AA204665
:101C700001F07DFF15B03046F0BD000070B505469F
:101C8000486E0C4640B1286800280CDA002128462E
:101C90000BF070FA70B906E02946221DBDE87040CD
:101CA00008460CF020B928460BF019FAA16DB0EBEC
:101CB000410F01D9124870BD616E2846884704E083
:101CC0002946221D08460BF0E3F9060016D12868C4
:101CD00000280DDA002128460BF04CFA0028EFD13D
:101CE00006E02946221D08460CF0CFFA060005D171
:101CF000211D28460BF056FA0028F2DA304670BD56
:101D000080B0FFFF012392080360C0E90121704702
:101D10002DE9FF4F0646C06D4FF0020993464A4633
:101D2000401CB0FBF2F8B7B04D46DDF818A12421F5
:101D3000484607F0F5F9040015D0002707EBC70067
:101D400004EB800008F07EFE7F1CFFB2AF42F5D3AB
:101D5000CDE9008A4B46214630463A9A00F0ECF92C
:101D600007002DD101E0244F2AE047463898D0469D
:101D70004A46824636A8CDE9002059463B46DDF862
:101D800010B1DDF8149105AA3046FFF72FF8B0B96D
:101D900005A88DE88108CDE903982B4622465146D7
:101DA000304600F02BF850B99DF8D8205146304607
:101DB00000F0C6FA18B95146304600F06AF80746F6
:101DC000706FA0420FD074B1002607E006EBC6008A
:101DD00004EB800008F026FE761CF6B2AE42F5D386
:101DE000204608F0F7FF17B1389808F01BFE3BB00B
:101DF0003846BDE8F08F000080B2FFFF2DE9FF4FAD
:101E00008BB00E4619A99A4691E81003934601A893
:101E1000189F08F017FE385D009053465A46314629
:101E20000B9800F0AFFA05002CD1012106F1180043
:101E30000CF03CF8050025D1B8F1000020D0024696
:101E40004B4631460B9800F0F9F917E0324611463F
:101E5000641E0B98FFF714F8050013D1385D00904D
:101E600053465A4601A90B9800F08CFA050009D197
:101E7000324601AB11460B98FEF730FD050001D14B
:101E8000002CE3D101A808F0CDFD0FB02846BDE835
:101E9000F08FF0B50D46064605F1180087B0002119
:101EA00007460BF067F900284ED068460BF0ACFEF1
:101EB00003A80BF0A9FE321D394668460BF0AAFEB6
:101EC00004003AD16A46114603A80CF049F8040010
:101ED00033D1314603A8FFF7D1FE04002DD12946A6
:101EE00003AA08460CF03CF8040026D131462846E7
:101EF000FFF7C4FE040020D105F10C0103AA0D4632
:101F000008460CF02DF8040017D131462846FFF79B
:101F1000B5FE040011D129466A4608460CF020F8A7
:101F200004000AD131462846FFF7A8FE040004D178
:101F3000012138460BF0BAFF044668460BF09BFDC2
:101F400003A80BF098FD204607B0F0BD2DE9F0473F
:101F50008EB0884681461646022A07D24846D8F8EF
:101F60000010FFF796FF0EB0BDE8F0870C21104679
:101F700007F0D6F8070001D0002408E06D48F2E72A
:101F800004EB440007EB80000BF03EFE641CB442FF
:101F9000F6D302A80BF038FE09A80BF035FE05A811
:101FA0000BF032FED8F80010384618310BF040F92B
:101FB00004007DD1012514E005EB450058F82520EB
:101FC00007EB80008246A0F10C0118320BF0C8FF2D
:101FD00004006DD150464946FFF750FE040067D11A
:101FE0006D1CB542E8D306EB460007EB800109F112
:101FF000040202A80C390BF00DFE040058D1751E26
:102000005DB105EB450007EB800202A909A80C3A77
:102010000BF0A6FF040073D104E002A909A80BF09D
:1020200007F912E0494609A8FFF728FE040067D126
:1020300058F8252002A9084618320BF091FF040039
:102040005ED1494602A8FFF719FE040058D109AA3B
:10205000114605A80BF084FF040051D1494605A89C
:10206000FFF70CFE04004BD158F8250005AA0146E5
:102070000BF076FF040043D158F825004946FFF7DE
:10208000FDFD04003CD158F8250005AA0C3001469E
:102090000BF066FF040033D158F8250049460C3098
:1020A000FFF7ECFD04002BD158F825000C3000E0C0
:1020B00026E0014609AA0BF053FF040020D158F88E
:1020C000250049460C30FFF7D9FD040018D158F817
:1020D0002500D9F808100CF09CF8040010D158F82D
:1020E0002500D9F808100C300CF093F8040007D143
:1020F00058F8250018300BF0BEFC0DB16D1E7FE7BF
:1021000002A80BF0B8FC09A80BF0B5FC05A80BF071
:10211000B2FC002507E000BF05EB450007EB80009F
:102120000BF0A9FC6D1CB542F6D3384608F052FE00
:10213000204618E780B2FFFF2DE9F84F8346A3F150
:1021400001084FF001090C4609FA08F0C7B2002552
:10215000114620460A9E08F067FA00286BD108FB5A
:1021600006F81FE0B5FBF6F109FA01F0C0B200EB8A
:10217000C00104EB810AB5FBF6F106FB115149B928
:10218000400800EBC00004EB8001504608F04CFA18
:10219000002850D1524611465846FEF771FE0028DD
:1021A00049D16D1CA845DDD8002269460120894629
:1021B0000AE000BF00EBC00104EB8103400649F8D0
:1021C0002230000E4946521CB842F3D35846FFF75E
:1021D000BDFE00282FD1012618E006EBC6003546CB
:1021E00004EB80080EE005EBC50004EB80027019DB
:1021F00000EBC00004EB800143465846FEF76EFB3F
:10220000002818D16D1EEED27006060EBE42E4D331
:102210000022484608E000BF02EBC20104EB810146
:10222000243140F82210521C511CB942F4D36946A3
:102230005846FFF78BFEBDE8F88F00002DE9F04708
:102240000546806D86B0C01D4FEAD008994692467B
:102250000F46002668460BF0D7FC03A80BF0D4FC11
:102260004B465246414668460BF0D5FB03E0012140
:1022700068460BF08DFF040057D1291D68460AF00F
:1022800091FF0028F3DA3046761C0A2803DD2B483C
:1022900006B0BDE8F087012168460AF06BFF002810
:1022A000DEDD07F118016A460E4608460BF058FEBF
:1022B00004003AD129463046FFF7E0FC040034D14F
:1022C0006A46114603A80BF04BFE04002DD12946A7
:1022D00003A8FFF7D3FC040027D1394603AA084618
:1022E0000BF03EFE040020D129463846FFF7C6FC1D
:1022F00004001AD103A96A4608460BF031FE040017
:1023000013D1294603A8FFF7B9FC04000DD107F14A
:102310000C0103AA0E4608460BF022FE040004D16D
:1023200029463046FFF7AAFC044668460BF0A3FB9B
:1023300003A80BF0A0FB2046AAE7000000B3FFFFB4
:10234000FEB5044616460D4668460BF05DFC05F1E9
:102350000C021546211D68460BF0E6FF04000CD167
:10236000002128460AF006FF00B1012006EA00021B
:10237000694628460BF086FE044668460BF07BFB58
:102380002046FEBD2DE9F05F1F460A9E91468A4613
:102390008346C6F3450500241DE0AC4201D101226D
:1023A00000E0002204EBC40109EB8101884650469D
:1023B0000BF068FE002817D1AC4201D1012200E0E9
:1023C000002208F10C010AF10C000BF05BFE002862
:1023D0000AD1641CE4B2BC42DFD3F209514658462C
:1023E000BDE8F05FFFF7ACBFBDE8F09F2DE9F04717
:1023F0009946DDE9086590460F4604001BD0084663
:1024000019F0E6F8C8B14A462946304624F0DBF90F
:1024100000280ED108212180A77084F80380310A9A
:1024200021716671290AA171E571204601F090FBC6
:102430000020BDE8F0870120FBE70320F9E710B595
:102440000C46417839B101290CD0022911D0032959
:1024500016D0022010BD428801780123204610F0DA
:1024600057FC13E0428801780123204610F063FCFA
:102470000CE0428801780123204610F06EFC05E054
:10248000428801780123204610F078FC0028E1D032
:10249000042010BD017819B1012904D00020704733
:1024A000001D01F01FBD001D03F058B802780B7825
:1024B0009A420AD12AB140684968884205D1012070
:1024C0007047001D091D01F05CBD002070472DE91B
:1024D000F0410746D0F8E000A2B04FF0000808B184
:1024E000002426E06FF03F0022B0BDE8F08104EB4D
:1024F000840007EB8005D5F8F400012800D1804660
:1025000000202090D5E9396020AB80226946B04791
:10251000060017D1209B5BB1E1B26A46384600F055
:1025200017F80600E0D155F8EC0F20990844286010
:10253000641CD7F8E000A042D9DCB8F1000F01D14B
:102540006FF03C06802168460CF052FA3046CBE72B
:102550002DE9F04192B01C46164688460546402BB0
:1025600009D900236A46214630460DF07EFE070059
:102570001ED16E4640248DF840808DF8414005F113
:1025800008002968804621B900210DF08FFE070060
:102590000ED101202860022210A940460DF010FF44
:1025A000070005D12246314640460DF009FF074697
:1025B000402168460CF01CFA12B03846BDE8F081A4
:1025C0002DE9F0470F46040006D13FA34FF4DC721B
:1025D0004AA14EA0F6F70AFE1BF084FD00266660B5
:1025E0002772217F41F001012177657866701BF029
:1025F000A1FD636A7BB10022042120469847636AEB
:102600004BB10022114620469847636A1BB1002255
:10261000022120469847384604F0D2FA804604F159
:10262000100081461BF0E2FD18B1414648461BF000
:10263000D1FD04F1140081461BF0D8FD18B14146CC
:1026400048461BF0C7FD012D0FD0042D0DD0032DE2
:102650000BD0206A002834D0BDE8F0471AA340F21E
:10266000F71234A129A0F6F7C1BD217FC1F3800084
:1026700001F0FB012177002823D1206A30B912A391
:102680004FF4F37232A121A0F6F7B0FD206A042DB9
:1026900008D00771206A05680C3528461BF0DEFD5E
:1026A00010B108E00671F5E707A340F2EF122FA181
:1026B00016A0F6F79BFD28462662BDE8F0471BF002
:1026C000CABDBDE8F08700002E2E2F4D6964646CF2
:1026D0006577617265732F54686972645F506172C7
:1026E00074792F4C7749502F7372632F6170692F63
:1026F0006170695F6D73672E63000000636F6E6EBB
:1027000020213D204E554C4C000000004173736564
:102710007274696F6E2022257322206661696C6570
:1027200064206174206C696E6520256420696E20C8
:1027300025730A00636F6E6E2D3E63757272656E4F
:10274000745F6D7367203D3D204E554C4C0000007A
:10275000636F6E6E2D3E63757272656E745F6D731E
:102760006720213D204E554C4C000000696E61767B
:102770006C6964206F705F636F6D706C6574656405
:102780005F73656D00000000002802DC41421129E2
:1027900001DB052070470249A1EB8000006870470B
:1027A0008C8D050870B5094D0646002404EB4400E5
:1027B00005EBC000017D29B18068B04202D12046FE
:1027C00000F036F9641C0A2CF0DB70BDE4D6012061
:1027D0002DE9F74F84B04FF00A0B00240646DA4685
:1027E0005F46D94602940194CDF80040514904EB6C
:1027F000440001EBC008039098F814500A2F1DD034
:10280000002D2AD0012D08D0022D06D24AA340F275
:10281000231257A166A0F6F7E9FC9EB13168D8F8FB
:10282000040081420ED1069820B1D8F8081006980D
:10283000814207D1204607B0BDE8F08F002DE1D1DD
:1028400027460AE0012D16D0022D06D3B8F8120053
:102850000099884201D3A2460090641C24B20A2C3D
:10286000C4DB059881074FF0FF30E4D40A2F16D05F
:1028700018DA3C463EE02F49039851F83000002812
:10288000B8F8120005D002998842E6D3A14602901A
:10289000E3E701998842E0D3A3460190DDE705997B
:1028A000C907C8D05146BAF10A0F0EDA0C462148C2
:1028B00001EB440150F8310080B11FA340F26D12CA
:1028C00045A13BA0F6F792FC08E05946BBF10A0F80
:1028D00003DB4946B9F10A0FADDA0C460A2C06DBD8
:1028E00015A340F27F1242A131A0F6F77FFC2046EB
:1028F00000F09EF80A2C06DB0FA340F283123CA1E5
:102900002BA0F6F773FC0B4804EB440100EBC10568
:10291000287D30B108A34FF4C2723AA124A0F6F783
:1029200065FC0EB130686860002068820698A86077
:1029300080E70000E4D601202E2E2F4D6964646CE0
:102940006577617265732F54686972645F50617254
:1029500074792F4C7749502F7372632F636F7265B0
:102960002F697076342F6574686172702E63000071
:102970007374617465203D3D204554484152505F59
:1029800053544154455F50454E44494E47207C7C4A
:10299000207374617465203E3D2045544841525077
:1029A0005F53544154455F535441424C450000002D
:1029B000417373657274696F6E20222573222066DD
:1029C00061696C6564206174206C696E65202564A2
:1029D00020696E2025730A006172705F7461626CF9
:1029E000655B695D2E71203D3D204E554C4C0000CD
:1029F00069203C204152505F5441424C455F53494D
:102A00005A4500006172705F7461626C655B695D5C
:102A10002E7374617465203D3D20455448415250E9
:102A20005F53544154455F454D50545900000000D8
:102A300070B5074C00EB4005002654F8350018B17E
:102A400015F0A6FF44F8356004EBC500067570BDAF
:102A5000E4D601202DE9F04385B00D00074609D0EA
:102A60007C684FF480782088404542D12079062840
:102A70003FD109E021A340F28A222EA131A0F6F72E
:102A8000B5FB05B0BDE8F0836079042831D16088DA
:102A900008282ED1D4F80E000490A169686820B1EE
:102AA000814202D10126334601E00026022304F1CF
:102AB0000802914604A9284600F0ACFBE088404596
:102AC00003D0B0F5007F14D10FE096B1022204AB21
:102AD000CDE90232291DCDE9001905F12A03194675
:102AE0004A46284600F096FA03E004A92846FBF778
:102AF000C9FA384615F04CFFC3E700002E2E2F4DC3
:102B00006964646C6577617265732F546869726477
:102B10005F50617274792F4C7749502F7372632F15
:102B2000636F72652F697076342F65746861727097
:102B30002E6300006E6574696620213D204E554C61
:102B40004C000000417373657274696F6E2022251A
:102B50007322206661696C6564206174206C696E03
:102B60006520256420696E2025730A00FEB5154690
:102B70000E46040006D143A340F21E324FA153A0DB
:102B8000F6F734FB36B93FA340F21F3259A14FA0EC
:102B9000F6F72CFB35B93BA34FF4487258A14BA074
:102BA000F6F724FB2146286801F01EFC08B1584BBB
:102BB0003FE02868C0F303110E2925D0A16863689F
:102BC00000EA01020B409A4208D080B2A0F57E4193
:102BD000A93903D0E068B0B304F10C054D4B4E4861
:102BE0001A7802EB420100EBC1010F7D022F2ED3B8
:102BF0008F68A7422BD12F6849688F4227D1314671
:102C0000204600F08BF8FEBD01208DF80400002066
:102C10008DF805005E208DF80600687801AB00F0A5
:102C20007F008DF80700A8788DF80800E8788DF807
:102C300009004FF40060009004F12A02314620465A
:102C400000F020FCFEBDFFE76FF00300FAE7002272
:102C500002EB420100EBC1010F7D022F08D38F6808
:102C6000A74205D12F6849688F4201D11A70C6E783
:102C7000521CD2B20A2AEBD332462946204600F033
:102C8000D5F8DFE72E2E2F4D6964646C657761728D
:102C900065732F54686972645F50617274792F4C48
:102CA0007749502F7372632F636F72652F69707647
:102CB000342F6574686172702E6300006E657469EC
:102CC0006620213D204E554C4C0000004173736539
:102CD0007274696F6E2022257322206661696C65AB
:102CE00064206174206C696E6520256420696E2003
:102CF00025730A007120213D204E554C4C000000E8
:102D000069706164647220213D204E554C4C000076
:102D10007C8D0508E4C00120E4D601202DE9F843AC
:102D20000646154688461C4802EB450100EBC104E7
:102D3000207D022806D219A340F2EE2225A131A05F
:102D4000F6F754FA144A05EB4501207D02EBC10564
:102D50000C35022813D1608A0327B0F58E7F04D981
:102D6000211D304600F010FA07E0B0F5877F06D34A
:102D70002A46211D304600F00DFA00B927754FF4A0
:102D8000006000902B4606F12A024146304600F0D2
:102D900079FBBDE8F8830000E4D601202E2E2F4DEC
:102DA0006964646C6577617265732F5468697264D5
:102DB0005F50617274792F4C7749502F7372632F73
:102DC000636F72652F697076342F657468617270F5
:102DD0002E6300006172705F7461626C655B61728A
:102DE000705F6964785D2E7374617465203E3D2068
:102DF0004554484152505F53544154455F535441E8
:102E0000424C4500417373657274696F6E202225D0
:102E10007322206661696C6564206174206C696E40
:102E20006520256420696E2025730A002DE9FC5F6A
:102E300082462A3001900E46086814464FF0FF374C
:102E40004FF0000B514601F0CFFA80B93068C0F363
:102E500003110E290BD056B148B15246012130461C
:102E6000FFF7B6FC050005D540B2BDE8FC9F6FF04A
:102E70000F00FAE77F2D06D337A340F2C13244A1F9
:102E800047A0F6F7B3F905F0FF094F4909EB4908E8
:102E900001EBC805287D00280ED0012808D00228A3
:102EA00006D22DA340F2CD3248A13DA0F6F79EF9FF
:102EB000BBF1000F06D104E001202875C5F808A079
:102EC00000E034B93146504600F05EF90746002C68
:102ED000CBD0287D3C4E02280ED346494FF40060EB
:102EE00005F10C0381F80090009021465046019AAC
:102EF00000F0C8FA07462DE001282BD1254640F204
:102F0000F13768892989884207D1286828B112A336
:102F10003A4639A122A0F6F769F9287B400607D581
:102F200022464FF420710E2015F068FB044605E0A0
:102F30002D68002DE5D1204615F0F0FE44B156F87D
:102F4000380008B115F024FD46F83840002701E0AC
:102F50004FF0FF37384688E72E2E2F4D6964646C9A
:102F60006577617265732F54686972645F5061722E
:102F700074792F4C7749502F7372632F636F72658A
:102F80002F697076342F6574686172702E6300004B
:102F900074797065206F766572666C6F77000000DB
:102FA000417373657274696F6E20222573222066E7
:102FB00061696C6564206174206C696E65202564AC
:102FC00020696E2025730A00E4D601206172705FCB
:102FD0007461626C655B695D2E7374617465203D1C
:102FE0003D2050454E44494E47206F722053544176
:102FF000424C4500E4C001206E6F207061636B6538
:10300000742071756575657320616C6C6F7765648C
:10301000210000002DE9FF4F81B09846DDE90FA99E
:10302000DDF838B006004FF0000706D12CA340F2BF
:10303000574239A13CA0F6F7D9F84FF420721C2171
:103040000E2015F08BF8050046D068891C2806D2A2
:1030500023A340F262423EA133A0F6F7C7F86C68A2
:10306000119802F091FEE08096F83000062806D014
:103070001BA340F2694243492BA0F6F7B7F8D8F8F2
:103080000010A160B8F80400A081DAF80010C4F8BC
:103090001210BAF80400E082DBF80000C4F80E0059
:1030A000D9F80000A0614FF4807020800820608073
:1030B000062020710420607140F60600DDE902233D
:1030C00000902946304600F0DDF9284615F060FCF6
:1030D000384605B0BDE8F08F4FF0FF30F9E700004B
:1030E0002E2E2F4D6964646C6577617265732F5461
:1030F000686972645F50617274792F4C7749502F00
:103100007372632F636F72652F697076342F6574E5
:10311000686172702E6300006E6574696620213DDF
:10312000204E554C4C000000417373657274696FFA
:103130006E2022257322206661696C6564206174AB
:10314000206C696E6520256420696E2025730A0055
:10315000636865636B207468617420666972737458
:1031600020706275662063616E20686F6C642073E6
:103170007472756374206574686172705F686472DC
:1031800000000000BCCB0508014A00F003B80000B5
:103190007C8D05087FB5064D031D0124CDE9003562
:1031A000CDE9021426331946FFF734FF04B070BD91
:1031B000828D050870B5164D002400BF04EB440055
:1031C00005EBC002117DF1B1508A401C80B25082E3
:1031D000B0F5967F0AD2012906D003290AD0042926
:1031E0000AD001290BD00EE0052808D32046FFF7AE
:1031F0001FFC08E0042000E00220107503E0111D10
:103200009068FFF7C1FF641C0A2CD7DB70BD00007B
:10321000E4D60120F8B5044690F830001F46164663
:103220000D46062806D020A340F2A9122CA135A0F5
:10323000F5F7DCFF9DB1286888B1214601F0D4F88C
:1032400068B92878C0F303100E2808D02246394602
:103250002846FFF7BDFA002804DA40B2F8BD6FF047
:103260000F00F8BD00EB40013048022300EBC10223
:10327000137594603368D360B3881382002353823C
:1032800050F8315075B140F831304FF40060009083
:10329000334604F12A022946204600F0F3F8284676
:1032A00015F076FB0020F8BD2E2E2F4D6964646C5E
:1032B0006577617265732F54686972645F506172DB
:1032C00074792F4C7749502F7372632F636F726537
:1032D0002F697076342F6574686172702E630000F8
:1032E0006E657469662D3E6877616464725F6C65B3
:1032F0006E203D3D204554485F4857414444525F4D
:103300004C454E00417373657274696F6E202225BF
:103310007322206661696C6564206174206C696E3B
:103320006520256420696E2025730A00E4D60120FB
:103330002DE9F041044640890E270D460E283CD960
:10334000E07B18B995F83400401CE07360680178A0
:103350008689CA0714D0012905D006221C49EDF739
:10336000FEFA48B10CE0417851B980785E2807D167
:10337000607B40F0100002E0607B40F0080060736A
:10338000082E03D0B6F5C16F17D10DE095F83100C6
:10339000000712D53946204615F00EFD68B92946BA
:1033A000204601F07BF910E095F83100000704D5C4
:1033B0003946204615F000FD18B1204615F0E8FA10
:1033C00003E029462046FFF745FB0020BDE8F081D9
:1033D0007C8D0508704700009AB007466421684656
:1033E000EDF78FFA0026354634464FF480484FF407
:1033F00000692348F1F75EFE97F8311049070CD5B4
:1034000001282BDC1E48E838EEF7B4FD384614F0EE
:1034100043FA384614F098FA20E001281EDD02280D
:1034200023D0032823D0042824D0052824D0AEB1EB
:1034300013486946E838EEF70FFA1148CDE905540C
:103440006946E838EEF715FD0D48E838EEF748FD17
:10345000384614F033FB384614F0CCFA402023F001
:10346000FFF9642014F094FBC3E74C4600E000240D
:10347000454603E04C4600E0002400250126D7E73E
:1034800090CC01202DE9F04104461F4690460E469F
:10349000069802F079FC05460E21304614F0FBFD3B
:1034A00018B16FF00100BDE8F0817068858139685E
:1034B0000160B9888180D8F80020C0F80620B8F8EB
:1034C0000410418194F83000062806D006A34FF47A
:1034D000997213A11FA0F5F789FE31462046A26913
:1034E000BDE8F041104700002E2E2F4D6964646C3A
:1034F0006577617265732F54686972645F50617299
:1035000074792F4C7749502F7372632F6E657469ED
:10351000662F65746865726E65742E630000000026
:103520006E657469662D3E6877616464725F6C6570
:103530006E206D757374206265203620666F722070
:1035400065746865726E65745F6F757470757421EB
:1035500000000000417373657274696F6E2022254C
:103560007322206661696C6564206174206C696EE9
:103570006520256420696E2025730A0010B50400BB
:1035800006D10BA340F2222210A114A0F5F72EFEC3
:10359000732084F83200742084F833001948606185
:1035A0001948A061204602F05DF8002010BD00001F
:1035B0002E2E2F4C5749502F5461726765742F651A
:1035C000746865726E657469662E63006E657469F1
:1035D0006620213D204E554C4C0000004173736520
:1035E0007274696F6E2022257322206661696C6592
:1035F00064206174206C696E6520256420696E20EA
:1036000025730A006D2B0308295803082DE9F041A2
:103610000E4604005ED0A569002D0DDA1AF062FD99
:10362000A569002D06DA0EB96D1EA561BDE8F04151
:103630001AF080BD1AF07EFD284600F031FC04002F
:1036400048D001271AF04EFD80460120052E19D2E0
:10365000DFE806F0030A0E1316002089401C00B2B2
:103660002081012834DC14E02089401E20812FE0D5
:10367000618901B1002760810BE00020608127E0B3
:10368000A08106E014A34FF41F6220A123A0F5F748
:10369000ADFDA07BE0B1DFB1B4F90800002801DD89
:1036A000012700E00027608908B1012600E000261C
:1036B000A08908B1012400E0002440461AF03AFD38
:1036C0002346324639462846BDE8F04117F0E0BDB2
:1036D0004046ABE7BDE8F0812E2E2F4D6964646C47
:1036E0006577617265732F54686972645F506172A7
:1036F00074792F4C7749502F7372632F6170692F43
:10370000736F636B6574732E63000000756E6B6E70
:103710006F776E206576656E740000004173736587
:103720007274696F6E2022257322206661696C6550
:1037300064206174206C696E6520256420696E20A8
:1037400025730A0070B504461748407820B1174821
:10375000844203D9032070BD022070BD200501D032
:10376000012070BD00F096F90028FAD100F0D6F9DA
:103770000028F6D10E4E4FF48075002229463046BF
:10378000EEF708FE2146202000F036F9044601221B
:1037900029463046EEF7FEFD0CB1204670BDBDE86F
:1037A000704000F077B9000034C1012000F0FF0044
:1037B0000018024038B5184C607808B1002038BDB8
:1037C000012211021548EEF7E5FD032000220090CA
:1037D000134B1146012024F0B2FA6060114A002117
:1037E0001148F0F78FFB88B90E4A01210E48F0F717
:1037F00089FB58B90B4A02210B48F0F783FB28B923
:103800000A4A06210848F0F77DFB08B1062038BDBA
:1038100001206070D2E7000034C10120001802408E
:10382000C0580120513A030894C20120653A0308A8
:103830002DE9F05F304D83460E466878144670B12E
:1038400086B17AB12146584600F05CF860B100F0CC
:1038500021F907464FF48078DFF8A09047E0022076
:10386000BDE8F09F0120FBE70320F9E70BF0FF0024
:10387000C0F58070844200D22046824600F04EF9A6
:10388000070037D1002241464846EEF783FD5946EE
:10389000022000F0B1F8070019D11FFA8AF70021C1
:1038A000686824F06FFE3A4631461548F0F7A4FDEB
:1038B00018B100F095F8074609E06421686824F023
:1038C00061FE01280AD00E48F0F713F905270122FE
:1038D00041464846EEF75EFD67B901E02F78F6E70E
:1038E00000F0D8F80746D3445644A4EB0A040FB9B5
:1038F000002CBBD13846B3E734C101200018024088
:1039000094C20120B0F1807F05D2C0F1807088425E
:1039100001D3012070470020704700002DE9F05FBF
:10392000DFF8B08005460E4698F801001446D8B17D
:10393000EEB1E2B121462846FFF7E4FFC8B100F03E
:10394000A9F8002811D1DFF890B04FF4807A002256
:1039500051465846EEF71EFD2946032000F04CF86C
:1039600007464FF6FF7928E00220BDE8F09F0120CE
:10397000FBE70320F9E74D46AC4200D22546AFB243
:103980000021D8F8040024F0FDFD3A4631461348E2
:10399000F0F744FA18B100F023F807460BE0642171
:1039A0004746D8F8040024F0EDFD012807D00B4865
:1039B000F0F79FF805272E44641B17B103E03F780A
:1039C000F9E7002CD7D1012251465846EEF7E2FC28
:1039D0003846CAE734C101200018024094C20120D1
:1039E000002804D0022803D0032803D00620704703
:1039F000042070470520704708B58DF80000080CBA
:103A00008DF80100080A8DF802008DF803100421DA
:103A1000684600F031F808BD08B50B4A0021009156
:103A200010706946506824F042FB01280AD10098C2
:103A3000002807D005494FF080500860BFF34F8F32
:103A4000BFF36F8F08BD000034C1012004ED00E01A
:103A50000349884202D10020FFF7DEBF7047000013
:103A600094C201200349884202D10620FFF7D4BF47
:103A70007047000094C201200A4610B501460A238F
:103A80000348F0F786FABDE81040FFF7A9BF000031
:103A900094C201202DE9FE4F24F01AFF1C4F8246EC
:103AA0004FF47A7B4FF480764FF00A094FF000080C
:103AB00018A0002200683146CDE901803846EEF7B3
:103AC00069FC022301AA02A91348CDF80090F0F77F
:103AD00013FB0446012231463846EEF75BFC2CB15D
:103AE0002046FFF77DFF00280BD101E09DF805502F
:103AF000E80706D024F0ECFEA0EB0A01594502D3FA
:103B00000520BDE8FE8F022022F0E0FBD0E7000098
:103B10000018024005FF000094C20120F8B50620FD
:103B20000A4E8DF800004FF4807500222946304679
:103B3000EEF730FC01216846FFF79EFF04460122A4
:103B400029463046EEF726FC2046F8BD0018024014
:103B500010B504460088801E81B2A01CF8F7A4FBB3
:103B60002188605434F8011B000A085510BD70B557
:103B7000134604464842D3E901216FF0030505EBE3
:103B8000820288502246194610460AF07EFB002821
:103B900001D1411E216070BD08B569468DF8000055
:103BA00001220020F1F7E4FE012802D04FF0FF309F
:103BB00008BD9DF8000008BD10B5002821D0114BAC
:103BC0000022001F196803E0814203D80A464968B1
:103BD0000029F9D152B11368841A9C4204D10068BB
:103BE00018441060104602E0506000E0186039B1DF
:103BF00002680B1A934203D10B681A4402604968A9
:103C0000416010BDEC0100202DE9F0410E46044654
:103C10001AF068FA002167686160256821601AF06F
:103C200089FA380005D016B114F0B2FE01E012F0A6
:103C3000E7FA002D04D02846BDE8F04112F08ABD15
:103C4000BDE8F08113460A46022107F0BCB91346CD
:103C50000A46052107F0B7B910B54FF4C07101202D
:103C600005F05EFA040001D007F0A9F9204610BD66
:103C700010B5044607F096F92046BDE8104007F05D
:103C8000A9B82DE9F04F87B00446002001900290BA
:103C900003900490059001A802AB009010221946F1
:103CA000204606F0F1F8002879D1BDF808009DF80B
:103CB0000A1040BA000440EA01229DF80B009DF86A
:103CC0000E100243BDF80C009DF8123040BA0004FB
:103CD00040EA01209DF80F109DF816500843BDF8EA
:103CE0001010002649BA090441EA03239DF8131075
:103CF0004FF061470B43BDF8141049BA090441EA7B
:103D000005219DF81750C4E92E66C4E90E66C4E982
:103D10003E022943C4E91E13042501F00106A6FB57
:103D2000076C5FEA53084FEA3101520882EA060243
:103D300004EBC50648EAC0734FEA3000C6E92E021C
:103D4000C6E90E134FEA6505002DE6DC022304EBFD
:103D5000C30101F13802F1E92E95D2E900A6012054
:103D600017E004EBC00CE346DCE92E7C01EBC00855
:103D700087EA09078CEA050CC8E9007CDBE90E7CC0
:103D800002EBC00887EA0A078CEA060CC8E9007C47
:103D9000401C9842E5DB5B00082BD8DD002007B013
:103DA000BDE8F08F2DE9F84F8B46C97BDFF8ECE0DA
:103DB00001F00F0100EBC1044FF00F0CD4E92E31DC
:103DC000D4E90E741BF80C50BCF10F0F05F00F096D
:103DD0004FEA151A1BD01E073D0945EA047546EA4D
:103DE000141607F00F081C09CDF800803EF8383093
:103DF00000EBC9081F0444EA017487EA1117D8E9E7
:103E00002E3163407940D8E90E746F4074401E072C
:103E10003D0945EA047546EA141607F00F081C0927
:103E20003EF8383000EBCA081F0444EA017487EA00
:103E30001117D8E92E3163407940D8E90E746F40EC
:103E40007440BCF1010CBDD5080E1070080C507008
:103E5000080A9070180ED17040EA01201071180CF9
:103E600040EA01405071180A40EA01609071D37134
:103E7000200E1072200C5072200A9072380ED472EC
:103E800040EA04201073380C40EA04405073380AAA
:103E900040EA04609073D773BDE8F88F60BC0508F2
:103EA00010B521F0A5F9002803D1024909200860C6
:103EB000002010BDF800002010B504460088801EC8
:103EC00081B2A01CF8F7F0F92188C3B2625C9A4273
:103ED00006D1641C095DB1EB102F01D1012010BD8A
:103EE000002010BD2DE9F04104464FF00008008885
:103EF000474680B3FD2842D8A11C405C58BB002532
:103F000012E061198E782E2E26D03046F8F72CF864
:103F100090B3A6F14100192802D9613E192E01D8AB
:103F20004FF001086D1CADB22088A842E9D881B2DB
:103F3000C81B80B2B8F1000F21D060B13F281ED855
:103F4000E01980782D281AD0641C085D2D2816D021
:103F50000120BDE8F08112E0E81B0004000C0ED047
:103F60003F280CD8E01980782D2808D048782D28D3
:103F700005D0681C87B2D5E7FFE72D2ED2D00020F0
:103F8000E7E72DE9F0410E4605460088098888429A
:103F90000CD100240FE028198078F7F7F3FF0746CB
:103FA00030198078F7F7EEFF874202D00020BDE895
:103FB000F081641CA4B22888A042ECD80120F6E766
:103FC0000A46032100F0F4B82DE9FE4F8A46444921
:103FD0000446D1F8088098F800000007850E142DDB
:103FE00079D36089042876D360680078002872D07D
:103FF000082870D1486901F11407C0F303120E2A92
:1040000069D08946096800F0EFF9002863D120895A
:10401000082860D305F10E010E46204614F03BF847
:10402000002830D02089411989B2884253D84FF4F2
:1040300020720E2014F092F806004CD0718905F120
:104040000800814216D32A4641467068ECF732FCDC
:104050002946304614F0B0FE002806D021A3B6222F
:104060002EA13CA0F5F7C2F804E02146304614F03A
:1040700013FB18B1304614F08BFC2CE0204614F0F2
:1040800087FC34460CE03146204614F095FE0028AB
:1040900006D014A3C72239A12EA0F5F7A7F81AE07D
:1040A00029462046666813F0F6FFA0B960683968B3
:1040B000FF22C160D9F810100161002131707180B8
:1040C0000272418101228DE806040A46FF23394627
:1040D000204600F0C3FB2046BDE8FE4F14F058BC5C
:1040E0008CD101202E2E2F4D6964646C657761722E
:1040F00065732F54686972645F50617274792F4CD4
:104100007749502F7372632F636F72652F697076D2
:10411000342F69636D702E630000000069636D7059
:104120005F696E7075743A206D6F76696E67207284
:104130002D3E7061796C6F616420746F2069636DCE
:104140007020686561646572206661696C65640AE7
:1041500000000000417373657274696F6E20222540
:104160007322206661696C6564206174206C696EDD
:104170006520256420696E2025730A0069636D70CF
:104180005F696E7075743A20726573746F72696ED0
:1041900067206F726967696E616C20702D3E706177
:1041A000796C6F6164206661696C65640A00000067
:1041B0002DE9FF479146884606464FF42072242198
:1041C000222013F0CBFF050031D06889242806D2C5
:1041D00018A34FF4B47225A12FA0F5F707F86C6867
:1041E00077681C2284F8008084F801904FF0000862
:1041F000A4F80480A4F80680686871680830ECF7B9
:1042000059FBF868039003A800F038FD60B1A4F8EA
:1042100002800122CDF80080CDE90120FF2303AA0E
:104220000021284600F01AFB284614F0B1FBBDE837
:10423000FF8700002E2E2F4D6964646C65776172D4
:1042400065732F54686972645F50617274792F4C82
:104250007749502F7372632F636F72652F69707681
:10426000342F69636D702E6300000000636865631E
:104270006B20746861742066697273742070627553
:10428000662063616E20686F6C642069636D7020C6
:104290006D65737361676500417373657274696FEF
:1042A0006E2022257322206661696C65642061742A
:1042B000206C696E6520256420696E2025730A00D4
:1042C0000A460B21FFF774BF43421843C31703EAA2
:1042D00001009A431043704740B1054A016891427A
:1042E00004D10079032801D20120704700207047D3
:1042F000534C54322DE9F0410C00154606460CD0C3
:104300005DB1114600F03EF838B1EDF735FF07001A
:1043100006D0EDF7E9FE384627E00120BDE8F08140
:10432000B0070BD1042D09D3A2782188022062F3B3
:104330001F41E278042741EA02620AE0F00705D152
:10434000022D03D301200227228802E000202278D8
:10435000012700233146EDF7D1FE5FEA000808D0BF
:10436000ECF7B4FFEDF7C0FE4046BDE8F04100F0C9
:104370002AB83E443C44ED1BD2D1ECF7A7FFEDF741
:10438000B3FEF2E7A0F10062B2F5801F05D2C0F1E2
:104390000160884201D3012070470020704770B54A
:1043A0000D00144606460CD05CB11146FFF7EAFF3B
:1043B00038B116F8010B05F8010B641EF9D1002085
:1043C00070BD012070BD002804D0022802D003284F
:1043D00000D0042070474FF47A714843B0FBF1F0ED
:1043E000002800D101207047421C12D088B191F8FA
:1043F000312092070BD54B68834208D0896800EAC8
:1044000001020B409A4202D10143491C01D0002015
:1044100070470120704710B501F0B4FC4FF0004127
:10442000084207D04908FBD106E0084201D000202D
:1044300010BD49080029F8D1012010BD2DE9F74F22
:1044400088B00446099800251426008DAF1F143843
:10445000C11700EB5170C0F3CF0003906068069065
:10446000017801F00F01052903D038460BB0BDE8F3
:10447000F08F6189142907D25BA34FF43F7269A1C1
:104480006FA0F4F7B3FEF0E7C08801F07DFCC0F345
:104490000C0100F4005002910790208914381FFA93
:1044A00080F88EE003984FF6FF7101EAC0004146A4
:1044B000404500D9084604904FF4207214210E2084
:1044C00013F04CFE5FEA000A7ED0BAF80A00142806
:1044D00006D245A34FF4497263A159A0F4F786FEB2
:1044E0001422DAF804000699ECF7E4F9DAF804008B
:1044F0000590049F35E06089811B8DB2B04206D2E1
:1045000039A340F22D3260A14DA0F4F76FFEAF4207
:1045100000D23D461DB306200EF024F95FEA0009E3
:1045200057D060684B463044CDE90005412229460A
:10453000002013F09DFF5FEA000B50D0204614F0DE
:10454000EDFB5549C9E904145946504613F0ACFF38
:10455000781B07043F0C06D000262468CBE72468AC
:104560000026002FC7D1701986B20998008D143823
:1045700040450298C0F30C0001DB079909B140F4F3
:10458000005001F001FC0599C8800498143080B2F5
:1045900001F0FAFB059948800598002141810998AE
:1045A00051460A9A43699847504614F0F1F9049924
:1045B000A8EB01001FFA80F8DDE90201084480B28F
:1045C0000290B8F1000F00E006E07FF46BAF00202E
:1045D0004CE7504614F0DCF94FF0FF3046E7484610
:1045E00000F084FCF5E700002E2E2F4D6964646C0A
:1045F0006577617265732F54686972645F50617288
:1046000074792F4C7749502F7372632F636F7265E3
:104610002F697076342F6970345F667261672E631C
:10462000000000006970345F6672616728293A20D3
:104630007062756620746F6F2073686F727400000B
:10464000417373657274696F6E2022257322206630
:1046500061696C6564206174206C696E65202564F5
:1046600020696E2025730A0074686973206E656581
:1046700064732061207062756620696E206F6E65BC
:104680002070696563652100702D3E6C656E203E6B
:104690003D20706F66660000C55403082DE9F047A1
:1046A000456807460E4628780421B1EB101F03D059
:1046B000384614F06DF986E000074FEA9068688884
:1046C00001F062FB04463889A04203D921463846EE
:1046D00014F08AFA79894145EAD33889A042E7D3B0
:1046E000B8F1140FE4D32969DFF83C91C1F303104A
:1046F0000E28C9F81410EA68C9F8102005D0304611
:1047000000F096F850B1344616E096F83100C00734
:1047100002D070680028F6D1002412E099F8140045
:1047200000247F280DD04148046808E0B44205D039
:10473000204600F07DF808B11CB10BE02468002C85
:10474000F4D1687A112805D105EB08004088B0F54E
:10475000884F36D0D9F810205AB131461046FFF7AD
:1047600043FE0028A4D199F81000C0F303100E28CE
:104770009ED0002C9CD0E88830F0C00005D0384690
:1047800000F038F907001ED07D68C9F80850C9E963
:104790000046297838460907890EA9F80C104146C9
:1047A00014F00AFB687A01281AD0062813D01128C1
:1047B0000CD04D462146D9F81400FFF715FEA0B1E4
:1047C00020E03446D5E70020BDE8F0873146384682
:1047D00020F050FE19E0314638461BF02DF814E069
:1047E00031463846FFF7F0FB0FE0287DC0F3031099
:1047F0000E2807D04146384614F0CFF9022138463A
:10480000FFF7DEFB384614F0C3F80021C9F80010AA
:10481000C9F80410C9F80810A9F80C10C9F810104C
:10482000C9F81410CFE700008CD10120B00000209F
:1048300010B590F83110C9070CD0416851B1064A43
:1048400052698A4204D001461046FFF7CDFD08B1F7
:10485000012010BD002010BD8CD10120FEB5DDE986
:104860000954089E1AB109B10F6807B9211D0096B5
:10487000CDE9015400F002F8FEBD00002DE9F84F2B
:104880000546DDE90BA8807BDDF828B01F461646FB
:104890008946012806D02FA34FF455723AA13DA0B6
:1048A000F4F7A4FC6FF00104002E35D01421284643
:1048B00013F0F1FB002832D168896C68142806D205
:1048C00024A34FF462723DA132A0F4F78FFC27724B
:1048D00084F809A0306820614520207084F801B078
:1048E000288901F051FA414F60804FF0000AA4F886
:1048F00006A0388801F048FAA0803888401C38802B
:10490000B9F1000F05D0D9F80000E060A4F80AA0C2
:104910000CE037480068F8E76889142802D220467E
:10492000BDE8F88F68686E4600690090B8F8280006
:1049300040B12989814205D9324641462846FFF7D0
:104940007DFDEDE7D8F814304046324629469847B9
:10495000E6E700002E2E2F4D6964646C6577617266
:1049600065732F54686972645F50617274792F4C5B
:104970007749502F7372632F636F72652F6970765A
:10498000342F6970342E6300702D3E726566203DB1
:104990003D203100417373657274696F6E2022256A
:1049A0007322206661696C6564206174206C696E95
:1049B0006520256420696E2025730A00636865639D
:1049C0006B207468617420666972737420706275FC
:1049D000662063616E20686F6C6420737472756307
:1049E000742069705F68647200000000F4000020A9
:1049F000988F05082DE9F05F45688346287800F018
:104A00000F0005287DD1E88801F0BEF9C004070C2D
:104A1000688801F0B9F929780907890E814270D8B0
:104A2000401A1FFA80F8584613F0DFFD6A4C06461C
:104A3000208830440A2809D93146284600F0ECFC89
:104A400000285ED0208830440A28E8D8A14664684F
:104A50004FF0000A0CE06069E968884207D1A0695C
:104A60002969884203D1A089A988884203D0246893
:104A7000002CF0D106E02CB1E88801F085F9C004E3
:104A80001BD025E005200DF06DFE04000AD1314653
:104A9000284600F0C1FCB04233DB05200DF062FE79
:104AA0000400CED02021EBF72CFF0F20E077D9F8BF
:104AB00004102160C9F8044004E0E08901F064F9C1
:104AC000C00405D01422294604F10800EBF7F2FED9
:104AD000A87940F340156D1C08D007EB080080B2A0
:104AE000B84263D34FF6EB7188425FD82A465946E5
:104AF000204600F043FA411C58D0B9F80020324457
:104B000000E064E0A9F8002035B107EB0801A183BB
:104B1000A17F41F00101A177012845D1A08B14228A
:104B2000143087B2606804F10801456828462E6891
:104B3000EBF7C0FE384601F027F96880A5F806A01B
:104B4000A5F80AA0656809E014213046776814F0DA
:104B500033F93146284613F0A7FC3E68002EF3D106
:104B6000D9F804104E468C4205D1002105E00868B2
:104B7000A04202D001460029F9D1204600F022FBD4
:104B8000284613F032FD04463088A04206D213A313
:104B900040F29B2220A127A0F4F728FB3088001BBD
:104BA00030802846BDE8F09F0020FBE7606870B9C0
:104BB000D9F80400844206D008A340F2AB2227A112
:104BC0001CA0F4F713FB0021204600F0FBFA584626
:104BD00013F0DEFEE8E70000E8C001202E2E2F4D86
:104BE0006964646C6577617265732F546869726477
:104BF0005F50617274792F4C7749502F7372632F15
:104C0000636F72652F697076342F6970345F6672D6
:104C100061672E630000000069705F7265617373E5
:104C20005F70627566636F756E74203E3D20636CC5
:104C3000656E0000417373657274696F6E20222582
:104C40007322206661696C6564206174206C696EF2
:104C50006520256420696E2025730A006E6F74201C
:104C60006669727374616C74686F756768206A75C1
:104C7000737420656E7175657565640070B5014665
:104C8000144813E090F83120D3070FD053070DD507
:104C900043685BB184680D68234005EA04069E42C0
:104CA00016D0920702D4C268954211D0006800283D
:104CB000E8D10948006850B190F83120D30706D0F8
:104CC000520704D5426812B109787F2900D100202B
:104CD00070BD0000B0000020B40000202DE9FF41AD
:104CE000884606466F460578EBF7FEFB03461A68D2
:104CF000505D202862D100240A20302D06D116F8FC
:104D0000015F782D08D0582D06D00820515D20294C
:104D100004D0102806D016E0102011E0303D04FB2E
:104D200000540DE081EA810C5FEA0C6C0BD5090799
:104D300001D5612100E04121691A0A3141EA0414D8
:104D400016F8015FE2E72E2D10D01DB11868405D06
:104D5000C00734D06846381A012101EBA0000528AD
:104D600039D2DFE800F02B3E0A13200003A8874267
:104D700024D210C716F8015FB9E7B4F1807F1DD2C5
:104D80000098FF281AD844EA00642AE0B4F5803F6E
:104D900014D20098FF2811D80199FF290ED80006D7
:104DA00040EA014015E0FF2C08D80098FF2805D8FC
:104DB0000199FF2902D80299FF2903D9002004B0E4
:104DC000BDE8F0810199000640EA0140029940EAFD
:104DD0000120044305E008A3F92216A118A0F4F766
:104DE00005FAB8F1000F04D0204600F0CBFFC8F858
:104DF00000000120E3E700002E2E2F4D6964646C53
:104E00006577617265732F54686972645F5061726F
:104E100074792F4C7749502F7372632F636F7265CB
:104E20002F697076342F6970345F616464722E6309
:104E300000000000756E68616E646C6564000000BF
:104E4000417373657274696F6E2022257322206628
:104E500061696C6564206174206C696E65202564ED
:104E600020696E2025730A001022014900F002B863
:104E7000D4D701202DE9FC430023006889466C4605
:104E80001E464FF00A0C01AD0090002094F80080FF
:104E9000B8FBFCF70CFB1787B8FBFCF884F8008024
:104EA00030372F54401CC0B2B8F1000FEED106E0ED
:104EB0001F465B1C974209DA2F5C01F8017B401EFC
:104EC000C0B2F5D218465B1C904202DB0020BDE860
:104ED000FC832E20761CF6B2641C01F8010B042E14
:104EE000D3D3002001F8010C4846F0E710B50400C8
:104EF00006D106A34FF4317213A116A0F4F776F988
:104F00002146BDE8104006200DF074BB2E2E2F4D1B
:104F10006964646C6577617265732F546869726443
:104F20005F50617274792F4C7749502F7372632FE1
:104F3000636F72652F697076342F6970345F6672A3
:104F400061672E63000000007020213D204E554C0B
:104F50004C000000417373657274696F6E202225E6
:104F60007322206661696C6564206174206C696ECF
:104F70006520256420696E2025730A002DE9F05F05
:104F80004C68064693460F4600254FF0010860889E
:104F900000F0FAFE21784FF0FF3A0907890E8142AE
:104FA00031D8A0EB0109E08800F0EEFEC0047C6877
:104FB000010C0020206001EB090083B2A180E38096
:104FC0008B4220D3726829E05068B0F804C0614574
:104FD00015D222606DB1B5F806C0614513D3808843
:104FE000834210D82F60A088844506D04FF0000877
:104FF00003E08088834206D877608AB12EE002D031
:10500000C288914202D25046BDE8F09F25B1EA889D
:10501000624501D04FF0000802680546002AD3D14E
:1050200095B1E888A188884206D92AA34FF4DB729B
:1050300037A13FA0F4F7DAF82F60E888A18888420A
:105040000CD04FF0000809E0706830B121A34FF494
:10505000DF7241A136A0F4F7C9F87760BBF1000F09
:1050600002D1B07FC007CFD0B8F1000F30D0726846
:10507000002A2DD050688088002829D12168204638
:1050800029B14C68C088A1888842F7D020E0B8F1E7
:10509000000F1DD032B90FA340F2DF123CA124A0B3
:1050A000F4F7A4F870684068A04206D109A34FF451
:1050B000F07237A11EA0F4F799F8206830B105A36B
:1050C0004FF4F17236A11AA0F4F790F801209BE793
:1050D000002099E72E2E2F4D6964646C657761720C
:1050E00065732F54686972645F50617274792F4CD4
:1050F0007749502F7372632F636F72652F697076D3
:10510000342F6970345F667261672E63000000009F
:10511000636865636B20667261676D656E7473208A
:10512000646F6E2774206F7665726C61700000008A
:10513000417373657274696F6E2022257322206635
:1051400061696C6564206174206C696E65202564FA
:1051500020696E2025730A006E6F20707265766973
:105160006F757320667261676D656E742C2074684C
:105170006973206D7573742062652074686520669C
:105180006972737420667261676D656E74210000C8
:1051900073616E69747920636865636B0000000059
:1051A00076616C69646174655F6461746167726182
:1051B0006D3A6E6578745F70627566213D4E554C30
:1051C0004C00000070B504460C480D464168A142F1
:1051D00002D1216841600AE0002D06D108A340F207
:1051E000451216A11CA0F4F701F82068286021469A
:1051F000BDE8704005200DF0FDB90000E8C00120B9
:105200002E2E2F4D6964646C6577617265732F541F
:10521000686972645F50617274792F4C7749502FBE
:105220007372632F636F72652F697076342F6970A4
:10523000345F667261672E630000000073616E69FF
:10524000747920636865636B206C696E6B6564209C
:105250006C69737400000000417373657274696F48
:105260006E2022257322206661696C65642061745A
:10527000206C696E6520256420696E2025730A0004
:105280002DE9F047054600240F46A94205D12FA37A
:10529000AB223DA13FA0F3F7A9FF002F08D038684B
:1052A000A84205D029A3AD2244A13AA0F3F79EFF5E
:1052B0006E684FF480387068818800291AD10068C0
:1052C0006860142205F108017068EBF7F3FA012118
:1052D0003046FEF7F5FF304613F087F904464045A7
:1052E00005D31AA3BC223AA12AA0F3F77FFF3046C8
:1052F00013F04EFB6E6812E07068B14606684846CF
:1053000013F073F90444444505D310A3CC2230A113
:1053100020A0F3F76BFFA4B2484613F039FB002E30
:10532000EAD139462846FFF74DFF314D2888A04283
:1053300005D206A3D2222FA116A0F3F757FF288883
:10534000001B28802046BDE8F08700002E2E2F4D40
:105350006964646C6577617265732F5468697264FF
:105360005F50617274792F4C7749502F7372632F9D
:10537000636F72652F697076342F6970345F66725F
:1053800061672E63000000007072657620213D2069
:1053900069707200417373657274696F6E202225A3
:1053A0007322206661696C6564206174206C696E8B
:1053B0006520256420696E2025730A007072657669
:1053C0002D3E6E657874203D3D20697072000000AE
:1053D00070627566735F6672656564202B20636C0E
:1053E000656E203C3D2030786666666600000000F1
:1053F000E8C0012069705F72656173735F706275E8
:1054000066636F756E74203E3D2070627566735FD3
:1054100066726565640000002DE9F0471D4F8946FE
:10542000064600240022134611461546786822E0FD
:10543000D0F814C0D6F80C80C4450BD1D0F818C0F1
:10544000D6F81080C44505D1B0F80CC0B6F8048079
:10545000C44509D06D1C2AB190F81FC092F81F8076
:10546000C44501D802461946D0F800C0BCF1000F6F
:1054700000D0034660460028DAD11AB11046FFF783
:10548000FFFE04444C4501DA012DCBDC2046BDE88B
:10549000F0870000E8C0012070B509480025446885
:1054A0000BE0E07F20B1401EE0772546246804E051
:1054B000204624682946FFF7E3FE002CF1D170BD99
:1054C000E8C0012010B5040006D108A340F2CE22A6
:1054D00015A118A0F3F78AFE606908B113F058FA15
:1054E0002046BDE81040FFF701BD00002E2E2F4DD5
:1054F0006964646C6577617265732F54686972645E
:105500005F50617274792F4C7749502F7372632FFB
:10551000636F72652F697076342F6970345F6672BD
:1055200061672E630000000070637220213D204EF1
:10553000554C4C00417373657274696F6E2022255F
:105540007322206661696C6564206174206C696EE9
:105550006520256420696E2025730A0010B5044675
:1055600000F010F8217858B151B1E02908D27F2914
:1055700006D0A92902D16078FE2801D0012010BDF3
:10558000002010BD006800F0FDBB0C2809D2DFE848
:1055900000F00806060606060608060806060120AC
:1055A0007047002070470000F0B5234C85B00027FD
:1055B000677003AA2149384614F0B0FF002838D19B
:1055C0009DF80C0042F2AC16012540B11B49324651
:1055D000881BEBF76FF96570A770049860606A46E6
:1055E0001649012014F09AFF002822D19DF80000EE
:1055F000C8B19DF80C0050B104990198884206D0BA
:105600000146049802280CD0401C88420BD1324637
:105610000A490B48EBF74EF96570A5700198606078
:1056200006E00020F1E7607810B90548F8F72CF99A
:10563000002005B0F0BD0000F4C1012094940010DA
:10564000E87200107FB54D884C78CDE90223CDE992
:1056500000450B78024602490020F0F70BFA7FBDA7
:10566000D4CC05082DE9F041A4B0044600266421FD
:105670006846EBF746F95E4D5C480027286002203B
:105680008DF8880080208DF88900E1208DF88A004F
:105690008DF88C708DF88B708DF88D7022A86860F5
:1056A0004FF40000A860A5F1A000E860A0382861D0
:1056B0004FF4C06068612846ECF7B2F980463821A3
:1056C00005F1B000EBF71DF905F1B00021210160F3
:1056D0004FF44001C0E9047146480DF02DF8062052
:1056E00084F83000686800221146007884F82A00A7
:1056F0006868407884F82B006868807884F82C000B
:105700006868C07884F82D006868007984F82E00F5
:105710006868407984F82F0040F2DC50208594F8C6
:10572000310040F00A0084F83100012012F0E5FB5E
:10573000314D002211466860012012F0DEFBA860A6
:10574000242119A8EBF7DDF82CA019904FF4007074
:105750001E9030201F9019AA21462A4812F046FCBC
:10576000234805F10C01E830EFF71EFD2048E83032
:10577000EFF7EAFC70B9B8F1000F04D0EBF794FD35
:1057800024B0BDE8F0811A48E830EFF793FC0146F9
:10579000012806DC204612F0D7F8204612F07CF8EB
:1057A000EEE74FF40065E800022905D0032905D093
:1057B000042906D0052903D0064602E00025FBE7B0
:1057C000002569460A48ECF747F8CDE905656946C2
:1057D0000748ECF74EFB0648ECF782FB204612F038
:1057E0006DF9204612F006F9CAE700000080024079
:1057F000A8CB01201C8D05084C0000204574684989
:1058000066000000C961040808B500200090044843
:10581000007818B969460348ECF719FA009808BDF2
:105820004C000020A8CB01202DE9F0478CB00C469D
:1058300081464FF4FA6812F0B8F906460027302185
:105840006846EBF75EF830216846EBF75AF82046D9
:105850006FF00B056946002318E0042F62D207EBB6
:105860004702D0F804C041F822C001EB8202B0F830
:105870000AC0C2F804C00FB142F8042CD0F800C02E
:10588000BCF1000F00D1936000687F1C0028E4D1B8
:10589000264822894463C0E90121204613F03EFADC
:1058A0006FF0020A12F081F9871B99F83100C107E5
:1058B00035D0400733D51D48B038ECF742F84028C2
:1058C0002DD1474519D21949A1F1B000ECF7A2FB3F
:1058D00060B11648B038EBF7BCFF80071FD51348FE
:1058E000B038ECF72EF8402802D018E0002519E077
:1058F00012F05BF9801B404501D355460FE0C0F51F
:10590000FA610B48806812F0B5FA07460748B038CC
:10591000ECF742FA18B9002FC4D0BF1CC2D0204601
:1059200013F036F80CB02846BDE8F08758CC0120BB
:105930004C0000202DE9F04F87B04FF000081546CD
:105940008A46ADF81080FEF7ABFA04004FF0FF393D
:1059500016D005A9206810F017FD434EA0B12168AC
:1059600001220978B2EB111F01D05F2007E010F18E
:105970000F0F01D1162002E0FCF706FF00B13060E6
:10598000484607B0BDE8F08F059830B937A340F21C
:105990008B2243A146A0F3F729FC01210598F3F7D8
:1059A000FFFF0446401C1BD0082C06D32FA34FF446
:1059B000257249A13EA0F3F719FC4D4800EB041BEA
:1059C00018F090FB05990A8B8C61D24317B218F03E
:1059D000B1FB0598406A98B1464818F00CFC0AE003
:1059E000059810F0B7FE1720C9E705980022114668
:1059F000436A7F1E9847002FF7DC3E4818F00CFCE6
:105A0000BAF1000F2DD065B3002304AA06A90598AA
:105A100010F0C2FF070008D0059810F09BFE01218E
:105A20005846FEF7F1F83846A6E710208DF800003A
:105A300002208DF80100BDF8100000F0A5F9ADF8C6
:105A400002000698CDE90108CDF80C809DF8000011
:105A50002968814200D92860694650462A68EAF7D9
:105A600029FF20468DE70000F80000202E2E2F4D44
:105A70006964646C6577617265732F5468697264D8
:105A80005F50617274792F4C7749502F7372632F76
:105A90006170692F736F636B6574732E6300000010
:105AA0006E6577636F6E6E20213D204E554C4C0025
:105AB000417373657274696F6E20222573222066AC
:105AC00061696C6564206174206C696E6520256471
:105AD00020696E2025730A00696E76616C69642006
:105AE000736F636B657420696E64657800000000F5
:105AF000103C002088C00120F8B516460C46FEF781
:105B0000CFF905004FF0FF3724D03046124E102851
:105B100004D16078022801D1A0070BD00FA340F276
:105B2000E2221BA121A0F3F761FB6FF00F000DE053
:105B300030600FE060680090608800F025F9024650
:105B40006946286810F052FD002804D0FCF71CFEBE
:105B50000028EDD13846F8BDF80000202E2E2F4D3C
:105B60006964646C6577617265732F5468697264E7
:105B70005F50617274792F4C7749502F7372632F85
:105B80006170692F736F636B6574732E630000001F
:105B90006C7769705F62696E643A20696E76616CD9
:105BA0006964206164647265737300004173736596
:105BB0007274696F6E2022257322206661696C659C
:105BC00064206174206C696E6520256420696E20F4
:105BD00025730A0070B50025FEF762F904004FF046
:105BE000FF361CD0206840B100780121B1EB101FB6
:105BF00001D101250AE0002508E0606830B10CA35E
:105C00004FF4457217A11DA0F3F7F0FA206811F0C8
:105C10005BF830B1FCF7B8FD08B1224908603046A6
:105C200070BD29462046FDF7EFFF002070BD000043
:105C30002E2E2F4D6964646C6577617265732F54E5
:105C4000686972645F50617274792F4C7749502F84
:105C50007372632F6170692F736F636B6574732E3A
:105C600063000000736F636B2D3E6C61737464613D
:105C70007461203D3D204E554C4C000041737365CE
:105C80007274696F6E2022257322206661696C65CB
:105C900064206174206C696E6520256420696E2023
:105CA00025730A00F800002010B5044640688047BC
:105CB00018F0B5FA094A216852688B181A1AB2F11D
:105CC000004F03D308442246054902E00449224616
:105CD0001846BDE8104018F03FBB0000D8C00120B6
:105CE000A95C03082DE9F04117460E46FEF7D8F8E7
:105CF00005004FF0FF304FF000042AD0032E04D0EF
:105D000026211E4A042E2BD125E02868017F007829
:105D1000C1F340060121B1EB101F17D1184818F04C
:105D20006AFA2868406868B1408BC10600D4022432
:105D3000800601D444F00404114818F06DFA062CD2
:105D400004D004E00E4818F067FA00E0062444EAA4
:105D50000600BDE8F08127F0060337F0070401D004
:105D60001160F6E7D8072868017F02D041F00201F0
:105D700001E001F0FD0101770020EAE7F8000020D2
:105D800088C0012000BA704740BA704710B518F0BB
:105D9000FBF90CF0ABF90CF0BFFC11F0E1FC1FF0CB
:105DA0005DFB19F03DFDFAF773F8BDE8104018F0FF
:105DB0004FBB000010B50446064818F01CFA06490F
:105DC0000868206000B144600C60BDE810400148E4
:105DD00018F022BA88C001207C00002070B50C4663
:105DE000FEF75EF805004FF0FF3619D0002C11DDEC
:105DF000FF2C00DBFF24E1B2286810F053FE0028DE
:105E00000FD029680122074C0978B2EB111F03D08B
:105E10005F2004E00024EEE7FCF7B6FC00B1206050
:105E2000304670BDF800002000210171016848680B
:105E3000002806D009780122B2EB111F01D118F019
:105E400025BD704710B5026804466FF00501506823
:105E500030B1127802F0F002102A09D0202A02D0C4
:105E60000846207110BDA289A1681FF0D7F9F8E794
:105E7000A289A16818F0CAFDF3E7000070B50168B7
:105E800004466FF00A024B684878002B4DD00B781F
:105E90000125B5EB131F48D1237A032B01D002282B
:105EA00043D0032841D001283CD0D80702D008466F
:105EB00010F05FFC2068006A30B11DA340F2BD7293
:105EC00028A12FA0F3F792F92168042048702068D8
:105ED00000210462206800F06DF8002824D02068BA
:105EE0004078042806D012A340F2C2722EA124A04A
:105EF000F3F77CF92E4818F08FF9206800210C3058
:105F000018F0FCF82A4818F076F920684078002844
:105F10000AD0BDE8704006A340F2C67222A118A0C4
:105F2000F3F764B9FB20207170BD227170BD0000D1
:105F30002E2E2F4D6964646C6577617265732F54E2
:105F4000686972645F50617274792F4C7749502F81
:105F50007372632F6170692F6170695F6D73672E53
:105F600063000000616C7265616479207772697406
:105F7000696E67206F7220636C6F73696E670000D3
:105F8000417373657274696F6E20222573222066D7
:105F900061696C6564206174206C696E652025649C
:105FA00020696E2025730A007374617465210000F6
:105FB00088C001202DE9F0478A46040006D169A374
:105FC00040F2A23274A178A0F3F710F920780121F1
:105FD000B1EB101F06D063A340F2A3327CA172A0E4
:105FE000F3F704F96078042806D05EA34FF46972D1
:105FF0007FA16DA0F3F7FAF8606830B959A340F2B9
:10600000A53284A168A0F3F7F1F8206A30B955A34E
:1060100040F2A63284A164A0F3F7E8F8206AD4F82D
:106020000480007A00F0010900F0020703280FD075
:10603000B9F1000F07D098F81400052808D00628F9
:1060400006D0082804D04FB198F81A00C00605D52C
:1060500001260021404618F015FC00E0002698F8C3
:10606000140001281DD0B9F1000F07D000214046CF
:106070001CF060FB0021404618F015FB1FB1002109
:1060800040461DF099F896B10022114640461BF09B
:1060900081FB0021404619F037FA404618F062FDB6
:1060A0000AE00021404618F0FEFA002EF5D13A46EB
:1060B000494640461DF016F905000ED0681C0CD16B
:1060C000206A407A20B198F8140001282FD035E0DA
:1060D0001EB1404618F0E4FA0025206A01680571F7
:1060E0000020206201F10C086070BDB936B160601B
:1060F000636A1BB10022042120469847B9F1000FC2
:1061000005D0636A1BB100221146204698472FB183
:10611000636A1BB10022022120469847BAF1000FA2
:1061200002D0404618F097F80020BDE8F0870DA394
:1061300040F2414243A11CA0F3F758F81FB14A496D
:1061400040461DF039F80122484940461BF022FB29
:106150004749404619F0D8F92146404618F092FBCD
:106160002846E2E72E2E2F4D6964646C65776172D4
:1061700065732F54686972645F50617274792F4C33
:106180007749502F7372632F6170692F6170695F57
:106190006D73672E63000000696E76616C69642020
:1061A000636F6E6E00000000417373657274696FF7
:1061B0006E2022257322206661696C6564206174FB
:1061C000206C696E6520256420696E2025730A00A5
:1061D0007468697320697320666F7220746370201D
:1061E0006E6574636F6E6E73206F6E6C7900000065
:1061F000636F6E6E206D75737420626520696E200A
:106200007374617465204E4554434F4E4E5F434C4A
:106210004F53450070636220616C72656164792040
:10622000636C6F7365640000636F6E6E2D3E637503
:106230007272656E745F6D736720213D204E554C00
:106240004C000000436C6F73696E672061206C69BD
:106250007374656E20706362206D6179206E6F7457
:10626000206661696C21000061B30408859504080B
:10627000C125030870B5044600684578002D16D086
:1062800000780121B1EB101F06D03AA340F25E4224
:1062900045A14AA0F2F7AAFF022D08D0032D03D191
:1062A0002068007F400702D4FB20207121E00025F8
:1062B0002571206810F05DFA2068416869B10278A4
:1062C00002F0F002102A1AD0202A04D1CD612068F1
:1062D00040681FF0B7FA206845602068436A43B100
:1062E0000022114698472068436A13B10022022118
:1062F00098472068BDE870400C3017F0AFBF006AC7
:1063000030B11CA340F2944236A12CA0F2F76EFFEC
:106310002168042048700320207220680021046254
:106320002068FFF747FE002822D020684078042824
:1063300006D010A340F29A4231A120A0F2F756FFF6
:10634000314817F069FF206800210C3017F0D6FEA5
:106350002D4817F050FF20684078002808D0BDE88D
:10636000704004A340F29E4225A114A0F2F73EBF64
:1063700070BD00002E2E2F4D6964646C65776172CC
:1063800065732F54686972645F50617274792F4C21
:106390007749502F7372632F6170692F6170695F45
:1063A0006D73672E630000006E6574636F6E6E2000
:1063B0007374617465206572726F720041737365E6
:1063C0007274696F6E2022257322206661696C6584
:1063D00064206174206C696E6520256420696E20DC
:1063E00025730A00616C7265616479207772697443
:1063F000696E67206F7220636C6F73696E6700004F
:10640000737461746521000088C0012001684968C7
:106410006FF00A0200292FD0037C0BB1096800E05D
:106420004968836819600021017101680B7803F0E5
:10643000F003102B12D0202B06D010A340F27D7257
:106440001BA121A0F2F7D2BE037C49680BB1498A97
:106450000FE00B7C5B070FD5898A0AE0037C13B140
:106460004968C98A05E04B68197D29B1012903D023
:10647000198BC06801807047027170472E2E2F4D16
:106480006964646C6577617265732F5468697264BE
:106490005F50617274792F4C7749502F7372632F5C
:1064A0006170692F6170695F6D73672E6300000012
:1064B000696E76616C6964206E6574636F6E6E5F81
:1064C0007479706500000000417373657274696FC0
:1064D0006E2022257322206661696C6564206174D8
:1064E000206C696E6520256420696E2025730A0082
:1064F000F8B5016804466FF00A02486848B10B78A5
:106500000125B5EB131F5DD14978002621B1022981
:1065100042D08DF8002051E0017D21B15FF0FA00FA
:106520008DF800004AE0217A6A4619F00BFF050059
:1065300044D02068103017F059FE38B12068103070
:1065400017F02CFE2068103017F041FE8DF8006027
:106550002068143017F04AFE30B920680621143044
:1065600017F026FE8DF800009DF8000028B128469F
:1065700018F0F8FA2068466020E021680220487090
:10658000216828464D60216818F07CF920680E4982
:10659000406818F088F811E08DF80060007D01284F
:1065A00006D00AA340F2E65215A121A0F2F71EFE82
:1065B000207A00B901202168496808779DF8000019
:1065C0002071F8BDF020ABE7A59702082E2E2F4DC5
:1065D0006964646C6577617265732F54686972646D
:1065E0005F50617274792F4C7749502F7372632F0B
:1065F0006170692F6170695F6D73672E63000000C1
:106600007063622D3E7374617465203D3D204C497A
:106610005354454E202863616C6C656420666F722C
:106620002077726F6E67207063623F290000000060
:10663000417373657274696F6E2022257322206620
:1066400061696C6564206174206C696E65202564E5
:1066500020696E2025730A000021017101684968D4
:10666000002901D112F05ABD70472DE9F0410446CE
:106670000020207120684168002915D00078012190
:10668000B1EB101F10D1A5680F044FF6FF78BD4283
:1066900001D3404600E0284686B220683146406873
:1066A0001CF0F2F8AD1BF2D1BDE8F08170B50546E3
:1066B000006810F0ACF850B92A686FF00A01506811
:1066C00020B1127802F0F002202A02D00846287188
:1066D00070BDAC68A16831B1A38904F108022168DA
:1066E0001FF066F9F3E721681FF004F9EFE70000F7
:1066F00010B50446006810F08AF8002850D12068D0
:1067000001210278B1EB121F48D142780AB1881FEB
:1067100046E04268002A3ED041702068006A30B1ED
:1067200020A340F223722CA132A0F2F75FFD606932
:1067300030B91CA340F2247238A12EA0F2F756FD06
:10674000206800210462206800F078F8002828D032
:1067500020684078012806D012A34FF4E56234A1E6
:1067600024A0F2F743FD344817F056FD20680021BD
:106770000C3017F0C3FC304817F03DFD206840781E
:1067800001280ED1BDE8104006A340F22C7228A1CA
:1067900018A0F2F72BBD6FF00A0001E06FF00500C2
:1067A000207110BD2E2E2F4D6964646C6577617267
:1067B00065732F54686972645F50617274792F4CED
:1067C0007749502F7372632F6170692F6170695F11
:1067D0006D73672E63000000616C726561647920DF
:1067E00077726974696E67206F7220636C6F73696A
:1067F0006E670000417373657274696F6E202225A5
:106800007322206661696C6564206174206C696E16
:106810006520256420696E2025730A006D73672D3D
:106820003E6D73672E772E6C656E20213D20300003
:10683000737461746521000088C001202DE9F34F55
:1068400081B004004FF0000A06D188A340F27362C1
:1068500093A197A0F2F7CAFC6078012806D083A321
:1068600040F274629CA192A0F2F7C0FC206A00285A
:1068700006D17EA340F275629FA18DA0F2F7B6FC0F
:10688000606830B979A340F27662A2A188A0F2F7DD
:10689000ADFC206A81694069814206D373A340F24E
:1068A0007762A2A182A0F2F7A1FC206A8089002869
:1068B00006D16EA340F27962ACA17DA0F2F796FCFE
:1068C000206A077F207F800701D4780701D5012047
:1068D00000E0002080464FF6FF7B216A4FF48039AC
:1068E0008868096902680A4400924268551A4D4551
:1068F00003D35E4647F0020700E0AEB26068B0F82E
:106900006400B0420ED20646B8F1000F08D04EB96E
:10691000206A806908B100254EE06FF006054BE063
:1069200047F002078819904206D950A340F2A362AB
:1069300098A15FA0F2F75AFC5E4501D14D4506D201
:10694000A8B2B04208D1206A8089012804D94FF04A
:10695000010947F0020701E04FF000093B463246CB
:10696000606800991DF0A4FB050019D1206A8169B7
:1069700031448161206A016931440161206A826881
:10698000526891420CD18189491E0904090C818108
:10699000206A05D0816808318160216A0020086181
:1069A000B9F1000F02D0002D97D000E00DB1681CA6
:1069B00046D1B8F1000F0FD0206A81694069814249
:1069C0000AD2636A1BB10022032120469847207F28
:1069D00040F01000207710E0606841F68442B0F883
:1069E0006410914203D9B0F86600142805D3636A95
:1069F0001BB1002203212046984715B1681C13D013
:106A00001EE0206A81694069814202D0B8F1000F1E
:106A100001D04FF0010A606819F008FF011D1DD078
:106A2000BAF1000F0CD11EE0606819F0FFFE011DE5
:106A300014D0B8F1000F16D0206A806980B100250B
:106A4000216A08680D7100212162617002990C3081
:106A500009B117F000FC0020BDE8FE8F0546EFE706
:106A60006FF00605ECE74FF0FF30F5E72E2E2F4DC7
:106A70006964646C6577617265732F5468697264C8
:106A80005F50617274792F4C7749502F7372632F66
:106A90006170692F6170695F6D73672E630000001C
:106AA000636F6E6E20213D204E554C4C000000005F
:106AB000417373657274696F6E202225732220669C
:106AC00061696C6564206174206C696E6520256461
:106AD00020696E2025730A00636F6E6E2D3E7374FD
:106AE000617465203D3D204E4554434F4E4E5F57E7
:106AF0005249544500000000636F6E6E2D3E637571
:106B00007272656E745F6D736720213D204E554C27
:106B10004C000000636F6E6E2D3E7063622E7463D6
:106B20007020213D204E554C4C000000636F6E6E6E
:106B30002D3E63757272656E745F6D73672D3E6D69
:106B400073672E772E6F6666736574203C20636FC3
:106B50006E6E2D3E63757272656E745F6D73672D18
:106B60003E6D73672E772E6C656E0000636F6E6EE0
:106B70002D3E63757272656E745F6D73672D3E6D29
:106B800073672E772E766563746F725F636E742001
:106B90003E2030006C7769705F6E6574636F6E6E57
:106BA0005F646F5F77726974656D6F72653A2069B3
:106BB0006E76616C6964206C656E67746821000094
:106BC00010B510F10F0F13D010F10E0F0DD010F102
:106BD0000D0F08D028B108A37D2214A117A0F2F749
:106BE00005FB002010BD1F4810BD1E48401C10BDF5
:106BF0001C48801C10BD00002E2E2F4D6964646C53
:106C00006577617265732F54686972645F50617251
:106C100074792F4C7749502F7372632F6170692FED
:106C20006170695F6D73672E63000000756E686147
:106C30006E646C6564206572726F72004173736577
:106C40007274696F6E2022257322206661696C65FB
:106C500064206174206C696E6520256420696E2053
:106C600025730A00888D050870B50C00054605D10E
:106C70000DA3852219A11CA0F2F7B8FA2448854279
:106C800001D1F3200AE02248401C854201D1F220C4
:106C900004E01F48801C854203D1F12020700120B0
:106CA00070BD002070BD00002E2E2F4D6964646CF5
:106CB0006577617265732F54686972645F506172A1
:106CC00074792F4C7749502F7372632F6170692F3D
:106CD0006170695F6D73672E6300000065727220DA
:106CE000213D204E554C4C00417373657274696FA1
:106CF0006E2022257322206661696C6564206174B0
:106D0000206C696E6520256420696E2025730A0059
:106D1000888D050810B500F005F8BDE81040E9F7CA
:106D2000F7BB000008B50020009069460348ECF767
:106D3000F5FC08B1EAF7B8FA009808BDF0010020A8
:106D40001CB500240094019400F006F91CBD00005D
:106D50002DE9F84F002599468B4607464FF0080865
:106D60006FF0004AB2F1004F00D35246164637B9D1
:106D700043A340F29E324FA152A0F2F737FA38688F
:106D800001210078B1EB101F06D03DA340F29F32E5
:106D900056A14CA0F2F72AFA5FEA097001D54FF02C
:106DA0000C08786808B1009021E0424669463868CE
:106DB00010F0A8F804000ED0002D58DCFBF7E4FC1E
:106DC00008B1534908600F3403D04FF0FF30BDE8DD
:106DD000F88F0020FBE7009830B929A340F2C532B4
:106DE0004CA138A0F2F702FA009878600098048964
:106DF000B44200DBB4B22919A94202DAAAEB0501B8
:106E00008CB20BEB05010023224611F035FD254421
:106E1000A64206DA1AA340F2DD3241A129A0F2F718
:106E2000E5F9361B5FEAC97018D100980089A042C5
:106E300006D213A340F2E33243A122A0F2F7D6F91F
:106E400000980189091B002904DD214611F068FE24
:106E5000786003E00021796011F09AFD48F0140891
:106E6000002E02DD5FEAC9709BD0002D06DD5FEACF
:106E7000C97003D12946386810F048F92846A6E7BA
:106E80002E2E2F4D6964646C6577617265732F5483
:106E9000686972645F50617274792F4C7749502F22
:106EA0007372632F6170692F736F636B6574732ED8
:106EB000630000006E6F20736F636B6574206769F9
:106EC00076656E00417373657274696F6E2022255A
:106ED0007322206661696C6564206174206C696E40
:106EE0006520256420696E2025730A007468697323
:106EF0002073686F756C6420626520636865636BDE
:106F0000656420696E7465726E616C6C7900000056
:106F1000F80000207020213D204E554C4C00000010
:106F2000696E76616C696420636F70796C656E2C34
:106F3000206C656E20776F756C6420756E64657269
:106F4000666C6F7700000000696E76616C69642082
:106F5000636F70796C656E002DE9F04F8DB09B46C4
:106F6000DDE91664174689468246FCF799FF05005D
:106F70004FF0FF383FD0286801210078B1EB101F97
:106F80001AD15B463A4649462846FFF7E1FE0746D6
:106F900076B16CB1002302AA04A928680FF0FCFCAA
:106FA00000943346BDF8082004A9286800F0A0FD2D
:106FB00038460DB0BDE8F08F0020ADF8080008900D
:106FC000079009900BA80396CDE90501CDE90B9731
:106FD0000CB1206800E00020049002AB03AA5946DF
:106FE000CDF800A0284600F01FF830B1FBF7CCFB2D
:106FF00008B10C4908604046DBE7BDF8080087424D
:1070000001D23A4600E002466FF000418A4203D2C4
:10701000874202D2384600E00846002CC9D00499C5
:107020002160C6E7F80000202DE9FC5F0646906865
:10703000994614468A4600280DD1E06800280ADDEA
:1070400034A340F2494240A14AA0F2F7CFF86FF0D2
:107050000F00BDE8FC9F5FEA0A7001D5042200E042
:1070600000227068019080B901A930680FF0A0FF7C
:107070000028EED1019830B926A340F25E4247A124
:107080003CA0F2F7B3F801987060019800273D46E4
:1070900000684FF0040BB0F8088016E0A1680BEB15
:1070A000C502A8EB07008A5880B2824200D890B28D
:1070B0000090019851F835103B460068009A11F095
:1070C000DBFB00986D1C384487B2E068A84201DD04
:1070D0004745E3D323684BB1606838B1201D01995F
:1070E000009030688A89083100F002FD0020A0611C
:1070F000216901B160615FEACA7103D170600198D2
:107100000FF07EF8B9F1000F01D0A9F8008000203F
:107110009FE700002E2E2F4D6964646C65776172C5
:1071200065732F54686972645F50617274792F4C73
:107130007749502F7372632F6170692F736F636B80
:107140006574732E630000006C7769705F7265630D
:107150007666726F6D5F7564705F7261773A2069F1
:107160006E76616C696420617267756D656E7473AB
:1071700000000000417373657274696F6E202225F0
:107180007322206661696C6564206174206C696E8D
:107190006520256420696E2025730A0062756620CB
:1071A000213D204E554C4C002DE9F04F95B08346C3
:1071B00000201E9F994690460E461190BBF1090F84
:1071C00003D39D48162101600EE110AA0FA90EA855
:1071D0008DE8070042463146584600F06BF9051E1F
:1071E00001DA092014E070DC27B1386810B978683A
:1071F00000286AD0242105A8E9F783FB0DA807AA77
:10720000049082E84003002117F00EF818B10C201A
:1072100089490860E8E005A8FEF7CCFDDA460024BD
:1072200041E06EB1082C0BD2E01704EB507006EB76
:10723000E00004F00702017801209040014221D1D2
:10724000B8F1000F0DD0082C0BD2E01704EB5071F1
:1072500008EBE10004F007020178012090400142B0
:1072600010D1B9F1000F1DD0082C1BD2E01704EB90
:10727000507109EBE10004F0070201780120904011
:1072800001420FD016F02EFF029020461DF0B9FFEC
:1072900040B3817B491C11F0FF01817316D0029825
:1072A00016F048FF641C5C45BBDB002D3ADB10AADE
:1072B0000FA90EA88DE807004B46424631465846B6
:1072C00000F0F8F8050017D02CE0A1E0FF21817351
:1072D0004FF0FF35A246029816F02CFF56481021B9
:1072E00001601FE04FF0FF35A246029816F022FF22
:1072F00051490920086015E0B7B178684FF47A71F8
:1073000000F5FA7090FBF1F0396801EB4102C2EB35
:10731000C11100EBC101002900DC0121049816F025
:10732000EDFE1190002455E00021F7E76EB1082C26
:107330000BD2E01704EB507006EBE00004F00702FC
:10734000007801219140084221D1B8F1000F0DD001
:10735000082C0BD2E01704EB507108EBE10004F0AD
:107360000702017801209040014210D1B9F1000FCD
:107370002FD0082C2DD2E01704EB507109EBE1005F
:1073800004F00702017801209040014221D016F05C
:10739000A9FE029020461DF034FF070011D0B87BF3
:1073A00040B926A340F63C0231A138A0F1F71EFFF8
:1073B000B87B10B1B87B401EB873029816F0BAFEC5
:1073C00007E0029816F0B6FE1B4909204FF0FF3582
:1073D0000860641C5445A9DB05A800F0ADFC0498C6
:1073E00016F01FFF002D04DA4FF0FF3015B0BDE896
:1073F000F08F1198401C0BD010AA0FA90EA88DE891
:1074000007004B4642463146584600F053F80546C1
:1074100016B19DF838003070B8F1000F03D09DF818
:107420003C1088F80010B9F1000F03D09DF840100F
:1074300089F800102846D9E7F80000202E2E2F4D9D
:107440006964646C6577617265732F5468697264EE
:107450005F50617274792F4C7749502F7372632F8C
:107460006170692F736F636B6574732E6300000026
:10747000736F636B2D3E73656C6563745F776169D1
:1074800074696E67203E2030000000004173736510
:107490007274696F6E2022257322206661696C65A3
:1074A00064206174206C696E6520256420696E20FB
:1074B00025730A002DE9F04F89B00025DDF850B0A2
:1074C0009A4691460E460746009501952C464FF088
:1074D000010802958EE06EB1082C0BD2E01704EB88
:1074E000507006EBE00004F00702017808FA02F0A1
:1074F000014221D1B9F1000F0DD0082C0BD2E017B9
:1075000004EB507109EBE10004F00702017808FA7E
:1075100002F0014210D1BAF1000F6AD0082C68D2F3
:10752000E01704EB50710AEBE10004F00702017868
:1075300008FA02F001425CD016F0D4FD0390204618
:107540001DF05FFE002872D041680791B0F9081065
:1075500006914189059180890490039816F0EAFD0F
:10756000BEB1E01704EB507106EBE10004F0070335
:10757000027808FA03F002420BD0079A12B9069A71
:10758000002A06DD6A4602EBE1010A7802430A702E
:107590006D1CB9F1000F14D0E01704EB507109EB2A
:1075A000E10004F00703027808FA03F0024208D071
:1075B000059A32B101AA02EBE1010A7802430A708E
:1075C0006D1CBAF1000F14D0E01704EB50710AEBF8
:1075D000E10004F00703027808FA03F0024208D041
:1075E000049A32B102AA02EBE1010A7802430A705E
:1075F0006D1C641CBC42FFF66EAF12989DF8001023
:10760000002D017013989DF8041001709DF808106A
:107610008BF8001006DA09A340F2697214A117A0D2
:10762000F1F7E4FD284609B0BDE8F08FFFE70398C5
:1076300016F080FD4FF0FF30F5E700002E2E2F4DA5
:107640006964646C6577617265732F5468697264EC
:107650005F50617274792F4C7749502F7372632F8A
:107660006170692F736F636B6574732E6300000024
:107670006E7265616479203E3D2030004173736510
:107680007274696F6E2022257322206661696C65B1
:1076900064206174206C696E6520256420696E2009
:1076A00025730A002DE9FE431C4616468846074608
:1076B000FCF7F6FB4FF0FF3538B3016801230A7879
:1076C0000021B3EB121F09D00091019123463246ED
:1076D0004146384600F020F8BDE8FE83022202EA67
:1076E000D4030291042202A902EA54025B1C009115
:1076F00013430068324641460FF0BCFD0446FBF7D9
:1077000043F808B1034908600CB12846E4E7029841
:10771000E2E70000F80000202DE9FF5FDDE90E49F7
:107720001F4690468B468246FCF7BAFB05004FF099
:10773000FF3653D0286801210078B1EB101F08D123
:107740003B46424659465046FFF7ACFF04B0BDE801
:10775000F09F244FB8F5803F01D35A2019E01FFA5B
:1077600088F854EA090016D0B9F1100F05D124B1F8
:107770006078022801D1A0070DD01BA340F252620D
:1077800026A12EA0F1F732FD6FF00F00FAF7FCFFF3
:1077900020B3386022E00021019100912CB1606893
:1077A00002906088FEF7F0FA01E000200291ADF847
:1077B0000C004246594668460EF084FD040004D190
:1077C000694628680FF04EFC044668460EF02AFD14
:1077D0002046FAF7D9FF00B138600CB13046B5E762
:1077E0004046B3E7F80000202E2E2F4D6964646CEC
:1077F0006577617265732F54686972645F50617256
:1078000074792F4C7749502F7372632F6170692FF1
:10781000736F636B6574732E630000006C7769701F
:107820005F73656E64746F3A20696E76616C69642B
:1078300020616464726573730000000041737365B6
:107840007274696F6E2022257322206661696C65EF
:1078500064206174206C696E6520256420696E2047
:1078600025730A002DE9F84F1C469046894682464A
:107870000A9FFCF715FB4FF0FF3588B10C4E94B111
:107880000C4816F0B8FC234642464946504600973D
:1078900000F012F80446074816F0BEFC34B134601C
:1078A0002846BDE8F88F0E203060F9E70020F8E7A1
:1078B000F800002088C001202DE9F0471C469046C2
:1078C00089460026089F1DF093FC05000BD05FEA57
:1078D000090074D0062870D0FF286FD0A9F5706019
:1078E000FF386BD102E00920BDE8F0874046B8F1CF
:1078F000080F0ED00222202806D0A8F580500A38A2
:107900001CD00128EDD130E028680078B2EB101FC0
:1079100078D1404600F0ACF90146042F74D32868B2
:1079200000287DD0406800287AD02268002A427A58
:1079300001D00A4300E08A43427293E0042F6FD3E0
:10794000296800296CD04868002869D00978B2EB12
:10795000111F57D121680029017C02D041F001019B
:1079600001E001F0FE0101747CE00021062F57D3F5
:107970002868002854D0227820461AB10FF0BCFEA7
:1079800001000FD02868027802F0F002102A0BD014
:10799000202A0DD034A340F67D5240A14AA0F1F731
:1079A00025FC5FE013209FE7406817F0D5F859E009
:1079B00040681DF0CDFC55E001E018E051E0B8F161
:1079C000010F0BD0B8F1020F4BD1042F28D3286838
:1079D000D0B14068C0B12178C17243E0042F1FD3F9
:1079E000286888B1406878B1217881723AE0042F24
:1079F00016D3296841B1486830B109780122B2EB49
:107A0000111F02D05C206FE70AE0017D012907D039
:107A1000B8F1060F25D2DFE808F02405101219206E
:107A2000162061E721680029418B02D041F0400116
:107A300001E021F04001418314E0216803E0216866
:107A40004FF47A725143C0F894100BE021684FF460
:107A50007A725143C0F8981004E02168C0F89C1075
:107A600000E05C2630463FE72E2E2F4D6964646CA3
:107A70006577617265732F54686972645F506172D3
:107A800074792F4C7749502F7372632F6170692F6F
:107A9000736F636B6574732E63000000556E6861CD
:107AA0006E646C6564206E6574636F6E6E207479AD
:107AB000706520696E20534F5F42494E44544F44D5
:107AC0004556494345000000417373657274696F00
:107AD0006E2022257322206661696C6564206174C2
:107AE000206C696E6520256420696E2025730A006C
:107AF0002DE9FF410A9C1F4690460E004FF00005FD
:107B000006D11DA340F2074228A12DA0F1F76EFB7C
:107B100037B919A34FF4816233A129A0F1F766FBAD
:107B200034B915A340F2094233A125A0F1F75EFB59
:107B300010208DF8000002208DF801004046FEF76D
:107B400023F9ADF802003068019000200290039004
:107B50009DF800002168814202D24FF0010501E04A
:107B600000D92060694638462268E8F7A3FE04B0D1
:107B70002846BDE8F08100002E2E2F4D6964646C0C
:107B80006577617265732F54686972645F506172C2
:107B900074792F4C7749502F7372632F6170692F5E
:107BA000736F636B6574732E6300000066726F6D94
:107BB0006164647220213D204E554C4C0000000051
:107BC000417373657274696F6E202225732220667B
:107BD00061696C6564206174206C696E6520256440
:107BE00020696E2025730A0066726F6D20213D208A
:107BF0004E554C4C0000000066726F6D6C656E2037
:107C0000213D204E554C4C0070B5174D4FF0FF36BE
:107C100001291BD0022907D0032901D016201FE01B
:107C2000D1B2124A402004E0882A0DD020200F4A09
:107C300000210EF08DFF04000CD00021F1F7B0FE02
:107C4000411C09D0A06170BD2120F0E70021074A46
:107C50001020EEE7692003E020460EF07BFD1720A0
:107C60002860304670BD0000F80000200D36030883
:107C700010B504280BD0082809D0202807D004A369
:107C800040F639320FA115A0F1F7B0FA002010BD6F
:107C90002E2E2F4D6964646C6577617265732F5465
:107CA000686972645F50617274792F4C7749502F04
:107CB0007372632F6170692F736F636B6574732EBA
:107CC00063000000556E6B6E6F776E20736F636B91
:107CD0006574206F7074696F6E0000004173736586
:107CE0007274696F6E2022257322206661696C654B
:107CF00064206174206C696E6520256420696E20A3
:107D000025730A002DE9704010F8013B11F8014B72
:107D1000A3420BD043F02005A5F16106192E03D82C
:107D200044F02004A54201D0012070BD521E01D0B4
:107D3000002BE9D1002070BD70B50446134816F041
:107D40005AFA206808B161684160114D2868A04264
:107D500060680AD130B10FA340F20D721AA120A0C1
:107D6000F1F744FA206828600AE030B909A34FF41B
:107D7000E26225A11AA0F1F739FAD4E900010860FE
:107D8000BDE87040014816F047BA000088C00120E5
:107D90007C0000202E2E2F4D6964646C6577617223
:107DA00065732F54686972645F50617274792F4CE7
:107DB0007749502F7372632F6170692F736F636BF4
:107DC0006574732E6300000073656C6563745F6394
:107DD000622D3E70726576203D3D204E554C4C0024
:107DE000417373657274696F6E2022257322206659
:107DF00061696C6564206174206C696E652025641E
:107E000020696E2025730A0073656C6563745F6377
:107E1000622D3E7072657620213D204E554C4C00FF
:107E2000F4F762F9EAF712FBEEF7EEFDF5F73AFF29
:107E300021A10020EDF71EFE2A48016841F0807163
:107E40000160294800214160016841F001010160A1
:107E5000EDF708FFEDF708FAEDF7BCF9EDF780FB59
:107E6000EDF754FBEDF714FBEDF700FBEDF72AFB04
:107E7000EDF76CFAEDF7DAFA1CA10020EDF7FAFD48
:107E800023A10020EDF7F6FD294C00220421204615
:107E9000EAF780FA6420E9F7B9FC012204212046C0
:107EA000EAF778FA6420E9F7B1FC0FF085FEEDF708
:107EB000C7F90FF093FEFEE70D0A5B626F6F745D0A
:107EC00020726573657420636F6D706C6574652CCA
:107ED0002052545420696E697469616C697A6564D2
:107EE0000D0A0000FCED00E0001000E05B626F6F27
:107EF000745D207065726970686572616C73206969
:107F00006E697469616C697A65640D0A000000002D
:107F10005B626F6F745D2070657269706865726115
:107F20006C7320696C6F7665796F750D0A000000BF
:107F300000100240F0B50B30154D20F00701002471
:107F4000144A0FE003688B420BD38B4205D95E1AAB
:107F500043184768C3E9006700E04368136002C044
:107F600004E0021D10680028ECD12046002802D150
:107F7000286808B10020F0BD064A07481060074A8B
:107F8000121A22F00702C0E9002401202860D7E776
:107F900004C20120EC01002064B9012060BB012073
:107FA00070B54FF0FF320024094D0DE0035D5A40DB
:107FB0000023D60702D085EA520200E052085B1C7B
:107FC000DBB2082BF5D3641C8C42EFD3D04370BDD9
:107FD0002083B8ED2DE9F0478946DDE908511C46BC
:107FE0000A9E134680464DB146B142F21D1023B1A0
:107FF000844205D90220BDE8F0870CB10120FAE7E0
:1080000004F11107B94201D20320F4E72CB1224652
:10801000194605F10D00E8F74DFC0D48494600688A
:10802000286085F80480681D00F0F1F8214605F10C
:10803000090000F0ECF804F10D012846FFF7B0FF4D
:10804000014628190D3000F0E2F800203760D2E731
:108050003CC905082DE9F0479846DDF82090164602
:108060000F46040008D0206830B1B8F1000F03D0EB
:108070000FB1002519E0D2B10120BDE8F08700BFA3
:10808000D4E90110884204D3204600F0AFF8032061
:10809000F3E72268795D1154A0684A46401CA0604D
:1080A0004146204600F016F86D1CB542E8D300208A
:1080B000E3E730B129B142F22E139A4203D20320F2
:1080C000704701207047C0E9001200218160084616
:1080D000704700002DE9FF47924689464FEA0004A9
:1080E000A568D4F80080042D0CD300262F1F07E0CC
:1080F00008EB060004223C49E8F731FC60B1761C2D
:10810000BE42F5D9A068A8421ED1032527680646BD
:10811000032803D2354609E03546F3E7701B38449F
:108120002A463149E8F71BFC18B16D1E002DF5D128
:1081300007E035B1A1682068491B01442A46E8F7E9
:10814000B9FBA560BDE8FF872DB1421BA260206886
:108150004119E8F7AFFBA0680D28F3D32068093078
:1081600000F049F8054642F21D10854207D9A26881
:10817000521EA2602068411CE8F79CFBB0E7A06893
:1081800005F11106B042DDD32068331F184400F01A
:1081900032F8074619462068FFF702FFB8421DD1A2
:1081A000206800798DF800002068401D00F023F859
:1081B0000190206851460D30CDE9020568464A46D7
:1081C0009047A068821BA260BCD0206810EB06011B
:1081D000E8F770FBA068002882D1B3E7A268521EBE
:1081E000A2602068411CF3E73CC90508002801D0C3
:1081F00000218160704782780188C07862F31F4156
:1082000041EA006070470170090A417070470170CF
:108210000A0A42700A0C8270090EC170704710B5CC
:1082200030B129B1E8F702FDBDE8104000F0E8B92F
:10823000022010BD01484078704700000000002077
:108240002DE9FF411F4E07460025812003951E4C56
:1082500030710220606106F10D00F968804609B1B5
:1082600001210FE0FFF7E6FF78B1F4F7DBFD38B14D
:10827000144903AB42F21B120F31F4F7A7FC30B1E3
:1082800007214046FFF7BFFF09E00621F9E700217B
:108290004046FFF7B8FF606903990844606163696D
:1082A00009486561143042F22E110096CDE90110A3
:1082B000307942467968FFF78DFE002800D065616D
:1082C000BDE8FF81EC850120B80100202DE9F043D5
:1082D00085B0314C0025A4F10F08304E07460395B8
:1082E0008321049588F8041002207061A01EF968AB
:1082F000814619B10121FFF786FF38E00F212046A2
:10830000E8F7FFFA264815F076FF2648016869B1BC
:10831000081D91F83110C1F380012170017861705E
:108320004178A1708178E170C07820711C4815F007
:1083300073FF13F0D5FC607130B103A904A813F0EA
:1083400071FB08B904950395A01D0499FFF75FFF21
:1083500004F10A000399FFF75AFF0DF05DFAA073CC
:1083600000214846FFF74FFF70690F307061736955
:10837000756142F22E120949CDE900821431029151
:1083800098F804004A467968FFF724FE002800D0D8
:10839000756105B0BDE8F083FB850120B8010020C0
:1083A00088C00120B40000202DE9FE431E4E054682
:1083B00082201E4C307102206061FFF73BFF0100FC
:1083C00006F10D0080460AD0D5E90201F5F71CFA46
:1083D000062810D2DFE800F005070D090B0706217B
:1083E0000BE0002108E0032106E0042104E0052160
:1083F00002E0062100E007214046FFF704FF0027C6
:1084000063690A486761143042F22E110096CDE983
:108410000110307942466968FFF7DCFD002800D082
:108420006761BDE8FE830000EC850120B8010020F3
:108430002DE9FE4F2E4C4FF00008064684F80680CA
:1084400001782C4D04F1140942F22E1A05F10D0B9E
:10845000062938D2DFE801F03703080D121730463D
:10846000BDE8FE4FFFF7ECBE3046BDE8FE4FFFF71C
:108470009BBF3046BDE8FE4FFFF728BF3046BDE842
:10848000FE4F00F039B8F068002708B1012703E07B
:10849000F3F742FE00B9072739465846FFF7B3FE07
:1084A000C4F81480CDE9005ACDF80890474602235D
:1084B0005A468520D6F80410FFF78CFD002800D01E
:1084C0006761BDE8FE8FFF202871022001466061D0
:1084D0005846FFF798FE6369C4F81480CDE9005A46
:1084E000CDF80890474628795A467168E4E70000BD
:1084F000B8010020EC8501202DE9FE43144D07460C
:108500008420144C28710220606105F10D00F96887
:108510008046B9B10121FFF776FE002663690D4858
:108520006661143042F22E110095CDE901102879D0
:1085300042467968FFF74EFD002801D06661A671BA
:10854000BDE8FE830021FFF75EFE0120A071E4E795
:10855000EC850120B801002010B506490648EEF769
:10856000E4FE18B1BDE8104000F04AB80248EEF74A
:10857000B5FEF7E75CEF012080EA012039B1502019
:1085800080F31188BFF34F8FBFF36F8FFEE704496D
:108590004A7A012A03D102224A72FFF749BF704783
:1085A000B80100203EB542F22E120E490E48FFF7E8
:1085B00080FD08B103203EBD0C4C00202061E0711D
:1085C000207260720A4A1420A2F580518DE80700DB
:1085D00000234FF4806207A1084820F03AF9A06117
:1085E00000203EBDC0B600109CA70120B8010020AD
:1085F000F0E700106D676D74000000003988030813
:10860000002802D0012800D00220704708B50020C1
:1086100000900948806900280DD069461DF08EFE43
:108620000098002807D005494FF080500860BFF33C
:108630004F8FBFF36F8F08BDB801002004ED00E03D
:1086400008B54FF4FA77564C3E4600254FF0010925
:1086500010201EF005F9314601201DF0F7FB3E46C3
:108660001DF022FDE068216988420DD0E07958B103
:1086700084F809902069E060656125716571A571D4
:108680004848FFF7B3FD01E0E07918B1607A0128AE
:108690000BD017E065722069E060A57125716561F6
:1086A00065714048FFF7A2FD73E0607850B1227A0F
:1086B000227122B13B483C498238E8F7FBF8257229
:1086C000657007E0607A022804D1E07810B1E570A7
:1086D00084F805901DF008FDA079E0B16079D0B173
:1086E00038461DF0F3FD1DF0DFFCE068216988428B
:1086F0000FD1E07968B1A571BFF34F8F2B480168A6
:108700002B4A01F4E06111430160BFF34F8F00BFBA
:10871000FDE71DF0E9FC227982B12249254B82391F
:1087200020480095FFF796FC08B103206072607A3C
:10873000022802D11B48FFF759FD2571607910B15D
:1087400084F8099065711DF0AFFCE06821698842EA
:1087500088D1E079002885D0607AA046012802D12E
:1087600098F8000020B198F80900022806D010E01F
:10877000FFF7F2FE60B988F800900AE098F802006E
:1087800038B9B8F8140081B20B48FFF748FD18B1AA
:1087900064261DF0A9FC5BE788F80290F9E7000069
:1087A000B80100209CA7012040B600100CED00E0AD
:1087B0000400FA057D850308EC85012070B5104C96
:1087C0000D4600212170E179B1B1802D14D800B996
:1087D00095B9E1682269914205D1617A02290BD0ED
:1087E000617A032908D025B101462A460548E8F7F1
:1087F00061F8257201206070BDE87040FFF706BF88
:10880000B801002040B6001002490020C871FFF7EF
:10881000FDBE0000B80100200648002101720122BF
:10882000027041708170C1700169491C0161C2719F
:10883000FFF7ECBEB801002038B1502080F311885A
:10884000BFF34F8FBFF36F8FFEE7FFF7F9FE000016
:1088500038B171B10B48002181700121C170FFF75F
:10886000D5BE502080F31188BFF34F8FBFF36F8FB9
:10887000FEE7502080F31188BFF34F8FBFF36F8F57
:10888000FEE70000B80100207CB50C4605466946AD
:10889000F3F790FC00280BD16846F3F7A0FC052CF9
:1088A00007D0062C19D0022825D0032819D0032080
:1088B0007CBD01281FD06846FBF70EFD0028F6D0CE
:1088C0009DF80500FF28F2D19DF80600FF28EED1A3
:1088D0009DF80700FF28EAD103E003280BD0012808
:1088E000E5D101200DF804000346694622462846DA
:1088F00011F0D8F87CBD00207CBD10B414460129CD
:108900001A46214602D010BC02F014BD10BC02F081
:1089100001BF002803D04FF48C7106F069B870478E
:108920004FF48C71E7F7EDBF2DE9F04FC7B0054666
:1089300016460F466846FFF7F3FF05F10804324676
:10894000394668466C6000F055F84690F0BB0098D8
:108950002860DDE9001000EB011101C901C401C963
:1089600001C401C944F8080B51F81C0944F8040C6F
:108970002A6828E01E48002500F5905900F5B05AF5
:1089800000F5D05C00F5F05B08C950FA83F6377843
:108990006D1C59F82760C3F3072710F807805AF8B1
:1089A00028707E40C3F3074700EB1363C75D93F85D
:1089B00000805CF827705BF828305F407E4040C440
:1089C000042DE1DB2039521E002A00E008E0D1DC52
:1089D00008682060486860608868A060C868E060D7
:1089E0006846FFF796FF469847B0BDE8F08F000055
:1089F00000900508F0B5802A07D0C02A07D0B2F54C
:108A0000807F0BD06FF01F00F0BD0A2300E00C2325
:108A1000036000F10803002443600DE00E23F7E734
:108A200001EB8405AF782E88ED7867F31F4646EAA0
:108A3000056543F82450641CB4EB521FF0D3006862
:108A4000544C0A28A4F5085204D00C282CD00E2827
:108A500029D157E05FF0000153F80C5B54F8210076
:108A6000454001CBC0F30726C0F30747965DD75DAD
:108A700086EA0726754002EB1066367885EA0645D9
:108A800052FA80F63678491C85EA06651D6053F86F
:108A90000C6C6E405E6053F8085C75406840C3E93A
:108AA00002500A29D8D373E05FF000011D6854F822
:108AB000210045405869C0F30726C0F30747965D7B
:108AC000D75D86EA0726754002EB1066367885EAA0
:108AD000064552FA80F63678491C85EA06669E619C
:108AE0005D687540DD619E686E401E62DD687540A0
:108AF0005D621E696E407040C3E90A601833082940
:108B0000D4D345E05FF00005196854F825004140D2
:108B1000D869C0F30726C0F30747965DD75D86EA9C
:108B20000726714002EB1066367881EA064152FA58
:108B300080F6367881EA06661E625968714059628D
:108B40009E684E409E62D9687140D96252FA81F7A0
:108B50003F781E69C1F3074C7E40C1F3072712F826
:108B60000CC0D75D02EB11613F0287EA0C47097820
:108B70007E4086EA016119635E696D1C4E405E634A
:108B8000996971404840C3E90E102033072DBBD3CB
:108B90000020F0BD00B20508F8B51D4616460F4688
:108BA000044630236A4600F059F9002805D12068B0
:108BB000391A012902DA6FF05F00F8BD00783060E1
:108BC0002068009906234718321D3946204600F0D8
:108BD00045F90028F1D12068B06020687168084428
:108BE0002060B84204D10C21284605F001FF16E0B0
:108BF0000078286020682A1D401C206039462046E5
:108C000000F08BF80028D8D12068A8602068696837
:108C100008442060B84202D06FF06500F8BD002023
:108C2000F8BD70B514460E460546032300F016F94C
:108C300000280AD1206848B1401E206028680078CA
:108C40002071072805D96FF0630070BD6FF05F00D9
:108C500070BD2868401C2860A0602868216808440E
:108C60002860B04202D06FF0650070BD002070BD7A
:108C700030B514460546032300F0F0F800280CD167
:108C80002068411E2160022805D32868411C296004
:108C90000078002801D06FF0670030BD38B5154668
:108CA000044601236A4600F0D9F8002804D1009850
:108CB000012802D06FF0630038BD2068007800B151
:108CC000012028602068401C2060002038BD38B595
:108CD0001546044602236A4600F0C0F8002809D170
:108CE000009828B1042803D820680078000602D52F
:108CF0006FF0630038BD0020286008E02068296814
:108D0000007840EA012028602068401C206000981C
:108D1000401E0090401CF1D138BDF0B503686FF0E3
:108D20005F06CC1A012C45DB1D782F0604D45C1C91
:108D300004601B78136038E005F07F05012D08D032
:108D4000022D0DD0032D14D0042D1FD06FF0630021
:108D5000F0BD022C2EDB5B78136003689B1C23E0C4
:108D6000032C27DBB3F801305BBA13600368DB1C0C
:108D70001AE0042C1EDB5C789D782404DB7844EA3E
:108D800005241C43146003681B1D0DE0052C11DB3A
:108D9000B3F80140DD7864BA24041B7944EA052461
:108DA0001C43146003685B1D036000681268081AA6
:108DB000824201D93046F0BD0020F0BD38B51546DD
:108DC000044602236A4600F049F8002808D12168C9
:108DD0002846009A05F025F92168009A114421607F
:108DE00038BD2DE9F843984614460E460546302313
:108DF0006A4600F033F8002829D1286800996FF0FE
:108E000065070844B04221D118E00078206043464D
:108E1000221D3146284600F021F8002817D1296884
:108E2000A1602968606808442860B04206D2102119
:108E3000012000F075F9E06058B104462868B0429E
:108E4000E3D30020E0602868B04205D03846BDE892
:108E5000F8836FF06900FAE70020F8E730B404689F
:108E60000D1B012D03DA6FF05F0030BC70472578D1
:108E70009D4202D06FF06100F7E7641C046030BCD3
:108E8000FFF74BBFF0B503686FF06B07591AD4B208
:108E9000802A06D2012942DB5B1E03601C70012080
:108EA000F0BDFF2A0BD8022939DB5B1E03601C7062
:108EB00001688122491E01600A700220F0BDC2F3E0
:108EC0000725B2F5803F0FD2032928DB5B1E036024
:108ED0001C7001688222491E01600D700168491EE4
:108EE00001600A700320F0BDC2F30746B2F1807F33
:108EF00013D2042913DB5B1E03601C7001688322FC
:108F0000491E01600D700168491E01600E70016804
:108F1000491E01600A700420F0BD052901DA3846B7
:108F2000F0BD5B1E03601C700168120E491E0160DB
:108F30000D700168491E01600E700168491E0160D4
:108F40000A7001688422491E01600A700520F0BD84
:108F50002DE9F04105460E469046104605F08FF982
:108F6000044628686FF06B07B04215D3811BA142FD
:108F700012D3011B22464046296005F0FDF9002866
:108F80000BD1D8F8000001280ED128680178090615
:108F90000AD5811B012902DA3846BDE8F081401E5E
:108FA000002128600170641C224631462846FFF7E4
:108FB00069FF0028F1DB044402223146284600F014
:108FC00004F80028E9DB2044E7E70368591A01297F
:108FD00002DA6FF06B0070475B1E03601A700120AD
:108FE000704700002DE9F047894600210E463546BE
:108FF0006FF02B0CDFF824A1089C37E0002701E07C
:10900000491C7F1CA14204D213F80180B8F1200F43
:10901000F6D0A1422CD0A4EB0108B8F1020F04D382
:1090200013F80180B8F10D0F02D013F8018003E0AE
:1090300003EB010898F80180B8F10A0F15D067B961
:109040005F5C3D2F0CD07F2F07D800BF1AF8077048
:109050007F2F02D0402F07D236B16046BDE8F0879F
:10906000761C022EF9D8F1E76D1C491CA142C5D32C
:10907000A5B1EC0804EB4404670005F0070404EB19
:109080004404072505EB440407EBD404A41B08B1F2
:10909000A14505D26FF029001460DFE7002039E018
:1090A000032600252F46044631E000BF93F800C098
:1090B000BCF10D0F29D0BCF10A0F26D0BCF1200F56
:1090C00023D01AF80CC0BCF1400F0BD04FF00008B1
:1090D000A6EB0806A84665467F1C68F39F15042F7B
:1090E00003D012E04FF00108F2E700276EB14FEA1B
:1090F000154C04F801CB012E07D94FEA152C04F8C2
:1091000001CB022E01D904F8015B491E5B1C00292A
:10911000CCD1201A10600020A0E7000068B205083A
:10912000014A126810470000400100202DE9FF416C
:1091300011881D4649BA9378090441EA0321D3787E
:1091400040C8194300919188937949BA090441EACA
:109150000321D379194301911189937A49BA0904FA
:1091600041EA0321D37A194302919189937B49BA49
:109170000904D27B41EA03211143039104C80099F9
:1091800051400091019950F8082B5140019150F83D
:10919000042C02995140029104C80399044651409D
:1091A0000391E6B302AF3A4621466846761EF3F7CE
:1091B000AFF808346A4621463846F3F7A9F8083470
:1091C0003A4621466846F3F7A3F808346A46214632
:1091D0003846F3F79DF808343A4621466846F3F7D7
:1091E00097F808346A4621463846F3F791F8083470
:1091F000AEB102CC0098019A014082EAF17101916E
:1092000004CC1143414000910398616808430299DE
:109210004840029054F8081B0840039900E003E01E
:1092200081EAF0700390BEE70298216848400290FE
:1092300003986168484003900098A16848400090F6
:109240000198E168484001900298000E2870029849
:10925000000C68700298000AA8700298E8700398E1
:10926000000E28710398000C68710398000AA87119
:109270000398E8710098000E28720098000C68723C
:109280000098000AA8720098E8720198000E2873EE
:109290000198000C68730198000AA8730198E8739C
:1092A00004B00020BDE8F081002803D04FF48A719B
:1092B00005F09EBB70474FF48A71E7F722BB70B58B
:1092C000C6B0044615460E466846FFF7F4FF2A4628
:1092D0003146684600F032F8050029D10098206038
:1092E000042812D00021684600EB811050F8C42FEA
:1092F00062604268A2608268E260C26822611622EF
:10930000083802EBC101143407E00121EBE704C87F
:10931000491E04C450F80C2904C40029F7D150F8A0
:10932000081D2160416861608168A160C068E060DB
:109330006846FFF7B9FF46B0284670BD2DE9F04FEB
:10934000C9B089460446051D1646402125A8E7F701
:10935000D8FA4FF488712846E7F7D3FA802E09D05F
:10936000C02E0BD0B6F5807F08D06FF0230049B037
:10937000BDE8F08F03200027206002E004200127D1
:10938000206000200DF1940805E000BF19F80010DE
:1093900008F80010401CB0EBD60FF7D3C02E09D14F
:1093A0005FF0000008EB0001401C0A7CD2430A7603
:1093B0000828F7D3F64B002035AA00BF03EBC00105
:1093C0000C8891F802C064BA240444EA0C2491F891
:1093D00003C044EA0C0442F830408C8891F806C07F
:1093E00064BA2404C97944EA0C240C4302EBC0019A
:1093F000401C4C600628E1D3402115A8E7F781FA0C
:10940000002015AC38F8201049BA0A0408EB800196
:109410008B78C97842EA03220A4344F82020401C92
:109420000828EFD35FF0000004EB800154F82020FF
:109430000B69401C5A400A620428F5D304F1280243
:1094400004F12000914635A98046F2F761FF4246BB
:1094500037A94846F2F75CFF5FF0000004EB80019B
:1094600054F820300A6A401C5A400A620428F5D396
:109470004A4639A94046F2F74BFF42463BA94846C7
:10948000F2F746FF802E16D95FF0000004EB800152
:10949000401C0B6A0A695A400A630428F6D323AABF
:1094A00021A890463DA90446F2F732FF22463FA983
:1094B0004046F2F72DFF15980190169802901798E4
:1094C00003901898B3490490012001EB07110DF1A6
:1094D000040A0A1812F8012C9AB3C0EB001202F029
:1094E0001F02DDF804C0029B0CFA02FCC2F120044A
:1094F000E3408CEA030C0AEB0013C3F800C0DDF86C
:1095000008C0DDF80C800CFA02FC28FA04F88CEA9A
:10951000080CC3F804C0DDF80CC0DDF810800CFAAC
:1095200002FC28FA04F88CEA080CC3F808C0DDF83D
:1095300010C00CFA02FC019AE2408CEA020CC3F85B
:109540000CC0401C0428C4D9924B0020203307EBE8
:10955000870B03EB0B1213565C1C03D05AF8204008
:1095600045F82340401C1428F5D3802E53D9199870
:1095700001901A9802901B9803901C980490012067
:109580000B18DB78ABB3C0EB001303F01F03DDF85F
:1095900004C0DDF80880C3F120040CFA03FC28FAAB
:1095A00004F80AEB00198CEA080CC9F800C0DDF8D1
:1095B00008C0DDF80C800CFA03FC28FA04F88CEAE9
:1095C000080CC9F804C0DDF80CC0DDF810800CFAF6
:1095D00003FC28FA04F88CEA080CC9F808C0DDF886
:1095E00010C00CFA03FC019BE3408CEA030CC9F8A1
:1095F0000CC0401C0428C3D900205446131893F90A
:109600001430B3F1FF3F03D054F820C045F823C015
:10961000401C1428F2D31D9801901E9802901F98A8
:1096200003902098049001200B18DB79ABB3C0EBBA
:10963000001303F01F03DDF804C0DDF80880C3F158
:1096400020040CFA03FC28FA04F80AEB00198CEA4F
:10965000080CC9F800C0DDF808C0DDF80C800CFA71
:1096600003FC28FA04F88CEA080CC9F804C0DDF8F9
:109670000CC0DDF810800CFA03FC28FA04F88CEA20
:10968000080CC9F808C0DDF810C00CFA03FC019BF7
:10969000E3408CEA030CC9F80CC0401C0428C3D971
:1096A0000020131893F928305C1C03D05AF820408E
:1096B00045F82340401C1428F3D3802E50D921981C
:1096C00001902298029023980390249804900120FE
:1096D0000B18DB7A9BB3C0EB001303F01F03DDF81C
:1096E00004C0029C0CFA03FCC3F12006F4408CEA8F
:1096F000040C0AEB0014C4F800C0DDF808C0DDF863
:109700000C800CFA03FC28FA06F88CEA080CC4F862
:1097100004C0DDF80CC0DDF810800CFA03FC28FA58
:1097200006F88CEA080CC4F808C0DDF810C00CFA82
:1097300003FC019BF3408CEA030CC4F80CC0401CF2
:109740000428C5D900205346111891F93C104C1C2F
:1097500003D053F8204045F82140401C1428F3D38F
:109760000C4A0020C03202EB8B0207EB4703115674
:109770004C1C07D000EB830405EB840455F8211042
:10978000C4F88010401C1428F1D30020EFE500003D
:10979000E8B2050818B70508002802D0842105F0B2
:1097A00027B9704710B50446402105F021F9402142
:1097B00004F1400005F01CF94020C4F8800010BD01
:1097C000244A0260244A4260244A8260244AC260D9
:1097D0008B780A8863F31F42CB7842EA0362026106
:1097E0008B798A8863F31F42CB7942EA0362426134
:1097F0008B7A0A8963F31F42CB7A42EA0362826161
:109800008B7B8A8963F31F42CB7B42EA0362C2618E
:109810008B7C0A8A63F31F42CB7C42EA03620262BA
:109820008B7D8A8A63F31F42CB7D42EA03624262E8
:109830008B7E0A8B63F31F42CB7E42EA0362826215
:109840008B7F8A8BC97F63F31F4242EA0161C16249
:1098500000207047657870616E642033322D627924
:109860007465206B10B5026304468A78088862F339
:109870001F40CA7840EA026060638A79888862F390
:109880001F40CA7940EA0260A0638A7A0889C97ACF
:1098900062F31F4040EA0160E063402104F14000B0
:1098A00005F0A6F84020C4F88000002010BD2DE986
:1098B000F0471F4691460D460446002600F1400A37
:1098C0000CE019F8061010F80A006D1E4140B95559
:1098D000D4F88000401C761CC4F88000002D6BD0AA
:1098E000D4F880004028ECD34DE051462046F2F7F2
:1098F00057FD206B401C00232063F118E01819F875
:10990000012090F840C0083382EA0C027A5401EB3F
:10991000090290F8418092F801C039448CEA080CA1
:1099200081F801C092F802C090F842808CEA080CDD
:1099300081F802C092F803C090F843808CEA080CCA
:1099400081F803C092F804C090F844808CEA080CB7
:1099500081F804C092F805C090F845808CEA080CA4
:1099600081F805C092F806C090F846808CEA080C91
:1099700081F806C0D27990F847004240CA71402B66
:10998000BBD3403D4036402DAFD2ADB1514620460D
:10999000F2F706FD206B401C2063002008E0311820
:1099A000231819F8012093F840305A407A54401C8B
:1099B000A842F4D3C4F880500020BDE8F0872DE918
:1099C000F0418AB08846DDE91076DDE91215CDE96F
:1099D0000037CDE9021505AC134604944246012137
:1099E000F2F7EEFD00280FD10146725C635C491C62
:1099F0005A4010431029F8D3002805D04146284684
:109A000004F0F6FF6FF055000AB0BDE8F081F0B544
:109A100085B00DF1280C9CE8F0008DE8F8001346A5
:109A20000A460021F2F7CCFD05B0F0BD70B5044642
:109A3000D0F8E00088B00E4630B104F1840501286A
:109A400006D0022808D01AE06FF0530008B070BDAD
:109A50002046F2F7F2FD10E094F8D8004FF0000134
:109A600010F00F000BD0049105910691C0F1100287
:109A7000079104A9284605F041F80028E6D1032003
:109A8000C4F8E00014F8D00F8DF800002079218888
:109A9000020642EA11208DF8010020682179000CAD
:109AA00040EA01408DF8020020682179000E40EA6A
:109AB00001208DF8030020798DF80400A088000AA9
:109AC0008DF805006068000C8DF806006068000ED7
:109AD0008DF80700207A8DF808002089217B000A84
:109AE00040EA01608DF80900207BA168020442EA87
:109AF00011408DF80A00A068217B000E40EA012089
:109B00008DF80B00207B8DF80C00A0891022000A34
:109B10008DF80D00E0686946000C8DF80E00E068D5
:109B2000000E8DF80F00284604F0E8FF00288DD1C4
:109B30003146284604F064FF88E710B504000CD0D5
:109B4000FFF72AFE04F1840004F077FF0020E4E927
:109B50003400C4E902002061207510BD10B5044630
:109B6000FFF720FE04F1840004F06DFF0020E4E91B
:109B70003400C4E902002061207510BDFFF720BE4B
:109B800070B5164690B005460022FFF76BFE040044
:109B900019D140216846E6F7B4FE6B461A464021CB
:109BA0002846FFF784FE04000DD1694605F18400C4
:109BB00004F04CFF040006D1E5E93400C5E90200D9
:109BC000012028612E754021684604F011FF10B075
:109BD000204670BD2DE9F0410446D0F8E0009846DB
:109BE00016460D46012805D002280BD06FF0530011
:109BF000BDE8F0810220C4F8E0002046F2F71DFD28
:109C00000028F5D1F4E93620521940F10000E4E8CB
:109C1000032014F80C1BA4F16C000746F03C69B15A
:109C20002A46314604F06AFF0028E1D14346324615
:109C300029462046FFF73BFE0028D9E74346324637
:109C400029462046FFF733FE0028D1D12A46414657
:109C5000384604F053FFEFE730B4D0F8E030012B82
:109C600003D030BC6FF053007047F0E93453AD18A7
:109C700043F1000360E8135330BC04F03FBF000021
:109C80002DE9F04F87B09B4603688A46DDE912173D
:109C9000DDE91554DDE9109C93F80180149EB8F1BC
:109CA000060F08D093F80080B8F1490F12D015487C
:109CB00007B0BDE8F08F3160CDE904C7CDE90254AB
:109CC000CDE900B91346406B524601F089F800F126
:109CD000120113E0DB68934201D1102C02D0094835
:109CE0008038E5E73160CDE90095CDE902C7406BEA
:109CF0005B465246FFF763FE00F156010029D7D1BB
:109D00000148D5E7809FFFFF009DFFFF2DE9F04F41
:109D100087B09B4603680C46DDE91191DDE91565C6
:109D2000DDE913C793F80180DDF840A0B8F1060F14
:109D300008D093F80080B8F1490F13D0134807B04A
:109D4000BDE8F08F3960CDE9002BCDF810C0CDE92A
:109D50000556CDE902A90A46406B2346012101F0D0
:109D600073F8ECE7DB68934201D1102D02D007486D
:109D70008038E4E73960CDE902C6CDE900A9406B3F
:109D80005B462246FFF743FED9E70000809FFFFFB6
:109D900010B504000BD0606B18B12168896989691E
:109DA00088472046BDE81040382104F021BE10BD90
:109DB0000068002800D0407870470000064905E0A0
:109DC0000A78824201D14868704708314A68002AFF
:109DD000F6D100207047000030BA050830B50A4BB4
:109DE0000CE0A5692D78854207D165688D4204D1C4
:109DF0006478944201D1586830BD08335C68002C07
:109E0000EFD1002030BD000030BA05083821E6F758
:109E100078BD0000F0B4104E04688CB1257CAD070D
:109E200002D4656895420BD142600372012B0AD0BF
:109E30006578032D07D0042D05D0052D03D033B14F
:109E40003046F0BC7047A369406BDB6802E0A36951
:109E5000406B1B69F0BC1847009FFFFF70B50C00FA
:109E600005460AD03821E6F74CFDA06940698047D5
:109E7000686320B100202C6070BD024870BD0148AD
:109E8000803870BD009FFFFF2DE9F0410E46069D12
:109E9000DFF8B0C001681446E9B300212960016809
:109EA00099B14A694F78012F11D0062F21D091F82E
:109EB00000E0BEF1490F24D05AB39E4233D1D0F80E
:109EC0001CE0BEF1000F2CD126E00022EAE794420C
:109ED00002D01D48BDE8F0812C6090F90810456B58
:109EE00000683246806944682846A446BDE8F041CF
:109EF00060472C60406B32462146BDE8F04101F0DE
:109F00002CB92C60406B32462146BDE8F041FFF78A
:109F100061BE0E48DEE704E0B4FBF2FE02FB1E4227
:109F20000AB16046D6E7072F02D006488030D1E755
:109F30008969406B32468F682146B8470028C9D1ED
:109F40002C60C7E7009FFFFF809DFFFF809CFFFF05
:109F500002464FF0004100200A4203D14908401C4C
:109F60002028F9D370474FF4A071E6F7CABC08B5B2
:109F70000023009300F001F808BD2DE9F04190B0F6
:109F80009846169F15460E460446B2F5806F04D9D2
:109F90006FF0350010B0BDE8F081B7F5807F02D9D1
:109FA0006FF03700F6E730216846E6F7AAFCE16972
:109FB0002069884201DC606938B13A464146204652
:109FC00000F046F80028E5D12CE05FB33A46414660
:109FD0006846F1F7DEFF88BB69462046F3F720FEAE
:109FE00060BB1FE01020211811F8012D521C12F047
:109FF000FF020A7002D1401E0028F4DC0CAB22469E
:10A0000001214046FEF779FCC0B9102D01D9102777
:10A0100000E02F463A460CA93046E6F74BFC3E449A
:10A02000ED1B01E004F12008002DDBD1694620463C
:10A03000F3F7F6FD10B92069401C20613021684615
:10A0400004F0D6FC10210CA804F0D2FC0020A1E7FB
:10A050002DE9F04104460F4680694FF4C071E0B02D
:10A060001646884203D8C0F5C070B04204D26FF0E3
:10A07000370060B0BDE8F08188466846E6F741FCED
:10A08000D4E94E306946A269984710B16FF03300A9
:10A09000EFE7A5693FB136B10DEB05003246394611
:10A0A000E6F708FC354469462A460846F1F771FF91
:10A0B000050007D169462046F3F7B2FD050001D13E
:10A0C000012020614146684604F092FC2846D0E712
:10A0D0007CB53025069CCDE9004500F001F87CBD3B
:10A0E0002DE9F04788B00D46DDE910A804469946F1
:10A0F000164620216846E6F704FC04F120000746D6
:10A10000FEF70EFC42F21070C4E90680C4E94E5618
:10A110004FF4807269463846FEF76CFC002804D183
:10A12000524649462046FFF793FF08B0BDE8F08746
:10A130002DE9FC4716468846DDE90A21154F040043
:10A140001D4614D0A06D90B1CDE9002104F1D001DD
:10A1500004F17C0304F1AC028946204600F01CF8AF
:10A16000002805D1484604F08AF8A84202D93846AA
:10A17000BDE8FC87A06D410700D0012101EBD002B2
:10A18000C8F8002002B031464846BDE8F04704F068
:10A19000F3B8000080B0FFFF2DE9F0478CB0804697
:10A1A000DDE914678A4615461C464FF0000903A8EE
:10A1B00000F048FC8DE8C0022B46224603A9404629
:10A1C00000F08CFB04000AD103A800F055FB08B195
:10A1D000064C04E003A9504603F02AF8044603A8FD
:10A1E00000F020FC0CB02046BDE8F08780B0FFFFF7
:10A1F00010B5040020D004F1E00000F013FC04F5D9
:10A20000827000F00FFC04F5947003F034FC2046DB
:10A2100000F07CFA04F17C0003F02DFC04F18800CE
:10A2200000F000FC04F1AC0000F0FCFB04F1D000F5
:10A23000BDE8104003F01FBC10BD2DE9FE431C46D5
:10A240000A9E91460546884600273346224600F07E
:10A250001FFA002808D18DE8D00005F128034246F6
:10A260004946284600F03AFBBDE8FE8310B5044697
:10A2700000F07EFA04F17C0003F0C6FC04F18800D3
:10A2800000F0E0FB04F1AC0000F0DCFB04F1D000D6
:10A2900003F0BAFC04F1E00000F0D4FB04F5827096
:10A2A00000F0D0FB04F5947003F0AEFC0020C4F87D
:10A2B000DC0010BD7FB50024DDE9085603948DE86D
:10A2C0006800D0F8DC4013462246F6F791F804B057
:10A2D00070BD00002DE9FC4716460F46DDE90A2156
:10A2E0000446D0F8DC801D46806D1346A0B104F111
:10A2F00088020091914604F17C012046FFF79DFF02
:10A30000002807D1CDE900653B4642464946204634
:10A3100000F0A4FCBDE8FC870048FBE780B0FFFF2D
:10A32000F8B5064608681546121A0C46684600F04D
:10A330003DFC00280ED19DF80010304600F022F8B8
:10A34000002807D1206822462B1A06F1AC013046BE
:10A3500000F052FCF8BD000038B50C461546134617
:10A3600000916A4600F1AC0100F046FC002804D1DF
:10A370000098001BA84201D0014838BD002038BD1C
:10A3800080B0FFFF10B500F015FA002800D001489A
:10A3900010BD000080B1FFFF002801D000F076BAA8
:10A3A000704770B50D46064600F0ACF904000FD1B9
:10A3B00005F17C0106F17C0002F03AFF040007D1B0
:10A3C00005F1880106F1880000F02EF9040002D0A2
:10A3D0003046FFF7E1FF204670BD00F067BA7CB55C
:10A3E0000025069CCDE9004500F002F87CBD000088
:10A3F0002DE9F0418CB00646DDE912071D189046A4
:10A400000C4605A8039303F0FFFB08A803F0FCFB30
:10A41000302304AA294603A8FEF720FD90B9DDE900
:10A4200003010844A84201D0164C20E005AA2946A1
:10A4300003A8FEF7C3FC28B908AA294603A8FEF71B
:10A44000BDFC10B1A0F59F4411E008A805A9CDE915
:10A45000001006F188034246029721463046F6F77F
:10A4600011F9040003D10398A84200D0064C05A8B6
:10A4700003F001FB08A803F0FEFA0CB02046BDE88B
:10A48000F08100001AB0FFFF00B4FFFFF0B585B007
:10A490000DF1280C9CE8F0004FF0000C8DE8F01056
:10A4A00000F002F805B0F0BD2DE9F04F8BB0044686
:10A4B000DDE91789DDE915A71E46154605A8DDF873
:10A4C00050B003F0A1FB08A803F09EFB8DE8E00369
:10A4D00004F17C0308AA05A92046F5F7DBFF040078
:10A4E00006D153465A4608A905A8F6F79AF8044635
:10A4F00005A803F0C0FA08A803F0BDFA0BB0204687
:10A50000BDE8F08F70B50D460446F6F7A1FE0128B0
:10A5100001D0094870BD0121284602F02BFE002819
:10A5200006DB04F14C01284602F03CFE002801DB6A
:10A53000024870BD002070BD80B0FFFF80B3FFFFF8
:10A540002DE9F04305460078284EABB00C46D0B15B
:10A550002178884217D104F18801894605F18800E5
:10A5600002F020FE78B904F19401884605F19400C8
:10A5700002F018FE38B904F1A0010F4605F1A00061
:10A5800002F010FE18B130462BB0BDE8F08321A8D0
:10A5900000F058FA02A800F0EBF8214602A800F0FB
:10A5A000B1F800200090019004F1280304F17C022E
:10A5B00021A902A800F088F904000FD1494621A87A
:10A5C00002F0F0FD48B9414624A802F0EBFD20B9A5
:10A5D000394627A802F0E6FD00B1344621A800F074
:10A5E00021FA02A800F092F82046CDE780B0FFFFE4
:10A5F00070B50C460546012104F1180002F0BAFDC1
:10A6000008B1074870BD2846F6F722FE012801D0A0
:10A61000044870BD21462846BDE87040F6F70ABBE5
:10A6200080B3FFFF80B0FFFF70B50C46054602F017
:10A63000FFFD00280FD104F10C0105F10C0002F020
:10A64000F7FD002807D104F1180105F11800BDE855
:10A65000704002F0EDBD70BD0246054802E0914237
:10A6600004D00C3001780029F9D100207047000097
:10A67000A8BA05080146054803E042888A4204D08A
:10A680000C300278002AF8D100207047A8BA0508DB
:10A690002DE9F05F0446C06D9A46C01DC60893467A
:10A6A0008946164F2046F6F7D3FD012824D1002510
:10A6B00004F14C0853465A463146484603F0ABF97C
:10A6C000070019D1E06DC0EBC601484603F060FDFC
:10A6D000070011D16D1C1E2D02DD0948BDE8F09F59
:10A6E0000121484602F046FD0028E3DB414648468A
:10A6F00002F058FD0028DDDA3846EFE780B0FFFFB2
:10A7000000B3FFFF097800F055B8000070B50400F1
:10A710002DD0206E012812D0201D03F0ACF904F1D9
:10A72000100003F0A8F904F11C0003F0A4F904F1EF
:10A73000280000F077F904F14C0003F09CF9606FF9
:10A7400078B1002507E000BF05EBC50100EB8100F3
:10A7500000F068F96D1CA06FA842606FF4D800F09B
:10A7600039FB2046BDE870407C2104F041B970BD42
:10A7700070B50446002500F8045B03F045FA04F1C7
:10A78000100003F041FA04F11C0003F03DFA04F15B
:10A79000280000F057F904F14C0003F035FAA565E4
:10A7A000E56525666566A566E56625676567A5674F
:10A7B00070BD000030B589B00D460446FFF7A6FF16
:10A7C00000212570032D07D0042D1BD02046FFF754
:10A7D0009DFF194809B030BD18486066184A20200E
:10A7E000A2F12003CDE906020593403B403ACDE9B2
:10A7F00000130890CDE9020211490023049002469B
:10A80000803915E00F4860660D4A3020E032A2F131
:10A810003003CDE906020593603B603ACDE90013B1
:10A820000890CDE902020649002304900246203137
:10A830002046F6F717FDCDE780B1FFFFE9120308C8
:10A840004CBB05081B170308094B10B5586868B9BD
:10A85000002008491A4602E01454401C0C310C78C0
:10A86000002CF9D10021115401205860004810BD7E
:10A8700034010020A8BA050810B50021183002F0F4
:10A8800079FC08B1002010BD012010BD10B50400F6
:10A890000BD0FFF73BFF04F17C0003F0ECF804F170
:10A8A0008800BDE8104000F0BDB810BD10B50446EA
:10A8B000FFF75EFF04F17C0003F0A6F904F18800C5
:10A8C000BDE8104000F0BEB8FEB50026DDE9084541
:10A8D0008DE8700000F002F8FEBD00002DE9FF4F8A
:10A8E00083B08B46DDE9117699469246114D1146AB
:10A8F000DDF840800398FFF705FE040016D14946B5
:10A900000398FFF775FE040010D12C460398F6F764
:10A910009FFC01280AD1CDF80080CDE901764B4695
:10A92000524659460398F7F7F3F9044607B0204614
:10A93000BDE8F08F80B0FFFF2DE9FE430D460646CF
:10A940001F469046012110460A9C02F013FC80B17C
:10A950004FF0FF31404602F00DFC78B1002000902E
:10A96000CDE901043B46424629463046FFF7B6FF93
:10A9700016E039462846FFF757FE11E039462846CB
:10A98000FFF752FE04000CD105F10C000021054632
:10A9900002F0F0FB28B12A46311D104603F0C4FC3A
:10A9A00004462046BDE8FE832DE9F04F8BB01C46DF
:10A9B000DDE915979046834601AE0D46DDF850A0BF
:10A9C000F6F746FC012803D015480BB0BDE8F08F20
:10A9D00001A800F037F82346424631465846009712
:10A9E000FFF7AAFF040015D14B46524629465846A8
:10A9F0000097FFF7A1FF04000CD12B463246194601
:10AA00005846F5F76BFF040004D129465846F7F77E
:10AA100040FA044601A800F005F82046D5E70000FA
:10AA200080B1FFFF10B504000BD003F024F804F14F
:10AA30000C0003F020F804F11800BDE8104003F00A
:10AA40001AB810BD10B5044603F0DEF804F10C008E
:10AA500003F0DAF804F11800BDE8104003F0D4B8B0
:10AA60002DE9F041DFF86C801E0014460F4617D028
:10AA7000217849B1001D03F002FC05462078042826
:10AA800009D01548BDE8F081012B09D13846BDE851
:10AA9000F04100F075B8012000EB4500B04201D054
:10AAA0004046EFE72A46611C384603F0BAFA002810
:10AAB000E8D161192A4607F10C00491C03F0B1FAEC
:10AAC0000028DFD107F11800BDE8F041012103F0B3
:10AAD000EDB9000080B0FFFF80B1FFFF2DE9FC5F02
:10AAE000044600208846DDE90C57014600901E46CA
:10AAF000914608F1180002F03DFBDFF880B04FF0FE
:10AB0000010A68B1201D03F0BAFB044608F10C00ED
:10AB10000190B9F1000F0AD0B9F1010F1AD02BE062
:10AB2000E7B100202870C6F800A0BDE8FC9F0AEB42
:10AB300044003060B84211D8042028702246691CB5
:10AB4000404603F019FC0090B0B929192246491C6F
:10AB500001980EE0601C3060B84201D95846E4E725
:10AB60000021019803F018F8801C28702246691C07
:10AB7000404603F001FC00900098D6E700B1FFFFCB
:10AB800010B50446012103F091F900280DD10121EF
:10AB900004F10C0003F08AF9002806D104F1180032
:10ABA000BDE81040002103F081B910BD30B5104D53
:10ABB0000446032A05D30868431C0B600078032869
:10ABC00001D0284630BD5A1C0A6018784FF6FF7332
:10ABD00003EA0020531C0B6011780843FFF74AFD7D
:10ABE00018B100782070002030BD024830BD000050
:10ABF00080B0FFFF80B1FFFFF0B40A4E1D4614463F
:10AC0000022B07D323685A1C22601B7813B16D1ED8
:10AC1000AB4202D93046F0BC7047D5182560F0BC75
:10AC2000FFF71EBF80B0FFFF30B514460D46007819
:10AC3000FFF712FD28B103222A60032B04D2064835
:10AC400030BD0548803830BD22704188090A6170E6
:10AC50008078A070002030BD00B1FFFF7CB51C469D
:10AC6000DDE906537BB16E1C5B1ECDE90063234614
:10AC7000FFF734FF002805D1207828702068401C99
:10AC8000206000207CBD01487CBD000080B0FFFF3B
:10AC900070B5D0F8E0400025049E022C02DB6FF076
:10ACA0003D050BE004EB840400EB8404E4E9391275
:10ACB000C4E9033650F8E01F491C0160284670BD06
:10ACC0002DE9F047002690B091468A4605466FF080
:10ACD0003B07402A03D9384610B0BDE8F0874FF44F
:10ACE00080783046761C404501DD3C4651E02846E0
:10ACF000F7F7EDFB04004CD10121D5F8E03009E075
:10AD000000EB800205EB8202D2E93B42944200D282
:10AD10000021401C8342F3DC0029E2D04021684638
:10AD2000E5F7EFFD05F108006946064605F00BF969
:10AD300004002ED1304605F08FFA304605F092FA25
:10AD40000021304605F0B2FA040022D140226946C3
:10AD5000304605F035FB04001BD16A460023402134
:10AD6000104605F082FA040013D1014607E000BF47
:10AD700000EB800205EB8202401CC2F8EC10D5F813
:10AD8000E0208242F4DC4A4669465046E5F792FDEF
:10AD900000244021684603F02BFE20469CE700007B
:10ADA00038B500250446C0F8E0502821E430E5F726
:10ADB000A8FD04F10800256005F054FA0120009078
:10ADC0002023002202492046FFF762FF38BD000021
:10ADD00045B20308014949680847000040010020C6
:10ADE0002DE9F0438BB089468446DDE91270DDE938
:10ADF0001551DDF85080CDE900370DF1080E179E92
:10AE00008EE8430007ACCDE9055413464A460021BD
:10AE1000604600F019F8002811D10021084605E02D
:10AE200018F80020235C5A401143401CA842F7D375
:10AE300041B14946304603F0DBFD6FF011000BB025
:10AE4000BDE8F0830020FAE72DE9FC470DF1300A58
:10AE50009C46144681469AE88101DDE90A32DDE923
:10AE60000F65CDE900206246484600F0D6F800287C
:10AE70000FD143463A462146484600F06EF9002875
:10AE800007D102B0324629464846BDE8F04700F0F7
:10AE900002B8BDE8FC872DE9FF4707468A46D7E997
:10AEA0004E01CC0044EA5074C600D7E95001CD00F1
:10AEB00045EA50754FEAC008101F91460D2804D38B
:10AEC0006FF0130004B0BDE8F0874A4607F5A4719F
:10AED0005046E5F7EFFC46EA080044EA050108435E
:10AEE0005ED000200090019002900390280E8DF813
:10AEF0000000280C8DF80100280A8DF802004FEAA6
:10AF0000186040EA05208DF804004FEA184040EA36
:10AF100005408DF805004FEA182040EA05608DF8DD
:10AF20000600200E8DF80800200C8DF80900200A7C
:10AF30008DF80A00300E40EA04208DF80C00300C29
:10AF400040EA04408DF80D00300A40EA04608DF8B4
:10AF50000E008DF803508DF807808DF80B408DF8AA
:10AF60000F6000206A463918145C91F86831401C63
:10AF7000634081F868311028F5D307F5B4721146A3
:10AF80003846F8F70FFF002008E03A181AF80010CA
:10AF900092F8682151400AF80010401C4845F4D34B
:10AFA00000208FE710B5040008D0FEF7F1FE204620
:10AFB000BDE810404FF4C07103F01ABD10BD4FF44E
:10AFC000C071E5F79EBC2DE9F0411D460B461646C3
:10AFD0000746012229461846FEF700FF04006FF0DD
:10AFE000130018D06169102915D13846FEF7D0FE3C
:10AFF00021463846FEF732FF00280CD101232A46AD
:10B0000031463846FEF706FF002804D13846BDE831
:10B01000F041F8F736BEBDE8F0812DE9F04F87B07A
:10B020000446DDE910B61D004FF000001346059000
:10B0300033D0C4F85801C4F85C0104F58072C4F838
:10B040006001C4F864019066D06610675067C4F868
:10B050007811C4E94E00C4E95000814604F5AC7093
:10B0600082460C2D1ED0680DCDF810908DF8100082
:10B07000680B8DF8110068098DF81200E800CDF812
:10B080000490CDF80890CDF80C908DF813009846F8
:10B09000102D0FD22F46002017E06FF0130007B0DD
:10B0A000BDE8F08F2A461946E5F704FC012084F834
:10B0B000670125E010270020211818F8003091F8CA
:10B0C00058215A4081F85821401CB842F4D35246C6
:10B0D00011462046F8F766FEED1BB844D8D1002093
:10B0E00001AA2118155C91F85831401C6B4081F879
:10B0F00058311028F5D3524611462046F8F752FE33
:10B1000005A8009004F5A473102251462046FEF7CE
:10B11000BBFE0028C3D1C4E950695D4604F5B4788C
:10B1200017E0102E02D23746002009E01027002039
:10B1300021182B5C91F868215A4081F86821401C45
:10B14000B842F5D3424611462046F8F72BFEF61BCF
:10B150003D44002EE5D10020A1E72DE9F04186B065
:10B160004FF0000C0D46044698466FF01306CDF8DC
:10B1700014C0934203D9A8EB0200A8420ED3D4E92D
:10B180004E73781943EB0C01C71B71EB030305D316
:10B190006FF01F070F233F1A8B4103D2304606B0D2
:10B1A000BDE8F0811646C4E94E0146E0102D01D2FB
:10B1B0002F4600E010271020211891F85721521C2B
:10B1C00012F0FF0281F8572102D1401E0C28F3D85B
:10B1D00005A8009001AB102204F5AC712046FEF7E3
:10B1E00053FE0028DBD101AA1CE0D4F8781141B944
:10B1F000211816F800C091F8683183EA0C0381F831
:10B200006831135C315C4B4008F80030D4F8781199
:10B21000012906D1211891F868C18CEA030C81F844
:10B2200068C1401CB842E0D304F5B4721146204610
:10B23000F8F7B8FDED1B3E44B844002DB6D1002010
:10B24000ADE70000F8B51D4616460F46002407E09E
:10B2500069460A48E8F762FA38B1E6F725F8641C4F
:10B26000B4EB960FF4D30020F8BD2868001D2860C9
:10B2700007EB840000990160F1E70000F001002075
:10B280002DE9F05F0D4607461E4614004FF4803846
:10B2900001D0A74206D34FF0FF30002E00D0186037
:10B2A000BDE8F09F1046FEF753FE01468C408F40EC
:10B2B000C0F1200025FA00F2484202EAE0738D4016
:10B2C0003B43220CB3FBF2F04FEA15491FFA85FB12
:10B2D00002FB10351FFA84FA474603E01544401E6E
:10B2E000BD4207D2B842F9D200FB0AFC09EB05487F
:10B2F000C445F3D800FB149505EB034CBCFBF2F3FB
:10B3000003FB12C5B94603E015445B1E4D4507D249
:10B310004B45F9D203FB0AF70BEB05484745F3D839
:10B320002EB10BEB0C4203FB1422CA40326003EB3C
:10B330000040B5E72DE9F84F8D780C88436865F338
:10B340001F44CD788E7944EA056510CB8F7A6C4026
:10B350008D8891F80EC066F31F45CE79006845EAE6
:10B36000066620CBDFF8A0E375400E890EF5806BF2
:10B3700067F31F46CF7A46EA076753F8086B7E40AB
:10B380008F89C97B6CF31F4747EA016753F8041C98
:10B3900079404FF0FF3707EB600A0BF58060CDE096
:10B3A00004F0FF0C53F8049B5EF82C70C6F3074CB6
:10B3B00089EA0709C1F3072750F82CC05BF827700A
:10B3C000984687EA0C0789EA0709D04F4FEA156CBF
:10B3D00057F82C7005F0FF0C89EA07091F685EF822
:10B3E0002C30C1F3074C5F40C4F3072350F82CC046
:10B3F0005BF8233083EA0C035F40C44B4FEA166CC2
:10B4000053F82C305F4008F104030093D8F804C0CF
:10B4100006F0FF085EF82830C4F307488CEA030CF6
:10B42000C5F3072350F828805BF8233083EA08032C
:10B430008CEA030CB54B4FEA116853F828308CEABC
:10B44000030C009B1B1D0093D3F80080CBB25EF869
:10B450002310C5F3074388EA0108C6F3072150F813
:10B4600023305BF8211009F0FF05594088EA0108F4
:10B47000A649230E51F82310009B88EA01085EF8C4
:10B4800025105C68CCF307454C40C8F3072150F801
:10B4900025505BF8211069404C409C493D0E03F15A
:10B4A000080651F825109D68FBB24C405EF8231049
:10B4B000C8F307434D40C9F3072150F823305BF828
:10B4C0002110AAF1010A59404D4090494FEA1C63EE
:10B4D00051F82310331D00930CF0FF034D407668A4
:10B4E0005EF82310C9F307434E40C7F3072150F815
:10B4F00023305BF82110C7F3074759404E4083497A
:10B500004FEA186308F0FF0851F82310009B4E40E3
:10B510001B1D009319685EF8283050F827705940B9
:10B52000CCF307235BF823307B405940774B4FEA3D
:10B53000196753F827305940009B1B1DBAF1000FC3
:10B540003FF72EAFDFF8C0C104F0FF0880CB5CF8F6
:10B5500028C0C6F3074887EA0C07C1F3072C8646C4
:10B560005BF82CC050F828009A468CEA000C87EA59
:10B570000C0766484FEA156CD3F8008050F82C0091
:10B58000EBB24740604806F0FF0C50F82300C1F3CF
:10B59000074388EA0008C4F307205EF823305BF80D
:10B5A0002000584088EA00085848330E50F823001D
:10B5B000554B88EA00095AF8040F53F82C30C4F3AD
:10B5C000074C5840C5F307235EF82CC05BF82330C6
:10B5D00001F0FF0883EA0C0358404C4B4FEA116C12
:10B5E000494953F82C30C5F3074558400AF1040384
:10B5F00051F8281053F804CB5EF825508CEA010C62
:10B60000C6F307215BF8211069408CEA010C3F4921
:10B61000240E51F8241010CB8CEA010C3C4951FA4D
:10B6200087F52D78C0F307466C40CCF307258E5D77
:10B630004D5D2D0285EA06456C4001EB19652D78BC
:10B6400084EA056420CB51FA89F63678CCF30748B2
:10B650007540C7F3072611F808808E5D9A463602BA
:10B6600086EA0846754001EB10661B68367885EA65
:10B67000066551FA80F63678C7F307487340C9F378
:10B68000072611F808808E5D360286EA0846734068
:10B6900001EB1C66367883EA066651FA8CFC9CF84E
:10B6A00000C0DAF80430C0F3072083EA0C03C9F3C2
:10B6B000074C085C11F80CC0000280EA0C404340C3
:10B6C00001EB1760210A007814705170210C917001
:10B6D000210ED1701571290A5171290C9171290E11
:10B6E000D1711672310A5172310C9172310E83EAA6
:10B6F0000060D1721073010A5173010C9173000E36
:10B70000D0730020BDE8F88F00A2050800AE050840
:10B7100000A105082DE9F84F8D780C88436865F382
:10B720001F44CD788E7944EA056510CB8F7A6C4042
:10B730008D8891F80EC066F31F45CE79006845EA02
:10B74000066620CBDFF8A0E375400E890EF5806B0E
:10B7500067F31F46CF7A46EA076753F8086B7E40C7
:10B760008F89C97B6CF31F4747EA016753F8041CB4
:10B7700079404FF0FF3707EB600A0BF58060CDE0B2
:10B7800004F0FF0C53F8049B5EF82C70C6F3074CD2
:10B7900089EA0709C5F3072750F82CC05BF8277022
:10B7A000984687EA0C0789EA0709D04F4FEA116CDF
:10B7B00057F82C7005F0FF0C89EA07091F685EF83E
:10B7C0002C30C1F3074C5F40C6F3072350F82CC060
:10B7D0005BF8233083EA0C035F40C44B4FEA146CE0
:10B7E00053F82C305F4008F104030093D8F804C0EC
:10B7F00006F0FF085EF82830C4F307488CEA030C13
:10B80000C1F3072350F828805BF8233083EA08034C
:10B810008CEA030CB54B4FEA156853F828308CEAD4
:10B82000030C009B1B1D0093D3F80080CBB25EF885
:10B830002310C5F3074388EA0108C4F3072150F831
:10B8400023305BF8211009F0FF05594088EA010810
:10B85000A649330E51F82310009B88EA01085EF8D0
:10B8600025105C68CCF307454C40C7F3072150F81E
:10B8700025505BF8211069404C409C494FEA1865FF
:10B8800003F1080651F825109D68FBB24C405EF8A4
:10B890002310C8F307434D40CCF3072150F8233061
:10B8A0005BF82110AAF1010A59404D408F494FEA37
:10B8B000196351F82310331D00930CF0FF034D4022
:10B8C00076685EF82310C9F307434E40C8F307219A
:10B8D00050F823305BF8211008F0FF0859404E4023
:10B8E00082493B0EC7F3074751F82310009B4E4097
:10B8F0001B1D009319685EF8283050F827705940D6
:10B90000C9F307235BF823307B405940774B4FEA5C
:10B910001C6753F827305940009B1B1DBAF1000FDC
:10B920003FF72EAFDFF8C0C104F0FF0880CB5CF812
:10B9300028C0C6F3074887EA0C07C5F3072C8646DC
:10B940005BF82CC050F828009A468CEA000C87EA75
:10B950000C0766484FEA116CD3F8008050F82C00B1
:10B96000EBB24740604806F0FF0C50F82300C1F3EB
:10B97000074388EA0008C6F307205EF823305BF827
:10B980002000584088EA00085848230E50F8230049
:10B99000554B88EA00095AF8040F53F82C30C4F3C9
:10B9A000074C5840C1F307235EF82CC05BF82330E6
:10B9B00001F0FF0883EA0C0358404C4B4FEA156C2A
:10B9C000494953F82C3058400AF1040351F8281023
:10B9D00053F804CB8CEA010CC4F30721C5F30744E8
:10B9E0005BF821105EF8244061408CEA010C3F496D
:10B9F000340E51F8241010CB8CEA010C3C4951FA5A
:10BA000087F52D78C0F307466C40C9F307258E5D96
:10BA10004D5D2D0285EA06456C4001EB1C652D78D5
:10BA200084EA056420CB51FA89F63678CCF30748CE
:10BA30007540C0F3072611F808808E5D9A463602DD
:10BA400086EA0846754001EB17661B68367885EA7A
:10BA5000066551FA80F63678C7F307487340CCF391
:10BA6000072611F808808E5D360286EA0846734084
:10BA700001EB1966367883EA066651FA8CFC9CF86D
:10BA800000C0DAF80430C7F3072783EA0C03C9F3D0
:10BA9000074CCF5D11F80CC001EB1060210A007853
:10BAA00014705170210C9170210ED1701571290AFA
:10BAB0005171290C9171290ED1711672310A51728E
:10BAC0003F02310C87EA0C4791727B40310E83EACA
:10BAD0000060D1721073010A5173010C9173000E52
:10BAE000D0730020BDE8F88F00910508009D05087F
:10BAF000009005082DE9F04F8646C8B05FF00000C1
:10BB00000EEB80039B684DF82030401C0828F7D3CB
:10BB1000002008AC01EB8002138895785BBA1B0407
:10BB2000D27843EA0523134344F82030401C102800
:10BB3000F0D3FF4B00200499049A4FEAB11181EA37
:10BB4000F22181EA7262DDE905156940049D009FDA
:10BB50002940069DDDF800C06940114453F820508B
:10BB6000079A2A44114454F820201144DDE90025A5
:10BB70002A40DDE900563543029E35402A43009DA8
:10BB8000009E4FEAB50585EA763585EAB6552A4422
:10BB9000039D0D44114407914FEAB51181EAF52147
:10BBA000039581EA7562DDE904156940039D29402A
:10BBB000059D6940114403EB8002069D566835449B
:10BBC0000D4404EB80014E683544079E3E40079FBC
:10BBD00047EA0C07DDF804C007EA0C073E43079F5D
:10BBE000DDF81CC04FEAB70787EA7C3787EABC5705
:10BBF0003E44029F2F443544069502974FEAB715FD
:10BC000085EAF72585EA7766DDE903577D40029FDF
:10BC10003D40049F7D403544059E97683E44354431
:10BC20008E68069F3544069E47EA0C0706EA0C0616
:10BC3000DDF800C007EA0C073E43069FDDF818C098
:10BC40004FEAB70787EA7C3787EABC573E44019F33
:10BC50002F44354405954FEAB71585EAF725019736
:10BC600085EA7766DDE902577D40019F3D40039FED
:10BC70007D403544049ED7683E443544CE68059FD8
:10BC80003544059E47EA0C0706EA0C06DDF81CC0A1
:10BC900007EA0C073E43059FDDF814C04FEAB707DB
:10BCA00087EA7C3787EABC573E44009F2F443544DF
:10BCB00004954FEAB71585EAF725009785EA776678
:10BCC000DDE901577D40009F3D40029F7D403544A6
:10BCD000039E17693E4435440E69049F3544049E13
:10BCE00047EA0C0706EA0C06DDF818C007EA0C075D
:10BCF0003E43049FDDF810C04FEAB70787EA7C3760
:10BD000087EABC573E44079F2F44354403954FEACA
:10BD1000B71585EAF725079785EA7766DDE90057C5
:10BD20007D40079F3D40019F7D403544029E5769FD
:10BD30003E4435444E69039F3544039E47EA0C0751
:10BD400006EA0C06DDF814C007EA0C073E43039F21
:10BD5000DDF80CC04FEAB70787EA7C3787EABC57A3
:10BD60003E44069F2F44354402954FEAB71585EAB5
:10BD7000F72585EA77660697009F079D7D40069F19
:10BD80003D40009F7D403544019E97693E443544C7
:10BD90008E69029F3544029E47EA0C0706EA0C06AC
:10BDA000DDF810C0083007EA0C073E43029FDDF8BB
:10BDB00008C04FEAB70787EA7C3787EABC573E449A
:10BDC000059F2F44354401954FEAB71585EAF725BD
:10BDD000059785EA7766DDE906577D40059FD269BC
:10BDE0003D40079FC9697D403544009E32442A4446
:10BDF0001144019A019D039E42EA0C0205EA0C05DA
:10BE000032401543019A019E4FEAB20282EA76322D
:10BE100082EAB6522A44049D10280D441144049528
:10BE20000091FFF488AE10210498049A4FEAB010F4
:10BE300080EAF22080EA7262DDE905035840049B43
:10BE400008AE1840069B58401318394A079852F814
:10BE5000214002EB810220441C1806EB810050F8BF
:10BE600008CC50F83C5C4FEA7C434FEAF51783EA74
:10BE7000FC4387EAB54783EA9C2387EAD5073B441E
:10BE8000E14650F81C7C50F840CD67443B4446F8EE
:10BE90002130DDE900673E40DDE9007C47EA0C0720
:10BEA000DDF808C01C4407EA0C073E43009FDDF89C
:10BEB00000C04FEAB70787EA7C3787EABC573E44A1
:10BEC000039F2744344407944FEAB71484EAF724C5
:10BED000039784EA7766DDE904477C40039FD0F846
:10BEE0003CC03C40059FE2467C403444069E576877
:10BEF0003E4434444FEA7C4686EAFC4686EA9C2768
:10BF000086684FEAF61C8CEAB64C8CEAD60C67447D
:10BF1000D0F828C065443D444564DDF800C0079F63
:10BF20002C4407EA0C07DDF81CC0DDF8008001E0B6
:10BF300030C305084CEA080CDDF804800CEA080C54
:10BF400047EA0C07DDF81CC0DDF81C804FEABC0C8A
:10BF50008CEA783C8CEAB85C6744DDF808C0A444FD
:10BF60003C4406944FEABC1484EAFC24CDF808C093
:10BF700084EA7C67DDE9034C84EA0C04DDF808C040
:10BF800004EA0C04DDF810C084EA0C043C44059F6C
:10BF9000D2F808C0674427444FEA734484EAF34464
:10BFA00084EA932CC4684FEAF41888EAB44888EA13
:10BFB000D408C444D0F82C804644664407EB060BF2
:10BFC0008664DDE906C70CEA070CDDE9067847EA76
:10BFD0000807DDF8008007EA08074CEA070C069F0F
:10BFE000DDF818804FEAB70787EA783787EAB8574D
:10BFF000DDF80480BC4408EB0B0701970BEB0C0742
:10C000000597019FDDF804C04FEAB71787EAFC27C0
:10C0100087EA7C6CDDE9027887EA0807DDF80480AE
:10C0200007EA0807DDF80C8087EA08076744DDF8AF
:10C0300010C0D2F80C80C44467444FEA754C8CEAB7
:10C04000F54C8CEA952C05694FEAF51888EAB54855
:10C0500088EAD508C444D0F830804444644407EBEF
:10C06000040BC464DDE9057C07EA0C07DDE905C8BB
:10C070004CEA080CDDF81C800CEA080C47EA0C07B7
:10C08000DDF814C0DDF814804FEABC0C8CEA783C73
:10C090008CEAB85CDDF80080BC4408EB0B07009725
:10C0A0000BEB0C070497009FDDF800C04FEAB717B1
:10C0B00087EAFC2787EA7C6CDDE9017887EA0807D4
:10C0C000DDF8008007EA0807DDF8088087EA08073E
:10C0D0006744DDF80CC0D2F81080C44467444FEACE
:10C0E000764C8CEAF64C8CEA962C46694FEAF618A8
:10C0F00088EAB64888EAD608C444D0F83480454473
:10C10000654407EB050B0565DDE9047C07EA0C07D0
:10C11000DDE904C84CEA080CDDF818800CEA080CCC
:10C1200047EA0C07DDF810C0DDF810804FEABC0CC0
:10C130008CEA783C8CEAB85CDDF81C80BC4408EBE7
:10C140000B0707970BEB0C070397079FDDF81CC045
:10C150004FEAB71787EAFC2787EA7C6CDDE90078AD
:10C1600087EA0807DDF81C804E4407EA0807DDF877
:10C17000048087EA08076744DDF808C0D2F8148015
:10C18000C44467444FEA744C8CEAF44C8CEA942C17
:10C1900084694FEAF41888EAB44888EAD408E0448D
:10C1A000464407EB06094665DDE9037C07EA0C0710
:10C1B000DDE903C84CEA080CDDF814800CEA080C31
:10C1C00047EA0C07DDF80CC0DDF80C804FEABC0C28
:10C1D0008CEA783C8CEAB85CDDF81880BC4408EB4B
:10C1E0000907069709EB0C070297069FDDF818C0B0
:10C1F0004FEAB71787EAFC2787EA7C6CDDF80080F6
:10C20000079F87EA0807DDF8188007EA0807DDF8C6
:10C21000008087EA0807BC44019FD2F81880474491
:10C2200067444FEA754C8CEAF54C8CEA952CC5694D
:10C230004FEAF51888EAB54888EAD508E04454443E
:10C24000444484653C44DDE9027C07EA0C07DDE9EF
:10C2500002C84CEA080CDDF810802B440CEA080CEC
:10C2600047EA0C07DDF808C0DDF808804FEABC0C8F
:10C270008CEA783C8CEAB85C6744DDF814C008317D
:10C28000A4443C4401944FEABC1484EAFC24CDF855
:10C2900014C084EA7C67DDE9064C84EA0C04DDF80E
:10C2A00014C0D26904EA0C04DDF81CC084EA0C0452
:10C2B0003C44009F3A4422444FEA764484EAF644E0
:10C2C00084EA9626046A4FEAF41787EAB44787EAB5
:10C2D000D404344423441A44C365DDE901031840FF
:10C2E000DDE901342343039C23401843019B019C57
:10C2F0004FEAB30383EA743383EAB4531844049BCC
:10C3000010441344049300904029FFF48DAD0020A5
:10C310004FEA0D010EEB800251F820409368401C5B
:10C32000234493600828F5D348B00020BDE8F08F7F
:10C330002DE9F34FADF5477D00206D4601EBC004BC
:10C340002288A37852BA120442EA0322E378A7793A
:10C350001A4323791E0A324366791B0643EA0643D1
:10C36000E47943EA0723234305EBC00442EA16427B
:10C3700042EA1762C4E90032401C1028DEDBAB46FB
:10C38000502843DA0BEBC00151E90453DA0CDE000C
:10C39000EC0C42EA45325F0F46EA557647EAC5079C
:10C3A00044EA43347C40724051E91E67AD0980394C
:10C3B00045EA836582EA93127B086C404FEA162CAB
:10C3C0004FEA360591F808804CEA076C4FEA1729C6
:10C3D0004FEAD61643EAC87A49EA086985EA0C05A5
:10C3E00046EA47668AEA090385EA060583EAD7131F
:10C3F00064195A41D1E91253D1E90067AD197B4163
:10C4000064195A41C1E92042401CB9E7C7984FF06E
:10C41000000AD0E90410CDE9C301B091C799D1E970
:10C420000621CDE9C112AE92C79BD3E90827CDE919
:10C43000BF72AC92D3E90A2CCDE9BDC2AA921A46CA
:10C44000D2E90C32CDE9BB23CDE9A832C79AD2E9B3
:10C450000E32CDE9B9239E46C79BA792D3E910239C
:10C46000CDE9B7329146C79AA593D2E91232CDE908
:10C47000B523CDE9A23200BFDDE9A8329D0B45EA24
:10C480008245930BA89AA89E43EA8243DDE9A8421D
:10C49000A40C44EA8234920C42EA86325340A99AB0
:10C4A0006540540AD20542EA562244EAC654654021
:10C4B000A59EA79C53407440DDE9A8688EEA090256
:10C4C000324082EA0902AD1804EA0804DDF89482D9
:10C4D000FF4A84EA080402EBCA026341D2E90082FF
:10C4E000DDE9A24618EB040472412C1953416A4657
:10C4F00002EBCA05D5E9002514EB020B6B41A193B1
:10C50000B09AB09C130F020FB09E42EA0412840846
:10C5100043EA001344EA86746340C409850745EA88
:10C5200096056A4044EA46644506634045EAD615E6
:10C53000AE9C6A4006EA040800EA0106B09DA39694
:10C540002543AC9E40EA01043540A39E3C4048EAA6
:10C550000508344313EB08066241AA9D5C46A19B83
:10C560002D194CEB030C1BEB06065341CDE9A263DE
:10C57000AE0B4FEA9C32AC0C4FEA9C43CDE9AA5C6F
:10C5800042EA854243EA8533AA9D46EA8C4644EA5C
:10C590008C3466405A404FEA5C244FEACC5343EA5D
:10C5A000552344EAC55466405A40DDE9A834A79DA6
:10C5B00083EA0E036C40DDE9AA5C2B40A79D04EAE8
:10C5C0000C0483EA0E036C40F5186241C04C0AF17A
:10C5D000010A04EBCA03A59ED3E900C31CEB0904BE
:10C5E00073412C196D4605EBCA055A41D5E9003552
:10C5F00014EB030BDDE9A2636A41340F44EA031430
:10C600004FEA137CA39B4CEA061C9D089B0743EA58
:10C61000960345EA86758CEA030CA39B6C40DD0902
:10C62000A29E5B0643EAD61345EA46658CEA030CF4
:10C63000DDE9A2636C40B09D034006EA0509A493BE
:10C64000DDE9A23646EA00081D43AE9EA49B3540B4
:10C6500049EA050608EA0108A51943EA08034CEB74
:10C66000030CAC9C5B4614EB030957411BEB05051F
:10C6700042EB0C02A4954FEA99334FEA973B4FEAFD
:10C680009946BD0C43EA87434BEA894B46EA873615
:10C6900045EA893573408BEA050B7D0AFE0546EABB
:10C6A000592645EAC955AD976B408BEA060BDDE983
:10C6B000A846DDE9AA5C6540A89C05EA0905654035
:10C6C0005C198CEA060C0CEA070C814D0AF1010A90
:10C6D00005EBCA038CEA060CD3E900754BEB0C0B97
:10C6E000A79E17EB0E037541E4184BEB050B6D4647
:10C6F00005EBCA03D3E9005314EB050E4BEB030B18
:10C70000A49D170F4FEA157C93084CEA021C47EAD8
:10C710000517940744EA950443EA85738CEA030CF1
:10C720006740D309540644EAD51443EA45638CEACA
:10C73000030CDDE9A335A29E674005EA06082E43F7
:10C74000B09D02EA03042E401343034048EA060862
:10C750001C431CEB08066741AE9D74462D1941EB46
:10C760000B03CDE9AE531EEB060E4BEB070B0AF1A4
:10C770000103B493AF9BA90BAC0C41EA83414FEA90
:10C78000933A44EA83349B0C4AEA854A43EA853368
:10C790008AEA030AAF9B61405C0AAE9DDB0543EA6F
:10C7A000552344EAC554CDF898E2DDE9AA5C61401E
:10C7B0008AEA030A89EA0504DDE9AE35AD9F1C402B
:10C7C00087EA0C072F40AA9DB49B6C400C19404986
:10C7D00087EA0C0701EBC301DDE9A853D1E9006149
:10C7E0004AEB070A7519594164194AEB010AD84600
:10C7F0006946B49B08EA020C01EBC303D3E90015B8
:10C8000067184AEB050A4FEA18714FEA88754FEA34
:10C810001E7441EA0E1145EA9E0544EA0B144FEAE4
:10C820009803694043EA8E734FEA48655C4045EAE5
:10C83000DE154FEAD813694043EA4E63A49D5C407D
:10C840000EEA0503A993DDE9A2364EEA050E0EEACB
:10C85000030EA99B48EA020B43EA0E03E5180BEA14
:10C86000060B4CEA0B06B09C71413B46E41840EBCA
:10C870000A007B194AEB010AA893CDE9B040B49BAA
:10C88000A60B5B1C46EA8046810BB493B198A30CBF
:10C8900043EA8033800C41EA844140EA84304140DD
:10C8A000B1985E40430AB09CC00543EAC4535E4061
:10C8B00040EA5420DDE9AE534140DDE9B00485EAA9
:10C8C0000905AD9F05407B40234085EA090501E04D
:10C8D00030C4050870197B405941FE4CB49BDDE91A
:10C8E000AA5C04EBC303DDF898E2D3E900436419C2
:10C8F00043EB0C0300195941B49B6C4604EBC30491
:10C900004AEA0807D4E9003510EB030CA89B6941FB
:10C910001E0F4FEA9A0446EA0A1644EA83744FEA65
:10C920001A704FEA8A75664040EA031045EA93059B
:10C930004FEADA14684044EA43644FEA4A6545EA3C
:10C94000D315A89B684003EA0E03AA93A89BA49D55
:10C9500043EA0E032B406640AA9D0AEA08041D43E1
:10C9600075191740DDE9A2633C43604116EB0C04E6
:10C970004B41CDE9A2431CEB050341EB000CDDE983
:10C98000A201860B46EA8146AA93890BB49B41EA31
:10C990008041DDE9A2045B1CB493830C43EA843339
:10C9A000A00CA29C5E4040EA84304140A398DDE99F
:10C9B000A243DB0543EA5423400A40EAC450464000
:10C9C0005940DDE9B040DDE9AE536C405840DDE947
:10C9D000A2351C402840DDE9AE355C406840351981
:10C9E0004141BC48B49BAD9F00EBC300D0E900308F
:10C9F00013EB09037841EC184141B49B684600EB06
:10CA0000C300AA9DD0E90030E7184141AA98A1913E
:10CA1000010FAA9B4FEA1C7040EA03104FEA9C03E7
:10CA200041EA0C1143EA85734FEA8C74594044EA99
:10CA300095044FEADC13604043EA45634FEA4C64D7
:10CA4000594044EAD514A89B6040AA9C05EA030615
:10CA50001C434CEA0A0504EA0E040CEA0A0905EA3A
:10CA60000805264349EA05038C19A49D5841A1995C
:10CA700015EB07094A41A5923A19B49B41EB00070F
:10CA8000AC925B1CB493A5984FEA99354FEA994252
:10CA900045EA804542EA8032810B800C41EA8941B7
:10CAA00040EA893055404140A598A59A400AD205F0
:10CAB00042EA592240EAC95045405140DDE9A232DC
:10CAC000DDE9B0404240A59863400240DDE9B00492
:10CAD00003EA090343406240EC187E48B49B51418D
:10CAE00000EBC300DDE9AE35D0E90020D218684183
:10CAF000A2184141B49B684600EBC300AC9DD0E94D
:10CB00000030D2184141AC98A092020FAC9B380F74
:10CB100040EA0310BB0842EA071243EA85735A4011
:10CB2000BC07FB0944EA950460407C0644EAD5143E
:10CB30006040AA9C43EA45635A4005EA040BAC9C5A
:10CB4000AA9B07EA0C061C4347EA0C05A89B05EACA
:10CB50000A051C404BEA0403D3182E43A09A7041E7
:10CB60001EEB020E48EB010BD218B49BAE9203F100
:10CB700001084FEA9E334FEA9E42414143EA8B430C
:10CB800042EA8B32CDF89CB24FEA9B354FEA9B408C
:10CB9000534045EA8E4540EA8E304FEA5B22DDE99C
:10CBA000A264454042EACE524FEACB50534040EA9D
:10CBB0005E20A59A454089EA06006240DDE9A2466A
:10CBC00000EA0E0002EA0B02604072401E18414863
:10CBD000554100EBC800D0E90032DDE9B0041B1874
:10CBE0006241F01855416A4602EBC803D3E90023BD
:10CBF00010EB020B5D41A195AE9B0A0FAE9DAE9866
:10CC000042EA0312000F8B0840EA011043EA8573E1
:10CC10008C07584044EA9504CB0962404C0643EA2D
:10CC2000456344EAD5145840AC9B624005EA0306CC
:10CC3000AE9C01EA0705B0951C43AA9D41EA070393
:10CC40002C40B09D03EA0C0326431D4386196A411C
:10CC5000A89B5C46A19D18194AEB050ACDE9A80AD4
:10CC60001BEB0603554108F1010A2846B093BAF1BF
:10CC7000500FFFF601ACDDE9C324B09BC798E31861
:10CC80006A41C0E90432DDE9C102AE9BD2184841D5
:10CC9000C799C1E90620DDE9BF02AC995118C79ACE
:10CCA0007841C2E90810DDE9BD01AA9A8A18C7993E
:10CCB00040EB0C00C1E90A20DDE9BB02DDE9A83147
:10CCC000D2184841C799C1E90C20DDE9B902A79BF8
:10CCD00002E0000030C4050812EB0E01C79A58416B
:10CCE000C2E90E10DDE9B701A59A11EB0901504127
:10CCF000C79AC2E91010DDE9B501DDE9A232C91811
:10CD00005041C79AC2E912100DF5497D0020BDE8D7
:10CD1000F08F0000F0B415460E4630B1C4692946C4
:10CD20003046A446F0BC1A466047F0BC0048704745
:10CD300000AFFFFF20B1026812B19269406810474E
:10CD40000048704700AFFFFF10B5040016D02168FF
:10CD5000002913D0606808B1496A8847A06838B1D3
:10CD60002168C968490001F043FEA068FEF732F867
:10CD70002046BDE810400C2101F03ABE10BD00284D
:10CD800000D0007A7047000070B590B00E460400E5
:10CD900029D0206838B3A16829B3C26863688D18A8
:10CDA000826969461846904700281AD1D4E90010D4
:10CDB00009698847002814D121686068CA684B69EE
:10CDC0002946984700280CD1216860688A684B6919
:10CDD00069469847002804D1D4E900108A69314691
:10CDE000904710B070BD0148FBE7000000AFFFFFA7
:10CDF00070B5040010D0216871B1A56865B10969EA
:10CE000060688847002808D121686068CA684B6953
:10CE10002946BDE870401847004870BD00AFFFFFCD
:10CE20002DE9F04190B01646884604000DD02068E8
:10CE300058B1A16849B1C168B1421CD261680269A8
:10CE400008469047070040D103E0234810B0BDE8F2
:10CE5000F081D4E9001032464B69414698470700FB
:10CE600033D1D4E900108A696946904707002CD174
:10CE70002068E84686682068A5683622C16828468A
:10CE80006F18E3F737FD20685C22C1683846E3F786
:10CE900031FD00200AE0295C18F800205140295497
:10CEA000395C18F8002051403954401CB042F2D38C
:10CEB000D4E9001009698847070006D12168606835
:10CEC000CA684B692946984707464021684601F0E1
:10CED0008FFD3846BAE7000000AFFFFF30B438B12D
:10CEE00003682BB184681CB140685B6930BC18478B
:10CEF00030BC01487047000000AFFFFF052807D095
:10CF0000062807D0072807D0082807D00020704738
:10CF10000348704703487047034870470348704709
:10CF2000E0BC050810BD050840BD050870BD05083A
:10CF30000021016041608160704700002DE9F041EF
:10CF400017460C00054610D07DB1206A80470B4E75
:10CF5000686068B12FB10220E168FCF7E1F8A860D1
:10CF600040B100202C60BDE8F08104488030FAE731
:10CF70003046F8E7616A68688847F9E780AEFFFFE6
:10CF800020B1016811B1096940680847004870473D
:10CF900000AFFFFF20B1036813B15B694068184719
:10CFA0000048704700AFFFFF2DE9F04115460446E9
:10CFB000A84201D10D4601468C4204D0204600F023
:10CFC00037F9010048D1012020606E6846B1411F49
:10CFD000D5F8080001EB860282580AB9761EF9D10D
:10CFE0003146204600F0E8FD010035D1AA6800274F
:10CFF0003D46A06815E000BF0368D2F800C03B447E
:10D000000360BB4201D2012700E0002763440360B4
:10D01000634501D2012300E00023001D121D1F44BF
:10D020006D1CB542E8D315E06268AA4208D8691CB5
:10D03000204600F0C1FD01000ED1A06800EB850084
:10D0400002683A440260BA4201D2012700E0002798
:10D05000001D6D1C002FE7D10846BDE8F0810000DF
:10D060001FB5002A02DA00BFC2F10002039202DA01
:10D070004FF0FF3201E04FF0010200924FF0010249
:10D08000019203AA02926A4600F002F804B010BDB1
:10D090002DE9F04105460C68106817460E466043BE
:10D0A00019D51146304600F033F8002809DB3A461E
:10D0B0003146284601F0E9F8002800D12C60BDE88F
:10D0C000F08132463946284601F0DFF80028F6D1D3
:10D0D00061422960F3E72846FFF766FFECE710B5E9
:10D0E000446834B1641E08D0816851F8242022B904
:10D0F00001E0002010BD641EF7D1806850F82400C4
:10D10000FCF726FFC0F1200000EB441010BD00002A
:10D1100070B542686FF0030432B1836804EB820596
:10D120005D590DB9521EF9D14B683BB1D1F8085089
:10D1300004EB8306AE590EB95B1EF9D152EA030522
:10D1400016D09A420CD84FF0FF3593420CD87AB1E2
:10D150008368896804EB82001E580858864202D909
:10D160004FF0010070BD01D2284670BD521EF1D1B2
:10D17000002070BD0FB5002902DA00BFC1F1000127
:10D18000039102DA4FF0FF3101E04FF0010100910D
:10D190004FF00101019103A90291694600F002F8E4
:10D1A00004B000BD70B542686FF0030432B183680B
:10D1B00004EB82055D590DB9521EF9D14B683BB1A4
:10D1C000D1F8085004EB8306AE590EB95B1EF9D1B5
:10D1D00052EA03052AD09A4201D9006870BD9342F1
:10D1E00002D90868404270BD0368002B04DD0D6859
:10D1F000002D01DA012070BD0D68002D04DD002B2B
:10D2000002DA4FF0FF3070BD82B18568D1F80800B6
:10D2100004EB82016E5841588E4201D9184670BD08
:10D2200002D2C3F1000070BD521EF1D1002070BDCA
:10D230002DE9F0410E4600270546B04202D10020FC
:10D24000BDE8F081B06808B1746806E0284600F0D7
:10D2500012FCF4E750F8241009B9641EFAD13068C2
:10D2600028606968641CA14206D22146284600F065
:10D27000A3FC07000CD106E0A868091B00EB8400A2
:10D280008900E3F73EFBA200B168A868E3F712FB50
:10D290003846D5E72DE9FF4F91B08A46834691463F
:10D2A00000211498FFF766FFE8B1684600F0ACFC77
:10D2B00003A800F0A9FC09A800F0A6FC06A800F04D
:10D2C000A3FC0DA800F0A0FC48461499FFF720FF2E
:10D2D000002817DABBF100000AD0002100F0E6FDBB
:10D2E000040079D104E06FF00B0015B0BDE8F08FB9
:10D2F000BAF1000004D04946FFF79AFF0400F0D1CC
:10D300000020F2E749466846FFF792FF0400E8D1A3
:10D3100003A81499FFF78CFF0400E2D101200390C9
:10D320000090D9F8041009A8891C00F045FC0400FD
:10D33000D7D1002109A800F0B9FD0400D1D1022104
:10D3400006A800F039FC0400CBD103210DA800F0A1
:10D3500033FC0400C5D103A8FFF7C1FE00F01F0095
:10D360001F280FD2C0F11F0001460C90684600F044
:10D37000BFFE0400B5D103A80C9900F0B9FE04006B
:10D38000AFD101E000200C90019D049E6D1E761E21
:10D39000AF1B7901884603A800F0AAFE0BE00B98AA
:10D3A0000B9903AA50F82700401C41F82700694652
:10D3B000084600F0B9FF040093D103A96846FFF7BF
:10D3C000F1FE0028EBDA414603A800F0E1FE04007C
:10D3D00087D16FF00308A3E0ACE00298059950F8FC
:10D3E000250051F82620904207D3AA1B0B9908EB81
:10D3F00082004FF0FF330B500BE0029B08EB8501DE
:10D4000059580023FDF73CFFAB1B0B9A08EB830137
:10D410005050A91B0B9A08EB81071091D159491C58
:10D42000D1510B980B99C059401EC851002106A834
:10D4300000F03CFD04007DD19EB1059908EB86000B
:10D440000858089908600598089950F8260048601F
:10D450000B9806A9C259084600F076FD040069D170
:10D4600001E00020EDE700210DA800F01FFD040001
:10D4700060D1022D00D205E06FF00701029801EBA8
:10D48000850140580F990860CDB1029908EB8500DD
:10D4900008580F99486002980F9950F82500886045
:10D4A0000DA906A8FFF77EFE0028BADC0B9803A999
:10D4B000C25906A800F048FD04005FD101E0002039
:10D4C000E7E710984101203906A8109100F010FEFE
:10D4D000040053D1694606AA084600F025FF04005F
:10D4E0004CD100216846FFF745FE002817DA03A952
:10D4F00006A8FFF79DFE040040D106A8109900F091
:10D50000F7FD04003AD1694606AA0846FFF7C0FDB8
:10D51000040033D10B980B99C059401EC8516D1EA1
:10D52000B5423FF65AAFBBF100000DD009A9FFF795
:10D530007FFE00E022E0040020D11498D9F800100A
:10D5400000684143CBF80010BAF1000F16D06846CE
:10D550000C9900F01DFE040010D1D9F800000090D5
:10D5600069465046FFF764FE040007D1002150468B
:10D57000FFF700FE10B90120CAF80000684600F06D
:10D580007AFA03A800F077FA09A800F074FA06A85E
:10D5900000F071FA0DA800F06EFA2046A5E6000032
:10D5A0002DE9FF4FADF2546D0D464FF0010B0021F8
:10D5B000DDF88896DDF86006FFF7DCFD6FF0030408
:10D5C00000280CDDDDF8600680680078C00706D012
:10D5D0000021DDF85C06FFF7CDFD002804DA2046C7
:10D5E0000DF2646DBDE8F08FDDF8600680680068BC
:10D5F000811C01F0040100EB4101202200FB01F33A
:10D60000C3F1020359435208082AF7D2C843401C09
:10D61000CDF828060DF22C6000F0F6FA0DF5C26088
:10D6200000F0F2FA0DF5C76000F0EEFA4FF4C061B9
:10D6300001A8E3F766F9DDF85C06FFF750FDB0F5E9
:10D64000287F01D306240CE0EF2801D9052408E047
:10D650004F2801D9042404E0172801D9032400E04D
:10D660000124DDF860064668DDF85406761C314674
:10D6700000F0A2FA04A90700CDF80C167ED13146BD
:10D68000DDF80C0600F098FA0700F7D171000DF5EF
:10D69000C26000F091FA0700F0D12868401C03D066
:10D6A0000020CDF850060EE00120CDF850062946A6
:10D6B0000DF5C760FFF7BCFD0700DFD101200DF5B8
:10D6C000C765CDF83806B9F1000F18D0D9F80800B1
:10D6D000A8B1D9E900120DF22C6306C3CDF83406C7
:10D6E0002846DDF86016FFF75DFD00282DDB294692
:10D6F000DDF86026DDF80C0600F0F5FB2AE00121DC
:10D700000DF22C6000F0D2FB0700B7D1DDF8600607
:10D71000406881010DF22C6000F0EAFC0700ADD1F9
:10D720000DF22C610846DDF8602600F0DCFB0700F6
:10D73000A4D1B9F10000D3D00DF22C6696E80E000A
:10D74000C0E90012C9F80830CAE72946DDF80C061E
:10D75000FFF76EFD070091D10DF5C26000900DF24C
:10D760002C61DDF82836DDF86026DDF80C0605F0C2
:10D770001EFE070089D10DF22C6100E0A6E0DDF865
:10D780005406FFF755FD070086D10DF5C263DDF89D
:10D790002826DDF86016DDF8540605F067FE070060
:10D7A0008BD1012C56D9DDF86006A4F1010A0BFAE1
:10D7B0000AF8416808EB480001AE06EB8000054618
:10D7C000491C00F0F9F907009FD12846DDF80C1636
:10D7D000FFF72EFD070079D100260DE00DF5C260A0
:10D7E000294600900846DDF82836DDF8602605F069
:10D7F000DEFD07006AD1761C5645EFD308F101051E
:10D800000BFA04F624E000BFDDF8600605EB4502E4
:10D81000416801A800EB82008046491C00F0CCF969
:10D82000070053D1A8F10C014046FFF701FD0700A6
:10D830004CD10DF5C26000904046DDF82836DDF889
:10D840006026DDF80C1605F0B2FD07003ED16D1C18
:10D85000AE42D9D8DDF85C064FF00008C2464668F3
:10D86000CDF8448600E015B98EB32025761EDDF88C
:10D870005C066D1E806850F82600E84000F001004C
:10D8800050EA0A01EFD010B9BAF1010F0FD008F138
:10D890000108A4EB08018840DDF844164FF0020AA5
:10D8A0000843CDF84406A045DDD100201DE00DF56C
:10D8B000C2600090DDF85416DDF828360846DDF821
:10D8C000602605F074FD07007CD1CCE77AE029E002
:10D8D000DDF85416DDF828360846DDF8602605F038
:10D8E00066FD07006ED108F101008046A0420DF5EB
:10D8F000C2600090ECD3DDF84406DDF8283600EB7A
:10D90000400101A800EB8101DDF86026DDF8540636
:10D9100005F04DFD070055D18046AAF1010ACDF86A
:10D920004486A0E700260DF5C26A0BFA04F522E052
:10D93000CDF800A0DDF85416DDF828360846DDF8ED
:10D94000602605F034FD07003CD1DDF844064000B8
:10D950000542CDF844060DD0CDF800A0DDF82836FC
:10D96000DDF86026DDF80C16DDF8540605F01FFD25
:10D97000070027D1761C4645DAD30DF5C263DDF8E2
:10D980002826DDF86016DDF8540605F06FFD070067
:10D9900018D1DDF85006A8B1DDF85C06406888B102
:10D9A000DDF85C0680680078C0070BD0DDF854060F
:10D9B000791E0160DDF85426DDF860161046FFF789
:10D9C00067FB0746601E0BFA00F50DF104080BFA21
:10D9D00004F606E005EB450108EB810000F04BF88A
:10D9E0006D1CAE42F6D8DDF80C0600F044F80DF5DB
:10D9F000C26000F040F80DF5C76000F03CF8B9F1E6
:10DA0000000F02D0D9F8080018B90DF22C6000F010
:10DA100032F83846E4E52DE9F04706469A46914645
:10DA20000C46880700D0012000EB94057068C4EB19
:10DA30008508A8420BD0304600F01DF8304600F0B3
:10DA4000E3F82946304600F0B7F8070010D100216E
:10DA5000304600F02BFA07000AD1B068224600EBEE
:10DA6000080150464B4698472946B06805F08AFCA5
:10DA70003846BDE8F08710B504000CD0A06828B186
:10DA8000616800F0ADFCA068FDF7A4F901202060FA
:10DA900000206060A06010BD70B58AB015460646D3
:10DAA0000A4606A800F0B0F803A800F0ADF86846F2
:10DAB00000F0AAF8114603A8FFF7BAFB04005FD1F3
:10DAC00029466846FFF7B4FB040059D103A800F0CB
:10DAD000D5F90546684600F0D1F9A84200D20546BE
:10DAE000294603A800F054FB040049D129466846A2
:10DAF00000F04EFB040043D10120009003902EE083
:10DB000003A800F0BBF9014603A800F041FB0400A4
:10DB100036D1684600F0B2F90146684600F038FB9D
:10DB200004002DD1694603A8FFF73CFB002809DB60
:10DB300003A96A46084600F0A8FB040020D1012191
:10DB400003A808E0694603AA084600F09EFB04000B
:10DB500016D10121684600F01BFB040010D1002102
:10DB600003A8FFF707FB0028CAD12946684600F042
:10DB7000BFFA040004D169463046FFF759FB04465A
:10DB800006A8FFF778FF03A8FFF775FF6846FFF7C1
:10DB900072FF0AB0204670BD4268B1EB421F01D34C
:10DBA0000020704780684A0901F01F0150F82200E8
:10DBB000C84000F0010070472DE9F041044642F2F0
:10DBC00010700D466FF00F0781421BD86068A842A5
:10DBD00015D204212846FBF7A3FA060012D0A1684B
:10DBE00059B1606882003046E2F764FED4E9011062
:10DBF00000F0F6FBA068FDF7EDF8C4E9015600203F
:10DC0000BDE8F0813846FBE7012101600021416059
:10DC100081607047F0B50E4607469BB0154601215E
:10DC20001046FFF7A7FA002803DC6FF003001BB0D3
:10DC3000F0BD12A8FFF7E8FF03A8FFF7E5FF06A86D
:10DC4000FFF7E2FF09A8FFF7DFFF18A8FFF7DCFFE7
:10DC500015A8FFF7D9FF0FA8FFF7D6FF6846FFF713
:10DC6000D3FF0CA8FFF7D0FF2A46314618A8FFF7CC
:10DC700013FF040006D1012118A8FFF77BFA10B1A9
:10DC80006FF00D04DDE02A46314612A800F02BF9B2
:10DC90000400F7D112A903A8FFF7CAFA0400F1D1D2
:10DCA000294615A8FFF7C4FA0400EBD129460FA8AE
:10DCB000FFF7BEFA0400E5D1012106A800F0F6F84E
:10DCC0000400DFD1002109A800F0F0F80400D9D148
:10DCD0000021684600F0EAF80400D3D101210CA825
:10DCE00000F0E4F825E0012103A800F051FA040057
:10DCF0007ED108980078C00703D10B980078C00740
:10DD00000DD006A915AA0846FFF7C2F904006FD185
:10DD100009A912AA084600F007FB040068D10121F6
:10DD200006A800F035FA040062D1012109A800F02C
:10DD30002FFA04005CD105980078C007D3D027E003
:10DD400001210FA800F024FA04007AD1029800788B
:10DD5000C00703D10E980078C0070DD0694615AAF8
:10DD60000846FFF795F904006BD10CA912AA0846E2
:10DD700000F0DAFA040064D10121684600F008FAE4
:10DD800004005ED101210CA800F002FA040058D171
:10DD900011980078C007D3D00FA903A8FFF702FAA3
:10DDA000002810DB03A90FAA084600F0BDFA040002
:10DDB00047D106A96A46084600F0B6FA040040D1E9
:10DDC0000CAA09A90FE00FA903AA084600F0ACFAB3
:10DDD000040036D1694606AA084600F0A5FA0400F8
:10DDE0002FD109AA0CA9084600F09EFA040000E011
:10DDF00027E026D1002103A8FFF7BCF900289AD11B
:10DE000006E069462A460846FFF742F9040018D1A1
:10DE100000216846FFF7AEF90028F2DB06E069460C
:10DE20002A46084600F080FA04000AD129466846CE
:10DE3000FFF7B8F90028F2DA69463846FFF7F8F933
:10DE4000044612A8FFF717FE03A8FFF714FE06A862
:10DE5000FFF711FE09A8FFF70EFE18A8FFF70BFE4B
:10DE600015A8FFF708FE0FA8FFF705FE6846FFF7A5
:10DE700002FE0CA8FFF7FFFD2046D8E670B503466A
:10DE8000002002465C680CE09D68002155F8225095
:10DE900025FA01F6F60707D1401C491C2029F7D3C3
:10DEA000521C9442F0D8002070BD000070B50D46A1
:10DEB00004460121FFF780FE060012D16068810050
:10DEC000A068E2F71EFD002D02DA00BFC5F10005D3
:10DED000A068056002DA4FF0FF3001E04FF001006A
:10DEE0002060304670BD70B50C46064615460021D0
:10DEF0001046FFF73FF9002802DA6FF0090070BD05
:10DF00002B46224631460020FFF7C4F904E0314693
:10DF10002A460846FFF7BCF8040013D1002130461A
:10DF2000FFF728F90028F2DB06E031462A460846CA
:10DF300000F0FAF9040005D129463046FFF732F91E
:10DF40000028F2DA204670BD1FB50123009301932B
:10DF500003ABCDE902326A4600F002F804B010BD0E
:10DF60002DE9F04786B0804616460F466846FFF713
:10DF70004BFE03A8FFF748FEB84507D1394668466F
:10DF8000FFF756F95FEA000941D16F46B04507D166
:10DF9000314603A8FFF74CF95FEA000937D103AE19
:10DFA0007D686FF0030A3DB1B968504600EB850209
:10DFB0008A580AB96D1EF9D174683CB1B1685046EF
:10DFC00000EB84028A580AB9641EF9D12919404627
:10DFD000FFF7F2FD5FEA000919D100214046FFF783
:10DFE00065FF5FEA000912D164B1B1680AEB8400F1
:10DFF0000B58D8F808100A182846B96805F046FAF0
:10E00000641EF1E7386831684843C8F8000003A887
:10E01000FFF731FD6846FFF72EFD06B04846BDE824
:10E02000F0872DE9F047064615468946900700D04F
:10E03000012000EB95047068C5EB8408A0420BD06A
:10E040003046FFF718FD3046FFF7DEFD214630462B
:10E05000FFF7B2FD070012D100213046FFF726FF7F
:10E0600007000CD1B9F1000F09D0B0682A4640442E
:10E070004946E2F71FFC2146B06805F083F93846AF
:10E08000BDE8F0872DE9F04104465042C0B210438C
:10E090000D46C60949682046FFF78EFD010024D1D0
:10E0A0002268C6F101002B68424303FB062222606E
:10E0B00000220CE0A368D5F808C053F822705CF881
:10E0C00022C047430CFB067743F82270521C6B6852
:10E0D0009342EFD806E0A36853F82250454343F833
:10E0E0002250521C63689342F5D80846BDE8F0817F
:10E0F0002DE9F0418846064600254C0901F01F072E
:10E10000FEF7EDFF71684044B0EB411F09D9C1062D
:10E1100000D0012101EB50113046FFF74DFD020008
:10E1200032D10022D4B1111F70680BE0A0EB040CB7
:10E13000B36801EB8C0C01EB800853F80CC043F87A
:10E1400008C0401EA042F1D840B10023D6F808C054
:10E1500001EB8008401E4CF80830F7D1A7B1C7F199
:10E16000200C0EE0B36853F82400014620FA0CF0AE
:10E17000B94043F82410B3682943054643F82410F6
:10E18000641C7068A042EDD81046BDE8F081000024
:10E190002DE9F0414A0901F01F0541680023914231
:10E1A00001D306D12DB1BDE8F0414FF00001FFF7DA
:10E1B0007DBEAAB1002106E084688E1854F826605E
:10E1C00044F82160491C4468A41A8C42F4D8002207
:10E1D00044688C4204D9846844F82120491CF7E73C
:10E1E000A5B1446894B16FF0030EC5F1200C00BFD7
:10E1F00087680EEB8406BA5902FA0CF1EA40BA516C
:10E200001A4387680B46641EBA51F1D10020BDE85D
:10E21000F0812DE9F041054642F210706FF00F06D3
:10E2200081422AD86C688C4204D82846BDE8F04167
:10E23000FFF7C2BC641E05D0A86850F824200AB9B4
:10E24000641EFAD1641C8C4200D20C460421204684
:10E25000FAF766FF070010D0A96849B1A200E2F7FB
:10E2600029FBD5E9011000F0BBF8A868FCF7B2FD66
:10E27000C5E901470020BDE8F0813046FBE710B555
:10E28000FEF72DFFC01DC00810BDFEB50F460546A8
:10E29000144611463846FEF73BFF002802DA6FF0BD
:10E2A0000900FEBD6846FFF7AFFCA54206D1214636
:10E2B0006846FEF7BDFF060019D16C46BD4205D089
:10E2C00039462846FEF7B4FF060010D10120286029
:10E2D0006068002638B1A168321F02EB8003CB587A
:10E2E0000BB9401EF9D1AA68A16805F021FE684665
:10E2F000FFF7C1FB3046FEBD1FB5002A02DA00BFA2
:10E30000C2F10002039202DA4FF0FF3201E04FF057
:10E31000010200924FF00102019203AA02926A46A2
:10E3200000F002F804B010BD2DE9F04105460C687C
:10E330001068174660430E46002819DD1146304626
:10E34000FEF7E6FE002809DB3A4631462846FFF78D
:10E350009CFF002800D12C60BDE8F0813246394690
:10E360002846FFF792FF0028F6D161422960F3E7C3
:10E370002846FEF719FEECE770B5064640680B46E6
:10E380008000904207D2991804460D1A111B1846B6
:10E39000E2F7B7FA12E014460D460DE0B16822F03C
:10E3A0000303C9589307DB0ED94011F0FF0F02D0C9
:10E3B0006FF0070070BD521C8242EFD300200BE0CB
:10E3C000B16820F0030289588207D20ED140221A88
:10E3D0002A44401C02F8011CA042F1D3002070BD69
:10E3E000890000F005BB000070B50E4C0E4605001C
:10E3F00022460DD009E061686A68914203D1A9689C
:10E40000E2F7ADFA38B11434224610680028F2D190
:10E410006FF02D0070BD002CFAD0207C30700020F1
:10E4200070BD000030C1050810B5094B09E01C7C27
:10E43000844205D11868086058681060002010BD3B
:10E4400014331C68002CF2D16FF02D0010BD0000B9
:10E45000A8C1050870B50E4C0E46050022460DD029
:10E4600009E061686A68914203D1A968E2F777FA26
:10E4700038B11434224610680028F2D16FF02D0014
:10E4800070BD002CFAD0207C3070002070BD0000E0
:10E49000E0C0050870B514460D4609F05FFB28B1D1
:10E4A000017C2970407C2070002070BD6FF02D0031
:10E4B00070BD000070B50E4C0E46050022460DD012
:10E4C00009E061686A68914203D1A968E2F747FAF6
:10E4D00038B11434224610680028F2D16FF02D00B4
:10E4E00070BD002CFAD020693060002070BD0000A3
:10E4F00030BF050810B50446006828B1616800F017
:10E5000077FA2068FCF766FCA068FCF763FC2046FD
:10E51000BDE810400C2100F06BBA002101604160A1
:10E52000816070472DE9FC5F9846DDF8389092468F
:10E530008B46060015D01846E2F7EEF9384F040076
:10E540001AD051464046E2F7E7F9050014D0A5423B
:10E5500012D95846E2F7F2F904442078202803D073
:10E5600003E03048BDE8FC9F641C20780D2800D1F2
:10E57000641C20780A2801D03846F3E75046641C12
:10E58000E2F7DCF928440178202900D1401C017809
:10E590000D2900D1401C01780A2900D1401CA0EBB4
:10E5A00008012F1BC9F80010162F05DB16221EA12B
:10E5B0002046E2F7D4F920B1AC4205D318488038A0
:10E5C000D0E718488030CDE70021234601AA08464D
:10E5D0000097FAF707FD2C3017D001200199FAF7C0
:10E5E0009FFD050014D0234601AA00970199FAF770
:10E5F000F9FC04000ED02846019900F0F9F92846EC
:10E60000FCF7E8FBA4F58850ACE70548AC38A9E76F
:10E610000B48A7E73560019870600020A2E7000072
:10E6200080EFFFFF80EBFFFF50726F632D54797016
:10E63000653A20342C454E4352595054454400000D
:10E6400080EEFFFF20B1006810B1C2680846104795
:10E650000020704710B504000AD0216811B1896A02
:10E66000606888472046BDE81040082100F0C0B926
:10E6700010BD20B1016811B18968406808470020C9
:10E68000704718B1006808B10078704700207047E3
:10E69000012807D0022807D0032807D0042807D074
:10E6A000002070470348704703487047034870478D
:10E6B0000348704770C20508A0C20508D0C205080B
:10E6C00000C305082DE9F04186B006460020154636
:10E6D0008DF8100030236A463046FAF7BFFB20B1B0
:10E6E000A0F5745006B0BDE8F0813068009901AB28
:10E6F000471804AA394630460AF0A2FD0028F1D195
:10E700006A4639463046FAF7B3FA10B1A0F56C50B4
:10E71000E8E730680099DFF870800844B84201D01B
:10E720004046DFE79DF81000FFF7B2FF174C0100ED
:10E7300027D0284600F02CF80028D3D19DF81000EF
:10E74000012804D0032808D0022806D016E0394654
:10E7500030466A680AF09AFD0AE001A869680AF082
:10E7600007FE04000AD1394630466A680AF052FDB5
:10E77000040003D13068B84203D044462846FFF76E
:10E7800069FF2046AEE700009AC4FFFF80C3FFFF89
:10E7900070B50C00054601D0286808B1054870BD69
:10E7A000606A8047686010B100202C6070BD02482C
:10E7B00070BD000080C1FFFF80C0FFFFF0B585B0D5
:10E7C0000DF1280C9CE8F0004FF0000C8DE8F010E3
:10E7D00000F002F805B0F0BD2DE9FF4784B0044613
:10E7E000DDE91265DDE9108700689246894620B1AF
:10E7F00007A948460AF0ACFD18B10B4808B0BDE8BF
:10E80000F0872068D0F814C0BCF1000F09D0CDE922
:10E810000265CDE90087606852464946079BE0479C
:10E82000ECE701488038E9E780C1FFFFFEB500262C
:10E83000DDE908458DE8700000F030F8FEBD00000D
:10E840002DE9FE4F0546DDE90E98DDF834B0114F95
:10E8500010689A4614460E4638B129461046FFF70E
:10E86000F1FE28B1062D06D03EB13846BDE8FE8F38
:10E8700008488038FAE70848F8E70022CDF8009009
:10E88000CDE901825B46514620460C9A00F006F81D
:10E89000ECE7000080C1FFFF80C6FFFF2DE9FF41CC
:10E8A00082B00446DDE90C65006890460F4620B151
:10E8B00005A938460AF04CFD18B10A4806B0BDE873
:10E8C000F0812068D0F810C0BCF1000F07D0CDE96E
:10E8D0000065606842463946059BE047EEE701481F
:10E8E0008038EBE780C1FFFF2DE9F0438BB089460C
:10E8F00004462C216846E2F704F864B3B9F1000F2E
:10E9000029D021683C20B1FBF0F200FB1212B1FBD0
:10E91000F0F10092B1FBF0F200FB1212B1FBF0F04B
:10E9200018210192B0FBF1F2B0FBF1F401FB1202ED
:10E93000201D07210292B0FBF1F201FB12004FF4FF
:10E94000B77540F2B2766F1E069030460AF02EFD83
:10E9500028B1284604E000200BB0BDE8F08338461B
:10E96000844202D3241A761CEFE7A6F26C7005905D
:10E970001048079400258046076808E058F825707D
:10E98000012D04D130460AF011FD00B17F1CBC42BC
:10E9900003D3E41B6D1C0C2DF0D300200890641CE5
:10E9A0002C2269464846CDE90345E1F783FF4846F6
:10E9B000D2E70000D08F0508024AC2E9000100201A
:10E9C0007047000040010020014988600020704726
:10E9D000400100207CB505464FF0FF3401A9684690
:10E9E0000DF020F800B1009C05B12C6020467CBDE4
:10E9F000024B0A4600211B68184700003CC1012059
:10EA000070B50446406C0D4688B104F1340601210E
:10EA10008155606C401CC0F1100160643044E1F726
:10EA200070FF00233246012120460AF089FE294664
:10EA300020460AF017FE002070BD002802D04821B1
:10EA4000FFF7D6BF70474821FFF7D2BF70B5044625
:10EA50008A780888002562F31F40CA7840EA02607D
:10EA600020F0704020608A79888862F31F40CA795C
:10EA700040EA02622048024062608B7A0A8963F3AE
:10EA80001F42CB7A42EA03620240A2608B7B8A89F2
:10EA900063F31F42CB7B42EA03620240E2608A7C5E
:10EAA000088A62F31F40CA7C40EA026020618A7DC6
:10EAB000888A62F31F40CA7D40EA026060618A7EF4
:10EAC000088B62F31F40CA7E40EA0260A0618A7F21
:10EAD000888BC97F62F31F4040EA0160C4E90705E3
:10EAE0006562A562E562102104F134002563FFF739
:10EAF0007FFF0020656470BDFCFFFF0F2DE9F0472C
:10EB00001400884605464FF0000634D0686C05F1C5
:10EB10003407C8B1C0F11006B442384407D22246C7
:10EB20004146E1F7C7FE686C2044686423E0324642
:10EB30004146E1F7BFFE0020012368643A461946CA
:10EB400028460AF0FDFDA41B102C0CD34FEA141923
:10EB500008EB06020123494628460AF0F1FD06EBC0
:10EB6000091604F00F0434B108EB060122463846BA
:10EB70006C64E1F79FFE0020BDE8F087002819DAF9
:10EB800041424FF6807201EA020001F07F01B0F5C8
:10EB90009B4F11D0B0F5A34F0ED0B0F58C5F0BD0CA
:10EBA000B0F57E5F08D0B0F5225F05D06A2903D0AA
:10EBB000102901D000207047012070472DE9FE4345
:10EBC000044600F04DF8164D38BB01221146204690
:10EBD0000CF0D8F808BB002004F11401CDE90010B6
:10EBE00004F1200304F138021831029098461746C8
:10EBF0000E4604F1080000F087FF70B904F15C01D3
:10EC000004F15000CDE9000104F1440342463946C5
:10EC1000304600F0EBFE002800D02846BDE8FE8319
:10EC200000BEFFFF70B50C46054600F019F80B4E0C
:10EC300090B92046FFF7C2FF70B904F1080105F151
:10EC40000800FEF7AFFA38B904F1140105F1140019
:10EC5000FEF7A8FA002800D0304670BD00BEFFFFC6
:10EC600070B50022044611460CF08CF80F4DC0B967
:10EC700004F108000646FEF732FA802811D304F1A9
:10EC8000140000210446FEF787FF50B12046FEF72E
:10EC900026FA022805D331462046FEF783FA0028DB
:10ECA00001DB284670BD002070BD000000BEFFFFE4
:10ECB0002DE9F04F85B00446083000210190FEF7A1
:10ECC00059FA00B10120814604F12C000021029084
:10ECD000FEF750FA08B1012600E0002604F13800E2
:10ECE00000218346FEF746FA08B1012500E0002521
:10ECF00004F1200000210390FEF73CFA00B101204E
:10ED0000804604F1140000210490FEF733FA00B1AC
:10ED1000012036B12DB1B8F1000F02D008B10122A7
:10ED200000E00022B9F1000F00D036B1002786B113
:10ED30007DB1B8F1000F09D00BE02DB9B8F1000F8B
:10ED400002D008B1012704E0002702E008B1012148
:10ED500000E000218A46B9F1000F07D036B92DB97D
:10ED6000B8F1000F02D108B1012100E000213A43BF
:10ED700052EA0A0201D0012000E000208046084348
:10ED800003D0B9F1000F04D00FE0204805B0BDE872
:10ED9000F08F56B14DB1DDE901015A46FFF7E0F8B9
:10EDA00040BB0198FFF76BFA606047B1CDF800B047
:10EDB000DDE90103DDE9032100F062F808E0BAF1C2
:10EDC000000F06D0DDE902035946049A00F04EF91F
:10EDD00080B9B8F1000F10D004F15C0104F15000CB
:10EDE000CDE90001DDE9020204F14403594600F0D7
:10EDF0000FF810B1A0F58140C8E705B041462046A4
:10EE0000BDE8F04F01220BF0BDBF000080BFFFFF47
:10EE10002DE9FE4F8046DDE90C761D4691468A4677
:10EE200000246846FEF7F0FE6DB1012241466846B7
:10EE3000FFF762FA04001CD16A4649462846FFF7EC
:10EE400052F8040015D16FB1012251466846FFF710
:10EE500053FA04000DD16A4649463846FFF743F895
:10EE6000040006D12EB1424651463046FEF7D2FE8E
:10EE700004466846FEF7FFFD2046BDE8FE8F000011
:10EE80002DE9FF4F99B014460D469A46382269A1E4
:10EE900004A8DDF89880E1F70DFD6FF00309BAF1E1
:10EEA000000F26D0B8F1000F23D0DAF8080000BB1D
:10EEB000D8F80800E8B900211998FEF75BF9002896
:10EEC00017DD01212046FEF755F9002811DD204607
:10EED0001999FEF767F900280BDA01212846FEF799
:10EEE00049F9002805DD28461999FEF75BF9002845
:10EEF00003DB48461DB0BDE8F08F01A8FEF784FE95
:10EF000012A8FEF781FE2A46214612A8FFF728F82C
:10EF1000040069D112A901220846FFF7EDF90400A7
:10EF20007FD112A8FEF7AAFF07043F0C78D039461C
:10EF300012A8FFF72DF9040073D1199800258068F5
:10EF4000007800F00700012800D101250DF1100B19
:10EF500001A81BF80510FEF7A9FF01A95046199A50
:10EF6000FEF79AFD04005CD101215046FEF702F93C
:10EF700090BBCDF8008001A912AA0846199BFEF7A4
:10EF80000FFB04004DD101263FE0012101A8FEF74F
:10EF9000F1F8E0B301A901220846FEF761F8040088
:10EFA0003FD101A95046199AFEF776FD040038D1E9
:10EFB00001215046FEF7DEF8012805D15046199987
:10EFC000FEF7F0F8401C08D001A901220846FFF71F
:10EFD00093F9040025D108E01EE053460021404685
:10EFE000199AFEF757F904461BE001AA1146084694
:10EFF000FEF7B6FF040014D101A90846199AFEF7DE
:10F0000072FF04000DD1761CB6B2BE42BDD90121FB
:10F0100001A8FEF7AFF818B96D1CADB2362D97D325
:10F020004C4601A8FEF727FD12A8FEF724FD204656
:10F0300060E70000020305070B0D1113171D1F25C4
:10F04000292B2F353B3D4347494F53596165676B2A
:10F050006D717F83898B95979DA3A7ADB3B5BFC114
:10F06000C5C7D3DFE3E5E9EFF1FB00002DE9F0418F
:10F0700086B01646884607461D006FF0030423D06D
:10F0800000211846FEF776F8F0B901213846FEF760
:10F0900071F8002818DD01214046FEF76BF80028C2
:10F0A00012DD00213046FEF765F868B16846FEF7CC
:10F0B000ABFD03A8FEF7A8FD012239466846FFF71D
:10F0C0001BF9040027D103E006B02046BDE8F0811B
:10F0D0000122414603A8FFF70FF904001BD103AA40
:10F0E00069462846FEF7D8FC040014D1694603AAF5
:10F0F0000846FEF735FF04000DD16A462B46002175
:10F100001046FEF7C7F8040005D16A463146284686
:10F11000FEF780FD04466846FEF7ADFC03A8FEF747
:10F12000AAFCD1E710B5040035D004F18C00FEF73D
:10F13000A2FC04F19800FEF79EFC04F16800FEF7C3
:10F140009AFC04F12000FEF796FC04F13800FEF76B
:10F1500092FC04F12C00FEF78EFC04F11400FEF783
:10F160008AFC04F10800FEF786FC04F18000FEF73B
:10F1700082FC04F17400FEF77EFC04F15C00FEF7F3
:10F180007AFC04F15000FEF776FC04F14400BDE87F
:10F190001040FEF770BC10BD406870472DE9F84F75
:10F1A0001D46DDE90F6ADDE90C97DDE90AB8044682
:10F1B00049B104F108000090FEF733FF28BB009826
:10F1C000FFF75DF8606035B15A46294604F12C001E
:10F1D000FEF727FFC8B9B8F1000006D001464A463D
:10F1E00004F13800FEF71DFF78B937B1394604F154
:10F1F00020000E9AFEF715FF38B956B15246314637
:10F2000004F11400FEF70DFF18B1A0F58140BDE830
:10F21000F88F0020FBE770B50C4615460646AC217A
:10F22000E1F76FFBC6E9294570BD00002DE9FF41FC
:10F23000D0F8A4C0DDE90C74DDE90A65BCF1000F6B
:10F2400003D0054804B0BDE8F081CDE90274CDE9F2
:10F25000006500F0BFF9F5E700BFFFFFFEB5D0F88D
:10F26000A470DDE908540A9E0FB10448FEBDCDE943
:10F270000054029600F098FAFEBD000000BFFFFFA8
:10F280002DE9FF41D0F8A4C0DDE90C74DDE90A6581
:10F29000BCF1000F03D0054804B0BDE8F081CDE912
:10F2A0000274CDE9006500F0E7FAF5E700BFFFFF63
:10F2B0002DE9FF41D0F8A4C0DDE90C74DDE90A6551
:10F2C000BCF1000F03D0054804B0BDE8F081CDE9E2
:10F2D0000274CDE9006500F02BFBF5E700BFFFFFEE
:10F2E0002DE9F04FA7B01D4693460E00044600F1ED
:10F2F000440800F1500701D0012200E00022012162
:10F3000020460BF03FFD18B18E4827B0BDE8F08FC6
:10F3100001A8FEF779FC17A8FEF776FC1AA8FEF7FD
:10F3200073FC0DA8FEF770FC2EB110A8FEF76CFC64
:10F3300007A8FEF769FC0AA8FEF766FC13A8FEF70B
:10F3400063FC1DA8FEF760FC20A8FEF75DFC2946C3
:10F3500001A86268FEF765FE050008D104F1080106
:10F3600001A82591FDF71EFF002801DB2D1FC4E039
:10F3700001A91DA8FDF75CFF0500F8D104F12C0AD6
:10F3800004F13809F6B35A46314620460BF0BCFD6D
:10F390000500ECD101A904F18C020846FEF7E0FD5E
:10F3A0000500E4D101A90846259AFEF79CFD050059
:10F3B0007ED10122514617A8FEF79EFF050077D1A6
:10F3C000012249461AA8FEF797FF050070D15B4657
:10F3D00032461C210DA8FEF71EFB050068D10DAAC0
:10F3E00017A910A8FEF7BCFD050061D110A942467F
:10F3F0000846FDF74DFE05007FD10DF140085B4644
:10F40000324600E014E01C210DA8FEF704FB0500C5
:10F4100073D10DAA1AA907A8FEF7A2FD05006CD1A9
:10F4200007A93A460846FDF733FE050065D107AF48
:10F4300004F1740000905346424601A90AA8FEF761
:10F44000AFF8050059D104F1800000904B463A46D0
:10F4500001A913A8FEF7A4F805004ED113AA0AA922
:10F4600001A8FEF761FF050047D104F15C0201A984
:10F470000AA8FEF775FD05003FD152460AA901A86A
:10F48000FEF731FD050038D14A4601A90AA8FEF76A
:10F4900067FD050031D10AAA13A901A8FDF7F8FDFF
:10F4A00005002AD186B101A904F19802084600E0BE
:10F4B0001CE0FEF755FD05001FD101A90846259A5D
:10F4C000FEF711FD050018D104F16800009004F169
:10F4D000140201A920A8259BFEF762F805000CD1B3
:10F4E0001DA920A8FDF75EFE08B1174D05E0626872
:10F4F00001A83099FEF740FF054617A8FEF7BBFAB2
:10F500001AA8FEF7B8FA0DA8FEF7B5FA2EB110A8A2
:10F51000FEF7B1FA07A8FEF7AEFA01A8FEF7ABFABC
:10F520000AA8FEF7A8FA13A8FEF7A5FA20A8FEF786
:10F53000A2FA1DA8FEF79FFA15B1A5F58640E4E6EC
:10F540000020E2E680BFFFFF80BCFFFF2DE9FF4106
:10F5500017460D460022044611460BF013FC18B165
:10F560001B4804B0BDE8F08101A8FEF74DFB294619
:10F5700001A86268FEF755FD050020D104F10801DD
:10F580000D4601A8FDF70EFE002805DB6FF0030510
:10F5900001A8FEF770FA16E004F16800666801A998
:10F5A00000902B4604F114020846FDF7F9FF050010
:10F5B00005D13246394601A8FEF7DEFE054601A810
:10F5C000FEF759FA15B1A5F58540CAE70020C8E74E
:10F5D00080BFFFFF2DE9F04FADF5037D1F46446866
:10F5E0008846844600268F9B8D99A4F10B003546F2
:10F5F000834200D8184681466A48012F03D1DCF8BF
:10F60000A430002B7ED1A4F11003B3F5F87F79D894
:10F610000DF1040B57B10B4641466046CDF800B0E2
:10F62000FFF75EFE5FEA000A6DD104E05A466046CD
:10F63000FFF78CFFF6E79DF804009DF80510012FF9
:10F6400006D081F0010141EA00080227DA4632E0E3
:10F6500081F0020141EA00080220012359460DE031
:10F660000A5C5742FFB23A4383EAD21215436A4218
:10F67000D2B22A4383EAD2121644401CA042EFD3EE
:10F680001BE000BF1AF8070001220021F4F71CFE5E
:10F690002843C5B2012200212846F4F715FE06448E
:10F6A0001AF80700002180F0FF022846F4F70CFE4C
:10F6B00040EA08087F1CA742E4D301220021284623
:10F6C000F4F702FE40EA0800A6F1080140EAD1750D
:10F6D000A21B49462846D21EF4F7F6FD0646A9EBC2
:10F6E0000600C70F00224FF488413846F4F7ECFDBE
:10F6F00002464FF482412846F4F7E6FDC0F1000AC5
:10F700003D4301E04AE043E068420543E9170B202E
:10F710005D4603E02A5C8A432A54401CA042F9D388
:10F72000324649463846F4F7CFFD291983465FEA49
:10F730000904A1EB0905A4EB0B00CDE981051FD05D
:10F7400000271BE08198A4F10108201A381AC00F85
:10F750000026009007E0A95DA81942780098F4F708
:10F76000B3FDA855761C4645F5D32E1916F8011D94
:10F7700000220098F4F7A8FD30707F1CA742E1D367
:10F780004A4682998E98E1F795F88C99C1F800B0B5
:10F790004FF4007101A8FFF72BF950460DF5037DDA
:10F7A000BDE8F08F80BFFFFF2DE9FF4F81B083469A
:10F7B000DDF840A02F48DDF8388099460E465446C3
:10F7C000012B03D1DBF8A410002926D108F10B028C
:10F7D000DBF80410424520D391421ED3A1EB08056B
:10F7E0000021ED1E04F8011BB9F1000F04D0012027
:10F7F00004F8010BFF201FE0002E0ED0022004F8B9
:10F80000010B13E06427012221460398B0472178B9
:10F8100031B107B148B1A0F5894005B0BDE8F08F1E
:10F820007F1EF8D00028EED0F5E7641C6D1EE9D2EB
:10F8300004E000BF04F8010B6D1EFBD20020207015
:10F84000601C42460F99E1F735F8B9F1000F08D076
:10F850005346CDF800A031465846039AFFF740FDC5
:10F86000DBE7524605B05846BDE8F04F1146FFF7BA
:10F870006DBE000080BFFFFF2DE9F84F1D460AABAB
:10F8800091468A46044693E80701012D05D1D4F834
:10F89000A43013B12448BDE8F88FCDF80080636828
:10F8A0000BF08EFB0028F6D1BDB101206168F9F79D
:10F8B00037FC05006FF00F0616D001206168F9F7DC
:10F8C0002FFC070012D043464A4651462046009579
:10F8D000FFF706FD06001FD10AE042462046BDE8BC
:10F8E000F84F1146FFF732BE3046D4E7284617E0FE
:10F8F0003A4629462046FFF729FE06000CD141462C
:10F900003846626800F0BCF908B1084E04E02946A8
:10F9100040466268E0F7CEFF2846FBF75BFA3846C0
:10F92000FBF758FAE0E7000080BFFFFF00BDFFFFD4
:10F930002DE9FF4F81B00025DDE9104ADDF83CB02C
:10F94000D0F804901F468046012B06D1D8F8A400B9
:10F9500018B1244805B0BDE8F08F49460120F9F7F9
:10F96000DFFB06000FD049460120F9F7D9FB05005F
:10F9700009D04B462246594600950E980BF020FBC5
:10F9800004001DD103E06FF00F04CEB91FE04FB1AA
:10F99000DDE90212534640460096FFF7A1FC040041
:10F9A0000ED105E0324651464046FFF7CFFDF6E75F
:10F9B0004A462946304600F063F9040000D00A4C5C
:10F9C00049463046FFF714F83046FBF703FA35B1E5
:10F9D00049462846FFF70CF82846FBF7FBF9204676
:10F9E000B8E7000080BFFFFF80BCFFFF2DE9FF4F9D
:10F9F00087B00546DDE914BA994688460024684672
:10FA0000FEF702F903A8FEF7FFF83D4E3D4FB9F1AE
:10FA1000000F1DD03DB1012229466846FEF76CFC5F
:10FA2000040052D101E0344657E0494603A8099A40
:10FA3000FEF77AFC040048D103A96A460846FEF79F
:10FA400052FA040041D1002103A8FDF793FBE8BB63
:10FA5000BBF1000F1CD0B8F10000E4D00146012238
:10FA60006846FEF749FC04002FD1594603A8099ABD
:10FA7000FEF75AFC040028D103A96A460846FEF79F
:10FA800032FA040021D1002103A8FDF773FBE8B985
:10FA9000BAF1000F21D0002DC5D0B8F10000C2D0BE
:10FAA000024651466846FEF75BFA04000DD16946EE
:10FAB00001220846FEF720FC040006D169462A46CA
:10FAC0000846FEF710FA040011D000E015E0BC4231
:10FAD00003D0B44201D0A0F584446846FDF7CBFFC3
:10FAE00003A8FDF7C8FF0BB02046BDE8F08F00214A
:10FAF0006846FDF73FFB0028EFD03C46EDE70000ED
:10FB000080BFFFFF00BEFFFF2DE9F04786B08146B2
:10FB10001E461746884600246846DDF838A0FEF7E2
:10FB200073F803A8FEF770F8544DB8F1000F1DD01C
:10FB3000E7B1B9F1000F3CD03A4641466846FEF7BE
:10FB40000FFA040074D101214846FDF713FB002889
:10FB500004DD49466846FDF725FB50B12C46684652
:10FB6000FDF789FF03A8FDF786FF83E0B9F1000FD9
:10FB70001BD0D6B1BAF1000F17D001213046FDF7E6
:10FB8000F9FA0028EADD01215046FDF7F3FA0028D2
:10FB9000E4DD49463046FDF705FB0028DEDA49463C
:10FBA0005046FDF7FFFA0028D8DAB8F1000F56D01A
:10FBB000F7B3EEB3BAF1000F51D001214046FDF783
:10FBC000D9FA0028CADD01213846FDF7D3FA00280A
:10FBD000C4DD524631466846FEF7C2F904003ED104
:10FBE000694601220846FEF787FB040037D101224F
:10FBF000414603A8FEF780FB040030D1694603AA02
:10FC00000846FEF770F9040029D100216846FDF787
:10FC1000B1FA0028A2D1524631466846FEF7A0F953
:10FC200004001CD1694601220846FEF765FB00E08E
:10FC300015E0040013D10122394603A8FEF75CFB4E
:10FC400004000CD1694603AA0846FEF74CF90400EB
:10FC500005D100216846FDF78DFA0028DAD1684603
:10FC6000FDF709FF03A8FDF706FF1CB1AC4201D068
:10FC7000A4F5844406B02046BDE8F08700BEFFFF2F
:10FC800070B504460020034604E0E55CCE5C754098
:10FC900028435B1C9342F8D370BD6C22E0F70ABE88
:10FCA00070B5044600780D4600F03F002218802110
:10FCB000401C82F8281004F12806382806D8C0F124
:10FCC000380120442830E0F71CFE0FE0C0F140016D
:10FCD00020442830E0F715FE31462046FBF70AFFA6
:10FCE00000287FD138213046E0F70BFE54F8481B3E
:10FCF000480F54F8442CC90040EAC200020E227694
:10FD0000020C6276020AA276E076080E2077080CD2
:10FD10006077080AA077E177483C31462046FBF738
:10FD2000E9FE00285ED1A068000E2870A068000CD3
:10FD300068702089000AA870207AE870E068000ED8
:10FD40002871E068000C6871A089000AA871207B06
:10FD5000E8712069000E28722069000C6872208A00
:10FD6000000AA872207CE8726069000E287360693E
:10FD7000000C6873A08A000AA873207DE873A0694C
:10FD8000000E2874A069000C6874208B000AA87407
:10FD9000207EE874E069000E2875E069000C687543
:10FDA000A08B000AA875207FE875206A000E2876CF
:10FDB000206A000C6876208C000AA87694F820004F
:10FDC000E876A06E58B9606A000E2877606A000C69
:10FDD0006877A08C000AA87794F82400E87700E000
:10FDE00000E0002070BD002802D06C21FEF700BEAC
:10FDF00070476C21E0F785BDF0B59BB007461C4607
:10FE000015460E466846FFF7F4FF2146684600F0A7
:10FE100015F804000BD132463946684600F056F812
:10FE2000040004D129466846FFF73AFF04466846B5
:10FE3000FFF7D9FF1BB02046F0BD00000022026092
:10FE4000426091B1114A8260114AC260114A026156
:10FE5000114A4261114A8261114AC261114A026229
:10FE6000114A4262816600207047104A8260104A3F
:10FE7000C260104A0261104A4261104A8261104A0F
:10FE8000C261104A0262104AEBE70000D89E05C129
:10FE900007D57C3617DD703039590EF7310BC0FFAE
:10FEA00011155868A78FF964A44FFABE67E6096A6E
:10FEB00085AE67BB72F36E3C3AF54FA57F520E518B
:10FEC0008C68059BABD9831F19CDE05B2DE9F04110
:10FED00014000546884630D0286800F03F062044CC
:10FEE000C6F140072860A04202D26868401C6860E2
:10FEF000D6B1BC4218D3A8193A462830E0F7DAFC4C
:10FF000005F128012846FBF7F5FD002816D1E41B72
:10FF1000B844002608E041462846FBF7EBFD0028E0
:10FF20000CD108F14008403C402CF4D22CB1A81967
:10FF3000224641462830E0F7BDFC0020BDE8F081B4
:10FF4000D822E0F7B7BC2DE9F041044600780D4611
:10FF500000F07F0022188021401C82F8501004F12C
:10FF60005006702806D8C0F1700120445030E0F7E8
:10FF7000C8FC0FE0C0F1800120445030E0F7C1FC24
:10FF800031462046FCF7D4F900287DD17021304657
:10FF9000E0F7B7FC6068420FD4E90201C90041EA0A
:10FFA000507142EAC002F4E82C300F0E27740F0C97
:10FFB00067740F0AA774170EE17447EA01272775C3
:10FFC000170C47EA014767750F06C00047EA122180
:10FFD00040EA5370A175E275010E2176010C61763D
:10FFE000010AA176DB00190EE07641EA00212177B3
:10FFF000190C41EA00416177010641EA1320A0771C
:020000040804EE
:10000000E377B03C31462046FCF792F900283BD11B
:1000100054F8140F000E287054F80409000C68708E
:10002000A088000AA8702079E8702079216802026F
:1000300042EA1160287120682179000C40EA0140F1
:10004000687120882179000A40EA0160A87120784F
:10005000E871E068000E2872E068000C6872A08900
:10006000000AA872207BE872207BA168020242EAA3
:1000700011602873A068217B000C40EA014068737E
:10008000207B2189020600E0E4E042EA1120A87307
:10009000207AE8736069000E28746069000C687447
:1000A000A08A000AA874207DE8742069217D000ED2
:1000B00040EA01202875207D2169020442EA1140AE
:1000C0006875208A217D000A40EA0160A875207CBD
:1000D000E875E069000E2876E069000C6876A08B70
:1000E000000AA876207FE876A069217F000E40EA0A
:1000F00001202877207FA169020442EA1140687735
:10010000208B217F000A40EA0160A877207EE877F3
:1001100054F8240F000E85F820002068000C85F8A4
:1001200021002088000A85F82200207885F8230025
:10013000207854F8041C020242EA116085F8240079
:10014000207854F8041C020442EA114085F8250086
:1001500034F8040C14F8041B000A40EA016085F826
:10016000260014F8080C85F827006068000E85F852
:1001700028006068000C85F82900A088000A85F82E
:100180002A00207985F82B0020792168020242EAB2
:10019000116085F82C0020792168020442EA1140A0
:1001A00085F82D0020882179000A40EA016085F851
:1001B0002E0014F8980B85F82F0054F8D009F0BBE6
:1001C00054F8440F000E05F8300F2068000C6870DA
:1001D0002088000AA8702078E87054F8041C14F8ED
:1001E000040B020242EA1160287154F8080C14F85A
:1001F000041C000C40EA0140687134F8080C14F843
:10020000041C000A40EA0160A87114F8080CE871A7
:100210006068000E28726068000C6872A088000A8E
:10022000A8722079E87220682179000E40EA012046
:10023000287320682179000C40EA014000E008E0C2
:10024000687320882179000A40EA0160A873207849
:10025000E8730020BDE8F081002802D0D821FEF725
:10026000C7BB7047D821E0F74CBBF0B5B7B0074625
:100270001C4615460E466846FFF7F4FF21466846C1
:1002800000F014F804000BD132463946684600F0FD
:1002900097F8040004D129466846FFF754FE044647
:1002A0006846FFF7D9FF37B02046F0BD0022C0E90D
:1002B0000022C0E9022219B3224B214AC0E90423DB
:1002C000224B214AC0E90623224B214AC0E90823D8
:1002D000224B214AC0E90A23224B214AC0E90C23C0
:1002E000224B214AC0E90E23224B214AC0E91023A8
:1002F000214A224BC0E91223C0F8D01000207047D9
:10030000204B1F4AC0E90423204B1F4AC0E90623A3
:10031000204B1F4AC0E90823204B1F4AC0E90A238B
:10032000204B1F4AC0E90C23204B1F4AC0E90E2373
:10033000204B1F4AC0E910231F4A204BDAE7000078
:10034000D89E05C15D9DBBCB07D57C362A299A6214
:1003500017DD70305A01599139590EF7D8EC2F1525
:10036000310BC0FF6726336711155868874AB48E72
:10037000A78FF9640D2E0CDBA44FFABE1D48B547BC
:1003800008C9BCF367E6096A3BA7CA8485AE67BBA8
:100390002BF894FE72F36E3CF1361D5F3AF54FA5D3
:1003A000D182E6AD7F520E511F6C3E2B8C68059BAF
:1003B0006BBD41FBABD9831F79217E1319CDE05B67
:1003C0002DE9F0411400884605463BD028780022EC
:1003D00000F07F06D5E9001009195041C5E9001069
:1003E000091BC6F18007904106D2D5E90201401CE5
:1003F00041F10001C5E90201DEB1BC4219D3A819DF
:100400003A4641465030E0F755FA05F1500128468A
:10041000FBF78EFF002816D1E41BB844002608E045
:1004200041462846FBF784FF00280CD108F18008DC
:10043000803C802CF4D22CB1A81922464146503081
:10044000E0F738FA0020BDE8F08100002DE9F04126
:10045000164600250A461C4680462946012E0CD128
:10046000907A0B280CD2DFE800F00B060808080B86
:100470000B060B0A0A00202102E0802100E008217F
:10048000404601F079FA4FF0FF3720B120683D4631
:1004900040F400602060012E0DD008A108224046E3
:1004A00001F040FA20B120683D4640F480502060C1
:1004B0002846BDE8F08104A1F0E700002B06010505
:1004C00005070302000000002B06010505070301D4
:1004D000000000000068026D4FF0FF30002A03D0DA
:1004E00004E08B4201D100207047521C1378002B8E
:1004F000F7D170470068C26C4FF0FF30002A03D07C
:1005000004E08B4201D100207047121D1368002BBC
:10051000F7D170470246054802E0914204D02030EE
:1005200001680029F9D1002070470000C4C6050801
:10053000807AC01E092808D2DFE800F00505070709
:100540000705050505000120704700207047C26DB2
:1005500061F38302C2657047C0E911127047C0E9B8
:100560000612704710B50446C06D61F3000062F3D7
:100570004100E06519B920F00C000830E06540F05A
:100580004000E065032084F85A0084F85B0084F89A
:100590005800022B84F859000CD000F09BFCE0605E
:1005A000A060606020600B48E0630B48E064FAF7ED
:1005B0004BF90BE008481430E060A06060602060F8
:1005C0000648E06304482030E064243820650020B9
:1005D00010BD000024C8050844C10120DCC805087E
:1005E0006021E0F78EB900002DE9F04FD0E90B85CE
:1005F000046C0746D5B02068007AF9F7DFFBDFF816
:10060000709206000AD02068407AFCF777FC5FEA17
:10061000000A03D0F868032804D026E1484655B004
:10062000BDE8F08F2068407A07280FD09148C5F8C0
:10063000A4029148C5F89C02904800BFC5F8A002EA
:10064000D5F81C034FF0400B40B11DE08C48C5F8B5
:10065000A4028C48C5F89C028B48EFE7302208F1D1
:100660003000CDF800B0CDE90102D5E9A9C105F50A
:100670003B7005F52B7385A28146E0470028CED15B
:1006800030214846FEF7B4F905F52B71402254910C
:1006900043A85391E0F70EF920224BA95398E0F7B5
:1006A00009F9202243A905F53370E0F703F9402149
:1006B00043A8FEF79DF94FF480700DF10C09CDF8B9
:1006C00000B0CDE90190D5F8A45274A2302108F110
:1006D0003000539BA8470028A1D140215498FEF731
:1006E00087F97068C0086060707806282BD00828E9
:1006F00029D00A2827D00122514604F13800FCF7FE
:100700001DFC00288BD10122514604F14400FCF766
:1007100015FC002883D15046FCF731FB6061F1687D
:10072000E16072780546072A22D07269B0FBF2F3C5
:1007300002FB13031044C21AA260F86802282BD0EF
:10074000032829D091E00020054660610C20E0607C
:1007500071780A2900D0042020612068007F80077A
:1007600001D5082000E010202169C1F10C010844E6
:10077000A060386890F85C00C0070FD048466268F7
:10078000284409EB45010090206902EB01098846E5
:100790000DF10C0B00BB1EE05018E9E748466268FB
:1007A00003A900EB050B009109EB4509206902EB59
:1007B000090800B9E06802EB08018246524604F1DC
:1007C0001800E0F777F8626808EB0A001118524643
:1007D00004F128000FE0E06802EB0901824652466E
:1007E00004F12800E0F766F8626809EB0A001118C6
:1007F000524604F11800E0F75DF8F868012834DB90
:100800005DB12A4604F138000099FCF709FB2A463D
:10081000594604F14400FCF703FB04F15000314653
:100820000546F9F71BFB00287FF4F9AE04F18800B8
:1008300031460446F9F712FB0028F5D10123494659
:1008400028467268F9F7E6FA0028EDD10023414600
:1008500020467268F9F7DEFA0028E5D14FF480717E
:1008600003A8FEF7C5F80020D9E61048D7E6000037
:10087000008FFFFFC95005081DC3040815C20408F6
:10088000E750050849C3040899C204086D617374F0
:100890006572207365637265740000006B65792072
:1008A000657870616E73696F6E0000000094FFFFE1
:1008B0002DE9F0410D46044641691C4811B9A16972
:1008C00000291CD0226DA16D891A41F62D02511A02
:1008D000A94214D3606F24E0E16C2E1A19B1606C48
:1008E000884702280AD0616FA06DA769014447B10B
:1008F00020683246436DE069B84706E00C48BDE821
:10090000F08163693246E0699847002804D0F6DB3D
:10091000B04203D90748F2E70748F0E7616F08449F
:100920006067A842D8D30020E9E70000008FFFFFEE
:100930000098FFFF0094FFFF808DFFFF10B5044675
:10094000006998B1D4F8A40000280ED0D4F8A420EF
:10095000D4F88C002369811AE0699847002804DDE7
:10096000D4F8A410814203D2094810BD094810BD33
:10097000081AC4F8A400E9D1D4F884000830C4F8F7
:100980008C002046A16B0CF011FF002010BD000070
:100990000094FFFF008FFFFF10B5040049D0D4F88A
:1009A000840038B140F62D01FEF722F8D4F8840017
:1009B000FAF710FA206D30B141F62D01FEF718F864
:1009C000206DFAF707FAE06B20B100F0FEFDE06B56
:1009D000FAF700FA206B88B1204600F08DF9206C00
:1009E00000F0F3FDE06A00F015FD206BFAF7F2F974
:1009F000206CFAF7EFF9E06AFAF7ECF9A06A20B197
:100A000000F008FDA06AFAF7E5F9D4F8B40050B197
:100A1000DFF794FF0146D4F8B400FDF7E9FFD4F8FE
:100A2000B400FAF7D7F92046BDE81040BC21FDF725
:100A3000DFBF10BD816E09B1006F704700207047A5
:100A4000807A012807D0022805D0032803D0042883
:100A500000D00020704701207047807A0B280DD20B
:100A6000DFE800F00C060606080C0C060C0A0A006B
:100A70000120704704207047022070470020704713
:100A80002DE9FE430546DDE90A801E4617468946E4
:100A9000FCF734FA0446FCF772F938606846FCF754
:100AA00047FA002221466846FCF748FA040019D1AB
:100AB0006846FCF765FA040014D1296B40226846A9
:100AC00001F52B71FCF766FA04000BD14246314662
:100AD0006846FCF75FFA040004D149466846FCF713
:100AE00029F904466846FCF72FF924B15022022167
:100AF000284600F079FC2046BDE8FE8370B5054627
:100B0000846B0520002C19D004F15000F9F750F93E
:100B1000801E092815D2DFE800F00714141405051B
:100B200005140500A06808E0206D40B141696069C6
:100B3000EA680844022A00DB0844401D70BD002119
:100B4000F5E7014870BD00000094FFFF816A09B11C
:100B5000486E7047C06A08B1406E70474FF0FF3072
:100B60007047000010B50446C06E162804D1204618
:100B700000F04AFB002812D1E06E1349142802D07D
:100B8000152808D01DE0206F012807D1606E00787D
:100B9000012803D115E0206F022801D0084610BDBE
:100BA000616E0878022802D0012802D005E00748CB
:100BB00010BD487818B1642803D0054810BD054819
:100BC00010BD002010BD0000008EFFFF8088FFFFD9
:100BD0008099FFFF8087FFFF10B504004FF00000F1
:100BE00001D0216831B9054810BD204600F014F944
:100BF0000028F9D161681029F7D110BD008FFFFFDF
:100C000070B505464068394E10286DD0286B002815
:100C10006AD02846FFF792FE040064D16868102865
:100C200062D2DFE800F0080A0E13171B1F3D414592
:100C3000494D5155595C01204FE028460CF014FFF6
:100C400002E028460CF092F904464BE0284600F0FA
:100C500089F9F9E728460CF0C9FAF5E728460BF0C0
:100C60005BFEF1E70121284600F072FB0028EBD182
:100C7000E86E162801D01E48E6E7A86F042803D1C5
:100C8000686E00780E2806D032220221284600F035
:100C9000ABFB1848D8E76868401C68600020D3E7C1
:100CA000284600F0E9FCCFE728460CF0D3FFCBE75D
:100CB00028460CF04DFEC7E7284600F047FDC3E785
:100CC000284600F051FDBFE7284600F015FABBE7C3
:100CD000284600F035FAB7E70F20686002E02846A2
:100CE00000F0B6F8204670BD304670BD008FFFFFA3
:100CF0000089FFFF8084FFFF70B5046B002C1DD0BE
:100D000004F5A870FFF76FF804F5E070FFF7A4FA98
:100D1000201DF9F76DFAD4F83801FAF75BF8D4F82A
:100D2000440120B18568FAF755F82800FAD1204629
:100D3000BDE870404FF44C71FDF75ABE70BD000025
:100D400070B505464068334E102860D0286BC8B394
:100D50002846FFF7F3FD040058D16868102856D2E2
:100D6000DFE800F0080A0E12161A1E3135393D412F
:100D700045494D50012043E028460BF0AFFE1FE0EF
:100D800028460CF0E9FF1BE0284600F075FC17E050
:100D900028460DF0ABF813E028460CF02BFD0FE0D1
:100DA0000421C5F8A0101621C5F89C10D5F898208C
:100DB0000E21284611706968491C696000F018FD11
:100DC000044622E023E0284600F0CCF8F8E7284665
:100DD0000CF040F8F4E728460BF004FEF0E7284654
:100DE00000F08AF9ECE7284600F0AAF9E8E728467F
:100DF00000F0ACFCE4E7284600F0B6FCE0E70F208A
:100E0000686002E0284600F023F8204670BD3046B6
:100E100070BD0000008FFFFF10B5040006D02068F1
:100E200020B190F85C00C00702D009E0074810BD6F
:100E30002046FFF7E5FE216891F85C10C907F6D05F
:100E40002046BDE81040FFF77BBF0000008FFFFF8A
:100E500070B50446006BD0F81C63A06A20B100F0A6
:100E6000D9FAA06AF9F7B6FF0025E16AC4E90A15C4
:100E70002068426A22B1CB6813B10EB9806A9047EC
:100E80002046FFF739FF206BF9F7A4FF2563E06BDD
:100E900020B100F09AFBE06BF9F79CFF216CC4E9EC
:100EA0000F156068401C606070BD052807D00628DB
:100EB00007D0072807D0082807D000207047032054
:100EC0007047042070470520704706207047BC21FA
:100ED000DFF717BD00487047B0C60508032807D0E4
:100EE000042807D0052807D0062807D0002070471F
:100EF000052070470620704707207047082070477C
:100F0000497A006B072903D00249C0F8981270474C
:100F10000149FAE74DD7040857D70408016B11B10E
:100F2000D1F83C1111B90068016C09B1086870472B
:100F300000207047016B11B1D1F83C1111B9006864
:100F4000016C09B14868704700207047016B11B10E
:100F5000D1F83C1111B90068016C09B148687047BB
:100F6000002070472DE9F0470446006C86B0D0F8A9
:100F700000A0206BD0F84061032E04D1206890F8C7
:100F80005C00C0F381069AF80A004FF000080528BB
:100F90001CD006281AD0082818D00B2816D0216893
:100FA00091F85C10C90702D007280FD0AEB101211B
:100FB000204600F0CDF900280CD120460BF010FCA3
:100FC000050012D015F5E94F0BD08BE06068401C8E
:100FD0006060002006B0BDE8F087E16A80204866C6
:100FE000F4E7012E7ED100257CE0002E7AD0206B24
:100FF000D0F8487117B1D0F84C2102E02068D0E950
:10100000117221684346E06AD1E90D5CCDE903C362
:1010100000F16408CDE90185D4F8B4300093CB6BBE
:10102000006E394600F0E6FD0546E06A0221006EDA
:10103000BC308146FDF706FBDFF8B48068B1D9F813
:10104000040001782046FFF745FA30B1E06A416EAE
:1010500041F48031416605B945462168E36A91F85B
:101060005C10186E41F300025146521C6433FFF7C6
:10107000EDF908B105B94546012E05D115F51C5FFE
:1010800001D0454500D100250FB9022E06D0FDB193
:10109000E06A406EC10503D531221FE0154DF7E728
:1010A000410701D52A2219E0010507D4C10405D45E
:1010B000810403D4010401D4C10301D52B220DE026
:1010C000C10701D02D2209E0810702D52C2205E0BD
:1010D00008E0000701D5302200E02E220221204640
:1010E00000F082F96068401C6060284672E70000EA
:1010F0000086FFFF8089FFFF10B50446012100F044
:1011000027F9002808D1E06E142806D00A2202210F
:10111000204600F069F9094810BD206C6063E06A60
:101120002062606D0021016041602046216C0CF05E
:1011300029FB6068401C6060002010BD0089FFFF33
:101140002DE9FF410446006801226946C06D8243D3
:10115000206BD0F8A032204698470121204600F0AD
:10116000F7F8002808D1E06E162808D00A220221DC
:10117000204600F039F91E4804B0BDE8F081616EE8
:101180000C231C4D0878142815D1A06F102812D1FB
:1011900000206A468DF80C00091D0E5C175C7E402D
:1011A0009DF80C703E438DF80C60401C9842F4D3BF
:1011B0009DF80C0030B132220221204600F014F9D3
:1011C0002846D9E7206BD0F81C0370B1206890F84E
:1011D0005C10C90705D10A21616090F85C00C00766
:1011E00001D00F2060600020C6E76068401CF9E76E
:1011F0000089FFFF8081FFFF012802D0032801D072
:10120000002070470420704710B5036F042B01D2F3
:10121000084810BD426E517894780904D27841EAAA
:1012200004211143091D81678B4201D2024810BD80
:10123000002010BD008EFFFF808FFFFF2DE9F041E1
:101240001546884604000FD0206868B160683B4F9F
:101250003B4E102857D02046FFF7BEFC10F5D64F66
:1012600051D0002801D14EE03648BDE8F081E16C54
:1012700041B1606C8847401C04D12068416D204614
:101280000CF058FA0121204600F062F848B9206FAE
:1012900058B9E06E172808D10121204600F058F80F
:1012A00018B1B842E1D10020DFE7E06E162805D082
:1012B00015281DD017281DD03046D6E7206890F895
:1012C0005C00C007606E00780AD00128F4D1E068A5
:1012D00001280BDB64220121204600F085F8C0E7DD
:1012E0000028E9D1A06F0428E6D1F0E71648BCE752
:1012F0001648BAE7606EA0666068102803D1002126
:1013000020460CF017FAA06E0028B0D0206FA8423B
:1013100000D805462A464046A16EDFF7CBFA206F7B
:10132000401B206704D0A06E2844A06628469CE796
:101330000020A066C4F88000F8E70000808DFFFF61
:101340000089FFFF008FFFFF0094FFFF0097FFFF62
:101350002DE9F0410446D0F880000E46002520B16A
:10136000C4F880500020BDE8F0811A4FA06F88B10A
:10137000A16E09B11848F6E7216F884207D20A1A10
:101380002267636E19181846DFF794FA00E02567A4
:10139000A56702E0A06E00B92567206F30B920462E
:1013A0000BF07CF9B842E1D00028DCD12046FFF7F1
:1013B000D9FB10F5CD4FD9D0B842D7D00028D2D123
:1013C000E06E1628CED1012ECCD1204600F017F9C0
:1013D000C8E70000809AFFFF0094FFFF1A780260C0
:1013E000587808607047000080B1036873B1152316
:1013F000C0F89C300223C0F8A030D0F898301970A3
:10140000D0F898104A70012100F02ABA00487047BD
:10141000008FFFFF10B504000CD0206E20B100F04B
:10142000C3FA206EF9F7D6FC2046BDE810406821CB
:10143000FDF7DEBA10BD6821DFF763BA10B5029C74
:10144000C0E90641C0E9042310BD0000C368084A92
:10145000032B03D1042905D0052901D0104670477C
:10146000044900E00449006BC0F89C12002070475A
:10147000009AFFFF49C304081DC304082DE9F04189
:1014800005460E004FF0000408D00846DFF756FA74
:101490000446FF2802D91448BDE8F081D5F8B4000D
:1014A00050B1DFF74BFA0146D5F8B400FDF7A0FACA
:1014B000D5F8B400F9F78EFC00277EB1611C01203D
:1014C000F7F72EFEC5F8B40058B122463146DFF7D3
:1014D000F1F9D5F8B40007550020DDE7C5F8B47080
:1014E000FAE70248D8E70000008FFFFF0081FFFF06
:1014F00070B50025C0F884500160044641F62D0106
:101500000120F7F70DFE154E206578B140F62D014C
:101510000120F7F705FEC4F8840038B120460CF02E
:10152000F5F820460BF0E0F8061E15D054F8500FE1
:10153000F9F750FC606BF9F74DFC44F8505C2560FE
:101540006563A5606560E56025616561E563A56328
:10155000256465643046A56470BD00000081FFFF0E
:1015600010B504460121FDF76DF808B1012010BD4A
:1015700004212046FDF766F80028F8D0032010BDAE
:10158000012804D0022803D0042801D0002070478D
:1015900003207047012906D0042903D1417800298E
:1015A00000D14270704701780029FBD1027070476A
:1015B000017041707047012903D0042903D0002035
:1015C0007047007870474078704710B5040015D018
:1015D00004F15000F8F7DCFB04F18800F8F7D8FBC1
:1015E00004F13800FBF7B0FB04F14400FBF7ACFB5F
:1015F0002046BDE81040C021FDF7FAB910BD416892
:10160000036B102906D0190004D0D3F89832826FEA
:10161000416E18477047000070B515460E4604002D
:1016200016D02068A0B16068102804D02046FFF7CB
:10163000D3FA00280DD14FF400603146854200D91D
:101640000546D4F8A40028B12046FFF777F90DE04D
:10165000084870BD1720C4E927052A46D4F8980029
:10166000DFF728F90121204600F0FAF800B105461D
:10167000284670BD008FFFFF2DE9F0410546006C44
:101680000068807A052818D0062816D0082814D0BB
:101690000B2812D0286890F85C00C00704D02846B8
:1016A000FFF73CFC78B102E0D5F8B00028B1072480
:1016B0002846FFF733FC074629E06868401C68604D
:1016C0000020BDE8F0812048FBE700BFA4F2FD70D8
:1016D0007E684042864202D91B488030F1E7D5F847
:1016E0009810300C0855D5F89820601C310A115418
:1016F000D5F89810A01CE41C0E54D5F89800B968D1
:1017000020443246DFF7D6F8D7F830713444002F42
:10171000DCD1D5F89820E01F010C1171D5F8982084
:10172000010A5171D5F8981088711620C5E927046F
:10173000D5F898100B2008706868401C686028462F
:10174000BDE8F04100F054B8808AFFFF1421C0F8D2
:101750009C100121C0F8A010D0F8982011704168A9
:10176000491C416000F044B810B50446016C0CF00F
:101770001DF82068D4F8981090F85C00091D00F05E
:101780000102206BD0F8A03220469847E068A0B153
:101790000C20001DC4F8A0001620C4F89C00D4F84A
:1017A000981014200870206BD0F81C03E8B1206852
:1017B00090F85C10C90702D007E02420E9E70F2168
:1017C000616090F85C00C00701D00A2060600020D2
:1017D000C4F8A800C4F8AC00206CA063E06A6062A2
:1017E0002046BDE8104000F003B86068401CEDE7FB
:1017F0002DE9F0410446D0F8A010D4F89850D4F860
:101800009C20081F2B78154E162A02D0142A06D1C8
:1018100000E00BB1276B17B1B1F5006F02D930466C
:10182000BDE8F081162A12D1010C6970D4F8982015
:10183000010A9170D4F89810C87043B1206BD4F8A5
:10184000A020D4F89810D0F8983220469847204627
:10185000BDE8F041012100F003B800000094FFFF53
:1018600070B504460E4654F88C1FD0F8A05090F87E
:101870009C00087054F85C3954F8300C5B1C90F8EC
:101880005C00C0F3400254E90A0100F047F8A06D83
:10189000A16F0160E16F416054F8601F280A087071
:1018A00054F85809457054F8380968B120460AF0D0
:1018B0005BFE002827D1D4F8A050D4F89010280A55
:1018C0000870D4F890004570D4F8A4006D1D284429
:1018D000C4F8A400D4F88C002844C4F88C00204636
:1018E000A16B0BF063FF0820211811F8A72F521CE1
:1018F00012F0FF020A7001D1401EF5D110B1012E85
:1019000002D006E0044870BD2046FFF717F8002813
:10191000F9D1002070BD00008094FFFF187059704D
:101920007047000070B50E46B0F8F810154609056E
:1019300001D4002070BD00F5847413E06068A842F3
:1019400006D12A463146A068DFF709F80028F1D011
:101950006268042A05D105A0A168DFF700F8002815
:10196000E8D0E468002CE9D1024870BD551D25007F
:101970000000000000D8FFFF10B590F8F83048F2E2
:1019800001025B070CD5D0F8043121EA020423EAF6
:1019900002008443034804D111408A43134200D11A
:1019A000002010BD00D8FFFF2DE9F04105460400DE
:1019B00058D000BF04F1BC00FCF74CFE666E08E096
:1019C0003746B66920213846FDF712F83846F9F750
:1019D00001FA002EF4D1D4F8846008E03746B669E5
:1019E00020213846FDF704F83846F9F7F3F9002EC0
:1019F000F4D1D4F8146108E03746F668102138466F
:101A0000FCF7F6FF3846F9F7E5F9002EF4D1D4F8E3
:101A1000F46008E03746F66810213846FCF7E8FF26
:101A20003846F9F7D7F9002EF4D1A06828B16168DB
:101A3000FCF7DEFFA068F9F7CDF9D4F83041002CAF
:101A4000B8D12C464FF49A772646D4F8304139461F
:101A50003046FCF7CDFFAE4202D03046F9F7BAF976
:101A6000002CF1D1BDE8F0814FF49A71DEF749BF47
:101A70002DE9F0474FF0000888B016460D465FEAA2
:101A8000000A4446C14606D02DB176B1A81910F817
:101A9000010C20B109E02B4808B0BDE8F0872AA16D
:101AA0002846DEF739FF00283FD108B032462946E4
:101AB0005046BDE8F04700F063B803A8FCF72DFDE1
:101AC000002006A90090CDE901012B4625A21EA108
:101AD00003A8FCF727FD07000CD017F5A45FDBD0A7
:101AE00017F5845F23D003A8FCF704FD0698361A87
:101AF00005440FE00698DDE90312361A0544504606
:101B000000F03EF8074603A8FCF7F4FC5FB117F5B8
:101B1000225F04D02CB100BF09F1010905E038466D
:101B2000BAE73C46F8E74FF00108012EC5D8B8F1F6
:101B3000000F01D04846AFE70CB12046ACE70148A2
:101B40008030A9E700D8FFFF2D2D2D2D2D424547D0
:101B5000494E2043455254494649434154452D2D51
:101B60002D2D2D002D2D2D2D2D454E44204345523C
:101B700054494649434154452D2D2D2D2D0000003B
:101B80002DE9F04190460F46064604004FF000054F
:101B900000D027B91648BDE8F08125460446A06963
:101BA00080B1D4F830010028F7D14FF49A710120A8
:101BB000F7F7B6FAC4F83001B0B12546FFF754FF85
:101BC000D4F8304142463946204615F0BBF8071E8E
:101BD000E1D015B10020C5F83001B44202D0204652
:101BE000F9F7F8F83846D6E701488038D3E700001F
:101BF00000D8FFFF2DE9FF4F99B0074626A8002225
:101C000090E8620C1C462A6002AB10464FF0FF3988
:101C1000CDF85C2043F8302003EBC008401CC8F826
:101C200004900A28F6D3169244B319B117AA38467D
:101C300015F0B6FA07F1BC008046FCF722FD01461C
:101C4000204615F03CFE18B1179840F4004017905C
:101C50004146204615F00CFE18B1179840F480302C
:101C6000179002A9CDE9001BDDE91A122346384678
:101C700015F0EEF9DFF85880B8B901E0154817E023
:101C800017990398169C084302AF0390DCB100BF7C
:101C900007EBC40050F8041C083800916EB10168CD
:101CA0006B46621E5046B04738B1404500D10A48E5
:101CB000C5F800901DB0BDE8F08F28680099084372
:101CC0002860641EE4D128680028F3D04046F1E77C
:101CD00000D9FFFF00D8FFFF00D0FFFF10B5F6F7D7
:101CE0005BFF002801D0A0F50C5010BDF8B51446DC
:101CF00043F0A00605463346121DF7F7AFF860B96A
:101D000026602868A06028686168302344186A4605
:101D100021462846F7F7A2F810B1A0F51450F8BDF7
:101D2000286800990844A04201D00248F8BD00206C
:101D3000F8BD00009ADAFFFF2DE9F843DFF868806C
:101D400014468946054631236A4649462846F7F730
:101D500085F818B1A0F50E50BDE8F8832868009901
:101D60004618012722463146284615F091FA0028E8
:101D7000F2D12868B04208D0277720210120F7F758
:101D8000CFF9A06168B10446ECE7484501D10020D5
:101D9000E2E720210120F7F7C3F9A06108B104466A
:101DA000D1E74046D8E7000080D7FFFF70B5044672
:101DB000006815460A1A012A01DA0F4870BD027838
:101DC000822A04D0022A02D00B48801E70BD421C19
:101DD0002260007828602A1D2046F6F79EFF10B189
:101DE000A0F50A5070BD2068A860206869680844A2
:101DF0002060002070BD000020DDFFFFF8B5044624
:101E0000006815460A1A012A01DA0A48F8BD067860
:101E10006A462046F6F72CFF10B1A0F51250F8BD27
:101E20002E60009868602168A960216808442060DD
:101E30000020F8BD20DBFFFF70B50C460499154665
:101E4000096809B1094870BD1A462946FCF722FB0A
:101E500010B1A0F5185070BD2068052800D010B949
:101E600060680028F7D0024870BD000000D8FFFF6E
:101E700000DDFFFFF8B5164602680546881A0128FE
:101E800001DA0F48F8BD1078172804D0182804D0BC
:101E90000B48801EF8BD022400E00424521C2A6076
:101EA0006A462846F6F739FF10B1A0F51050F8BD84
:101EB000334622462846009915F07EFCF8BD000006
:101EC000A0DBFFFF10B586B00446684615F05EFB48
:101ED00010B1012006B010BD6946204614F031FE55
:101EE000F8E710B586B00446684615F04FFB10B110
:101EF000012006B010BD2146684614F022FEF8E726
:101F000070B500FB01F4200C01D0002070BDA0B220
:101F100000F050F9050002D02146DEF7F2FC284619
:101F200070BD00002DE9F041002861D0810704D088
:101F300030A340F273223BA10DE0434DA0F1080411
:101F400029688C4203D369680C30884207D929A3D9
:101F500040F27F223DA144A0E7F748F92FE03A483C
:101F600008300CF048F9207900282ED02888201A53
:101F700086B2208808F0F4F90746608808F0F0F986
:101F800021884FF42043002299420DD8618899425C
:101F90000AD8B14202D00088B04205D168688742B1
:101FA00018D07888B04215D012A340F2952238A1FB
:101FB0002DA0E7F71BF9244808300CF02DF90CF0A0
:101FC00091F8BDE8F0410CF0B5B80AA34FF42372C4
:101FD0003CA1EDE72271E868844200D2EC60204623
:101FE00007F0F8F9BDE8F041174808300CF014B9D3
:101FF000BDE8F0812E2E2F4D6964646C65776172A7
:1020000065732F54686972645F50617274792F4CE4
:102010007749502F7372632F636F72652F6D656DF3
:102020002E6300006D656D5F667265653A207361B1
:102030006E69747920636865636B20616C69676E93
:102040006D656E7400000000800000206D656D5F9E
:10205000667265653A20696C6C6567616C206D65B8
:102060006D6F727900000000417373657274696F5F
:102070006E2022257322206661696C65642061747C
:10208000206C696E6520256420696E2025730A0026
:102090006D656D5F667265653A20696C6C65676138
:1020A0006C206D656D6F72793A206E6F6E2D6C6964
:1020B0006E6B65643A20646F75626C65206672654C
:1020C000650000006D656D5F667265653A20696C3C
:1020D0006C6567616C206D656D6F72793A20646F15
:1020E00075626C65206672656500000070B5124807
:1020F000124C20F003014FF4204521600D80002098
:1021000048800871284608F02BF9012160600171B0
:10211000058045802068E06004F108000CF070F84C
:10212000002808D0BDE8704005A340F21F2210A18E
:1021300016A0E7F75BB870BD933C0020800000203C
:102140002E2E2F4D6964646C6577617265732F5410
:10215000686972645F50617274792F4C7749502FAF
:102160007372632F636F72652F6D656D2E63000050
:102170006661696C656420746F2063726561746563
:10218000206D656D5F6D75746578000041737365D2
:102190007274696F6E2022257322206661696C65F6
:1021A00064206174206C696E6520256420696E204E
:1021B00025730A002DE9F04700280ED0C41C4FF605
:1021C000FC710C404FF420490C2C01D20C2401E08E
:1021D0004C4501D8844202D20020BDE8F087444833
:1021E0000CF009F84248C4F5204708388246818936
:1021F0000288891A8EB274E0304608F0B1F80546BC
:10220000007900286AD12888801B0838A04265D34D
:10221000288804F11401801B08384FF00108884217
:102220001DD33019083087B24F4506D131A340F293
:1022300087323CA140A0E6F7D9FF384608F090F875
:10224000002101712988018046802F8085F8048053
:102250000088484505D008F083F8478001E085F8FC
:102260000480DAF80C005646854203D014E000885A
:1022700008F076F8017911B171688842F7D1F06001
:102280007168884208D0007930B11AA340F2B532A3
:1022900033A129A0E6F7AAFF15480BF0BDFF2819C6
:1022A00071680830884206D912A340F2B93233A1CE
:1022B00021A0E6F79BFFA8070DD00EA340F2BB328A
:1022C0003AA11DA0E6F792FF0AA340F2BD3243A156
:1022D00019A0E6F78BFF05F108007EE7DAF80000A9
:1022E000865BB74288D802480BF096FF74E700007F
:1022F000880000202E2E2F4D6964646C6577617212
:1023000065732F54686972645F50617274792F4CE1
:102310007749502F7372632F636F72652F6D656DF0
:102320002E630000696E76616C6964206E65787456
:102330002070747200000000417373657274696FDD
:102340006E2022257322206661696C6564206174A9
:10235000206C696E6520256420696E2025730A0053
:102360006D656D5F6D616C6C6F633A20216C667298
:1023700065652D3E75736564000000006D656D5FD9
:102380006D616C6C6F633A20616C6C6F6361746536
:1023900064206D656D6F7279206E6F742061626F5D
:1023A00076652072616D5F656E642E006D656D5F90
:1023B0006D616C6C6F633A20616C6C6F6361746506
:1023C00064206D656D6F72792070726F7065726CCC
:1023D0007920616C69676E65642E00006D656D5FC4
:1023E0006D616C6C6F633A2073616E697479206300
:1023F0006865636B20616C69676E6D656E74000063
:1024000002490988401A80B270470000800000200D
:102410002DE9F05F0646CC1C4FF6FC7004404FF4EB
:10242000204A0C2C01D20C2401E054452FD88C42B8
:102430002DD3464F3868864202D37868864206D349
:1024400043A340F2D1224EA153A0E6F7CFFE386855
:10245000864202D379688E4204D30BF043FE0BF020
:1024600069FE19E0A6F10805BB46281A87B228883C
:10247000C01B08381FFA80F94C4506D934A34FF425
:1024800039724FA144A0E6F7B1FE4C4503D94FF095
:102490000000BDE8F09F01D13046FAE72B4800F17B
:1024A00008000BF0A8FE288807F05AFF8046007944
:1024B00000282AD004F11400484521D838190830E2
:1024C00084B22888504506D121A340F2163244A197
:1024D00031A0E6F78BFE204607F042FFDBF80C2028
:1024E000904201D2CBF80C000021017129880180B3
:1024F00047802C800088504502D007F031FF44808F
:10250000124808300BF088FEC6E72888504506D1EF
:102510000FA340F2F52232A11FA0E6F767FE38199B
:102520000830DBF80C10B8F8009084B2414504D1B3
:10253000204607F015FFCBF80C00204607F010FFEF
:1025400000210171A0F80090D2E700008000002077
:102550002E2E2F4D6964646C6577617265732F54FC
:10256000686972645F50617274792F4C7749502F9B
:102570007372632F636F72652F6D656D2E6300003C
:102580006D656D5F7472696D3A206C6567616C2072
:102590006D656D6F72790000417373657274696F58
:1025A0006E2022257322206661696C656420617447
:1025B000206C696E6520256420696E2025730A00F1
:1025C0006D656D5F7472696D2063616E206F6E6CF6
:1025D0007920736872696E6B206D656D6F7279001A
:1025E000696E76616C6964206E65787420707472AF
:1025F000000000000F2806D307A34FF4D57212A1E4
:1026000018A0E6F7F3BD002904D0204A52F82000B4
:10261000EDF73EBE704700002E2E2F4D6964646CAE
:102620006577617265732F54686972645F50617277
:1026300074792F4C7749502F7372632F636F7265D3
:102640002F6D656D702E63006D656D705F667265D0
:10265000653A2074797065203C204D454D505F4DA2
:1026600041580000417373657274696F6E202225B2
:102670007322206661696C6564206174206C696EE8
:102680006520256420696E2025730A00D88E050810
:1026900018B1002908D0EDF7FBBD04A340F2951254
:1026A0000EA113A0E6F7A2BD704700002E2E2F4DFD
:1026B0006964646C6577617265732F5468697264CC
:1026C0005F50617274792F4C7749502F7372632F6A
:1026D000636F72652F6D656D702E6300696E766134
:1026E0006C696420706F6F6C206465736300000018
:1026F000417373657274696F6E20222573222066A0
:1027000061696C6564206174206C696E6520256464
:1027100020696E2025730A0030B5064D002400BFE5
:1027200055F8240000F008F8641CA4B20F2CF7D36D
:1027300030BD0000D88E0508826800211160416814
:10274000C91C21F00301002207E08368521C1B68AA
:102750000B60836819600388194443889342F4DC52
:102760007047000010B50F2808D308A340F2571295
:1027700012A11AA0E6F73AFD002010BD214951F838
:102780002000BDE81040EDF7D7BD00002E2E2F4DE4
:102790006964646C6577617265732F5468697264EB
:1027A0005F50617274792F4C7749502F7372632F89
:1027B000636F72652F6D656D702E63006D656D7052
:1027C0005F6D616C6C6F633A2074797065203C209A
:1027D0004D454D505F4D41580000000041737365F9
:1027E0007274696F6E2022257322206661696C65A0
:1027F00064206174206C696E6520256420696E20F8
:1028000025730A00D88E050810B518B1BDE8104030
:10281000EDF792BD04A34FF49E720FA113A0E6F74B
:10282000E5FC002010BD00002E2E2F4D6964646C65
:102830006577617265732F54686972645F50617265
:1028400074792F4C7749502F7372632F636F7265C1
:102850002F6D656D702E6300696E76616C69642002
:10286000706F6F6C20646573630000004173736563
:102870007274696F6E2022257322206661696C650F
:1028800064206174206C696E6520256420696E2067
:1028900025730A002DE9F04F87B01E46DDF8408011
:1028A00015460F4604001BD0D7B1CDB15FEA080032
:1028B00016D0AEB1204606F05DFE88B160784FF0CC
:1028C00004094FF0050A4FF0000B58B1012809D058
:1028D000022824D0032822D0022007B0BDE8F08FC0
:1028E0000120FAE7002804AB4FF0010201A93846A5
:1028F00003D000F016FA18BB02E000F0FFF9FAE787
:1029000020789DF80410884224D19DF8100008B169
:10291000312000E030208DF80800012431E02179D9
:10292000384604AB19B1012901D00320D5E76178FD
:102930004FF001020229694604D000F016FA20B1D6
:102940004846CAE700F000FAF9E720789DF8001041
:10295000884201D05046C0E7BDF81030227902A865
:1029600007213AB11BB20DA2E6F750FC002803DAAA
:102970000720B2E70AA2F7E7072801D30620ACE751
:1029800084B222469642F9D902A92846DDF792FF81
:1029900005F804B0A8F8004000209EE72564000078
:1029A0002575000070B50C46050009D044B106F04D
:1029B000E1FD28B121462846BDE87040EFF73FBD54
:1029C000012070BD2DE9FE4F0C46050008D03CB13A
:1029D000206828B195F8641021B10320BDE8FE8F6E
:1029E0000220FBE70026C5E90006AE60EE652E6614
:1029F000206801210078C0B161684FF0030881B3FD
:102A0000A16871B3E16861B3616951B3A16941B370
:102A1000E16931B32169382924D2102822D800274E
:102A20004FF00C094FF0004A11E085F864100120C6
:102A3000D4E700BF07EB870101EB471209EB8201E6
:102A40004058F1F7C8FC50450CD27F1CFFB22068FB
:102A50000178B942EED860686860A068A86000207C
:102A600008E0FFE785F86480BAE7291881F84C0090
:102A7000401CC0B2216809788142F6D8D4E904012B
:102A8000E2698DE807002B460848A269E16815F065
:102A9000E0FE286620B1022085F8640000209DE752
:102AA00085F864806E600420AE6097E799CA0208DA
:102AB00070B594B0EAF7B6F905007DD000F0DCF807
:102AC000297FA86900F062F90021474800F010F959
:102AD000002871D14449454800F021FB444B0026B1
:102AE00003F1A8020C210120009615F028F93E4CB4
:102AF0003F4B0C216060543303F1600201200096CB
:102B000015F01DF93A4BA060C03303F1A8020C2167
:102B10000120009615F013F9E060364B0C2103F10B
:102B200060020120009615F00AF920616268002A0F
:102B300056D0A368002B53D0E168002950D000285C
:102B40004ED00021294800F0E1FAD4E90323012105
:102B5000264800F0DBFA28494FF48070CDE90001E7
:102B6000264B172226A1214800F0E4FA41F668001E
:102B700028440B90E0680C9020690D9024A00E90E2
:102B800015200F90264810904FF4C07011901A48ED
:102B90000BA960301290A0F68810FFF713FF08B160
:102BA00001281DD160680290A0680390288CADF8C0
:102BB0001000E88B059000E012E01AA006901620A5
:102BC00007901B4808904FF400700990084802A92C
:102BD00060380A90A0F5186000F07AFB002801D058
:102BE000DEF762FB14B070BDFC000020E4D70120CA
:102BF0004CE2012060E301202CE10120E86000109C
:102C00006D6F646275735F736368656400000000D4
:102C10006D6F646275735F636F6C6C6563740000E5
:102C2000E86400106D6F646275735F746370000018
:102C3000E86A001070B50E4D0024611E286815F07A
:102C4000A1FC0021281D425C3AB10022425401EB54
:102C5000C110084901EB400402E0491C0629F2D3E7
:102C600000231A461946286815F0E0F8204670BD82
:102C70000CC10120CCE3012070B50A49012015F0F8
:102C80002CF80949084C012308600020074A014636
:102C9000241D00EBC0152354401C22F815100628F3
:102CA000F7D370BDD8E901200CC10120CCE301208D
:102CB00070B50D4D04464FF0FF31286815F062FCE9
:102CC0000A484FF48171201A90FBF1F00021218015
:102CD0002A1D012111542868BDE8704000231A46BE
:102CE000194615F0A3B800000CC10120CCE3012067
:102CF00010B1016000207047012070471CB5CDE97C
:102D000000230B464FF4FA620121EAF7CDFF1CBD08
:102D10001CB5CDE900234FF4FA630122EFF766FBFF
:102D20001CBD1CB5CDE900230B464FF4FA6202210D
:102D3000EAF7BAFF1CBD1CB5CDE900234FF4FA63D6
:102D40000222EFF753FB1CBD1CB5CDE900230B4657
:102D50007D220321EBF720F91CBD1CB5CDE9002332
:102D60007D230322EFF742FB1CBD1CB5CDE90023F8
:102D70000B467D220421EBF70FF91CBD1CB5CDE9F4
:102D800000237D230422EFF731FB1CBDF8B50D466F
:102D9000064603270022364B11460120009714F007
:102DA000CEFF344C324B0022A06054331146012038
:102DB000009714F0C4FFE0602D4B0022A8331146A9
:102DC0000120009714F0BBFF2061002240212A4817
:102DD000DFF7E0FA294A0C2056605061002090612C
:102DE000D06145B14FF48051012D07D0022D0FD095
:102DF000032D38D111E09060D06003E0C2E90210E9
:102E00004FF4806010611D48E1F7DCFF58BB09E01A
:102E1000C2E902104FF4C060F4E74FF40051C2E978
:102E20000201EFE7A6612570154A01211348E2F778
:102E300093F808B1DEF738FA124A03210F48E2F797
:102E40008BF808B1DEF730FA0F4A04210B48E2F79D
:102E500083F808B1DEF728FA0C4A0E210C48E1F796
:102E600014FD002803D0BDE8F840DEF71DBAF8BD18
:102E70000C4B012018C1012000180240D402002090
:102E8000D5AC040821AC0408B1AB04085DAB040860
:102E9000200200202DE9F0473C4CDDE908678A4616
:102EA0001D4691460021A06815F06CFB0021E068EA
:102EB00015F068FB0021206915F064FB65610120B5
:102EC0006070DFF8CC80024640214046DFF762FAAE
:102ED000322012F019F80521A06815F053FB0025E7
:102EE000012807D012F032F8002240214046DFF7D7
:102EF00051FA40E0022060704A4651462548E2F708
:102F000069F830B16570002240214046DFF742FA8F
:102F10003AE0484607F0F6FD0146A06815F032FB9E
:102F2000012806D01B48E1F7D9FD1A48E1F78BFDCF
:102F3000D8E7A0780028E5D04FF47A704643B6FB76
:102F4000F0F1206915F01EFB012808D01148E1F7C7
:102F50007AFD11F0FBFF65700220BDE8F08740F6B6
:102F6000B831E06815F00EFB012806D00948E1F7FA
:102F70006AFD11F0EBFF657006E06570E07818B14E
:102F8000A08838800020E8E70120E6E718C101208A
:102F900000180240D4020020FEB51C460D4628B39E
:102FA00025B31CB312B30021ADF8081002A9CDE976
:102FB00000212A880068A31CA91CFFF76BFF0128C9
:102FC00016D0022816D0BDF808002080EF78E678E9
:102FD00004281DD3052E22D00EDC012E1AD0022E7D
:102FE00018D0032E16D0042E0CD113E00220FEBD03
:102FF0000320FEBD0420FEBD062E10D00F2E0ED0E5
:10300000102E0CD0310616D5802E14D0052808D0ED
:103010000520FEBD2179491D8842F9D101E008282B
:10302000F6D12046F0F748FF38B1A078A978884259
:1030300005D00720FEBD0920FEBD0620FEBDBE4214
:1030400005D047F08000B04201D00820FEBD47F017
:103050008000B04205D12079F2F797FA30B3012011
:10306000FEBD052F28D008DC012F0DD0022F0BD07C
:10307000032F16D0042F47D113E0062F1CD00F2F9B
:1030800027D0102F40D131E0E888227941BAC81DFD
:10309000C0F3C700824235D1601D04F0ECFF28B1B7
:1030A00032E0E888217940BACA0701D00B20FEBD82
:1030B000B0EB510F26D127E0E988E3884ABAA88807
:1030C000A1885BBA40BA49BA9A421BD1884219D149
:1030D0001AE0A888A28841BAE888E38852BA40BAC0
:1030E0005BBA91420ED198420CD10DE0A888A2881B
:1030F000E988E38840BA52BA49BA5BBA904201D132
:10310000994201D00A20FEBD0020FEBD21B1012957
:1031100001D1C0E903237047C0E901237047016072
:10312000002141608160C16001614161C16101763E
:10313000704700002DE9FE4F0446DDE90C981D465E
:1031400016468A46406812F03FFF0746E06812F0D4
:103150003BFF384414F0CEFD6061011E09D0606869
:1031600014F062FD0027012805D0606913F05AF8B9
:103170006761BDE8FE8F6169E06814F055FD0128C4
:1031800002D06169606812E0CDE9006523464A46D5
:1031900051460848CDF8088015F05BFBE061002837
:1031A000E7D16169606815F0D3F96169E06815F0ED
:1031B000CFF9DAE7815105082DE9F04104004FF01D
:1031C000010039D022880220111FFD2934D2E17874
:1031D000052910D008DC01290DD002290BD00329C4
:1031E00009D0042927D106E0062904D00F2904D0EC
:1031F000102920D101E0082103E0092A1CD3217AFB
:1032000009318A4218D100252046F0F755FEA8B1B1
:10321000A07808F0DDF998B1E0780A26052832D0C8
:1032200010DC4FF4FA61012826D0022824D00328AC
:1032300027D0042825D00520BDE8F0810420FBE735
:103240000320F9E7062825D04FF009080F2823D0DE
:103250001028F0D1E188A0884EBA40BA7B223146CE
:1032600013F0B1FA0028E7D1FF20217A00EA4600E6
:10327000814228D04046DFE72046BDE8F04113F008
:10328000B0BA7D21F8E7E08840BAE0B1B0F57F4FF1
:1032900019D01AE00020CFE7E188A0884FBA40BAE1
:1032A0004FF4F662394613F08EFA0028C4D1F81DA7
:1032B000217AC0F3C7008142DCD1394604F109000C
:1032C00004F0D9FE08B12846B6E73046B4E700005E
:1032D000FEB50C4605001CD0DCB1287808B10220F0
:1032E000FEBD2068A8B1606898B1208988B1E06807
:1032F00032280ED34EF6602188420AD8206940B1A8
:10330000A06930B1E06920B1206A10B16069382845
:1033100001D30120FEBD4FF40C612846DDF7F1FA20
:1033200020896880E06868602068A860002660687E
:10333000711E6E61E961E8604FEA060000EB8002F1
:1033400002EB801205EBC202401CC0B211620428DD
:10335000F4D3D4E90501226A8DE807002B4608481A
:10336000E269216915F075FA286118B10120287009
:103370000020FEBDAE600220EE6028700320FEBD7E
:10338000B53B050870B5002910D000EB8105044657
:103390002D1F09E0206800F0F1FD0646286800F0C6
:1033A000EDFD01C445F80469AC42F3D970BD2DE9C7
:1033B000FF4F83B08046DDF840908B465068D9F8C7
:1033C0000410401C1646814210D3D9F8080068B199
:1033D0008900DDF796FA7568DBF80400D9F8084033
:1033E000A84200D328460027019023E06FF0030095
:1033F00007B0BDE8F08FD8F80800DBF808102268A5
:1034000050F827A00B680AFB0320069A5346504346
:1034100000902246019800F039F8B168224628460B
:10342000009B00F033F844F804AB002004EB850166
:103430007F1C4860AF42DED3AA002146121DD8F897
:103440000800DDF737FA31464046F9F761FE0028FB
:1034500003DBD8F80820B16803E0D9F80820D8F8D1
:103460000810284600F064FD0020C1E710B586B0C2
:1034700001240093049401940294134604AC0A4678
:10348000039401A9FFF793FF06B010BD2DE9F04F9B
:1034900000251C0C5FE380C99EB21FFA87F93F0C20
:1034A00007FB06F809FB04FC674307EB1C4709FB15
:1034B00006F907EB184B4FEA0C4C4FEA084A19EB98
:1034C0000C0802D34FF0010C01E04FF0000C0CEBA4
:1034D0000B0918EB0A0802D34FF0010C01E04FF082
:1034E000000CCC4418EB050701D3012500E00025B2
:1034F000AC441568EF1901D3012500E0002580C216
:1035000005EB0C0920C9AFB22D0C07FB04FC07FB2F
:1035100006FA05FB06F7654305EB1C4505EB174B63
:103520004FEA0C4C3D041AEB0C0802D34FF0010C8F
:1035300001E04FF0000CDC4418EB050701D3012536
:1035400000E00025AC4417EB090501D3012700E09A
:103550000027BC4417687D1901D3012700E000272C
:1035600020C220C907EB0C0B4FEA1549AFB209FB8B
:1035700006F807FB04F507FB06FA09FB04F909EB5B
:10358000154707EB184C2F044FEA08481AEB0705BC
:1035900001D3012700E00027674415EB080502D39B
:1035A0004FF0010C01E04FF0000C674415EB0B05E8
:1035B00002D34FF0010C01E04FF0000CBC4417683F
:1035C0007D1901D3012700E0002720C220C907EBA5
:1035D0000C0A1FFA85F94FEA154809FB04F708FBA6
:1035E00006FC08FB04F808EB174509FB06F905EB98
:1035F0001C4B3F044FEA0C4819EB070502D34FF070
:10360000010C01E04FF0000C0CEB0B0715EB08056B
:1036100002D34FF0010C01E04FF0000C674415EBB2
:103620000A0502D34FF0010C01E04FF0000CBC443E
:1036300017687D1901D3012700E0002720C220C9A7
:1036400007EB0C09AFB22D0C07FB04FC07FB06FBD4
:1036500005FB06F7654305EB1C4505EB174A4FEAEA
:103660000C4C3D041BEB0C0802D34FF0010C01E0A5
:103670004FF0000CD44418EB050701D3012500E0FE
:103680000025AC4417EB090501D3012700E0002712
:10369000BC4417687D1901D3012700E0002720C230
:1036A00020C907EB0C091FFA85F82F0C08FB04FA58
:1036B00007FB06F5674307EB1A4707EB154B4FEA85
:1036C0000A4708FB06F84FEA054A18EB070502D33C
:1036D0004FF0010C01E04FF0000C0CEB0B0715EB69
:1036E0000A0502D34FF0010C01E04FF0000C6744D3
:1036F00015EB090502D34FF0010C01E04FF0000C6F
:10370000BC4417687D1901D3012700E0002720C2BF
:1037100020C907EB0C08AFB24FEA154A0AFB06F5C1
:1037200007FB04FB07FB06FE0AFB04FA0AEB1B4738
:1037300007EB15494FEA0B474FEA054A1EEB070C0A
:1037400001D3012500E000254D441CEB0A0C01D3F8
:10375000012700E000272F441CEB080502D34FF09F
:10376000010C01E04FF0000CBC4417687D1901D337
:10377000012700E0002720C207EB0C0A80C9BDB278
:103780004FEA174C05FB04F905FB06FE0CFB06F59A
:103790000CFB04FC0CEB194707EB154B4FEA0947F0
:1037A0004FEA05481EEB070502D34FF0010C01E07C
:1037B0004FF0000C0CEB0B0715EB080502D34FF094
:1037C000010C01E04FF0000C674415EB0A0502D331
:1037D0004FF0010C01E04FF0000CBC4417687D195C
:1037E00001D3012700E0002720C220C907EB0C0904
:1037F0001FFA85F82D0C08FB04FA05FB06FC65434F
:1038000005EB1A4505EB1C4B4FEA0A4508FB06F889
:103810004FEA0C4A18EB050702D34FF0010C01E008
:103820004FF0000CDC4417EB0A0501D3012700E040
:103830000027674415EB090502D34FF0010C01E0A6
:103840004FF0000CBC4417687D1901D3012700E03C
:10385000002720C207EB0C0A80C9BDB24FEA174C03
:1038600005FB04F90CFB06F805FB06FE0CFB04FC4B
:103870000CEB194505EB184B4FEA09474FEA08488E
:103880001EEB070502D34FF0010C01E04FF0000CD6
:103890000CEB0B0715EB080502D34FF0010C01E010
:1038A0004FF0000C674415EB0A0502D34FF0010CF2
:1038B00001E04FF0000CBC4417687D1901D30127CB
:1038C00000E0002720C207EB0C0A80C9BDB24FEA16
:1038D000174C05FB04F905FB06FE0CFB06F50CFB7B
:1038E00004FC0CEB194707EB154B4FEA09474FEA6D
:1038F00005481EEB070502D34FF0010C01E04FF025
:10390000000C0CEB0B0715EB080502D34FF0010C74
:1039100001E04FF0000C674415EB0A0502D34FF0AD
:10392000010C01E04FF0000CBC4417687D1901D375
:10393000012700E0002720C220C907EB0C0A1FFA6C
:1039400085F94FEA154809FB04F708FB06FC08FB5C
:1039500004F808EB174509FB06F905EB1C4B3F047F
:103960004FEA0C4819EB070502D34FF0010C01E0B8
:103970004FF0000C0CEB0B0715EB080502D34FF0D2
:10398000010C01E04FF0000C674415EB0A0502D36F
:103990004FF0010C01E04FF0000CBC4417687D199A
:1039A00001D3012700E0002720C207EB0C0A80C9E1
:1039B000BDB24FEA174C05FB04F905FB06FE0CFBF4
:1039C00006F50CFB04FC0CEB194707EB154B4FEA13
:1039D00009474FEA05481EEB070502D34FF0010CDB
:1039E00001E04FF0000C0CEB0B0715EB080502D3C0
:1039F0004FF0010C01E04FF0000C674415EB0A0595
:103A000002D34FF0010C01E04FF0000CBC441768EA
:103A10007D1901D3012700E0002720C220C907EB50
:103A20000C09AFB22D0C07FB04FC07FB06FB05FBE2
:103A300006F7654305EB1C4505EB174A4FEA0C4CAE
:103A40003D041BEB0C0802D34FF0010C01E04FF0DA
:103A5000000CD44418EB050701D3012500E0002534
:103A6000AC4417EB090501D3012700E00027BC4453
:103A700017687D1901D3012700E0002720C220C963
:103A800007EB0C0A1FFA85F94FEA154809FB04F702
:103A900008FB06FC08FB04F808EB174509FB06F9D0
:103AA00005EB1C4B3F044FEA0C4819EB070502D30A
:103AB0004FF0010C01E04FF0000C0CEB0B0715EB85
:103AC000080502D34FF0010C01E04FF0000C6744F1
:103AD00015EB0A0502D34FF0010C01E04FF0000C8A
:103AE000BC4417687D1901D3012700E0002720C2DC
:103AF00020C907EB0C081FFA85F92D0C09FB06FA03
:103B00006E4309FB04FC654305EB1C4505EB1649B8
:103B10004FEA0C4536041AEB050702D34FF0010CAF
:103B200001E04FF0000CCC44BD1901D3012600E0A8
:103B30000026664415EB080501D3012700E00027A5
:103B400007EB060C17687E1901D3012500E000255C
:103B500040C2654410381028BFF49DACA5E180C96F
:103B60009EB21FFA87F83F0C08FB04FC07FB06FB1C
:103B7000674307EB1C4708FB06F807EB1B494FEAB6
:103B80000C4A4FEA0B4B18EB0A0C01D3012700E05B
:103B900000274F441CEB0B0802D34FF0010C01E04F
:103BA0004FF0000CBC4418EB050701D3012500E0E1
:103BB0000025AC441568EF1901D3012500E000256C
:103BC00080C280C905EB0C0ABDB23F0C07FB06F8AA
:103BD00005FB04FC05FB06FB674307EB1C4505EBF7
:103BE00018494FEA0C4C4FEA08481BEB0C0501D36F
:103BF000012700E000274F4415EB080502D34FF0E2
:103C0000010C01E04FF0000C674415EB0A0502D3EC
:103C10004FF0010C01E04FF0000CBC4417687D1917
:103C200001D3012700E0002720C207EB0C0A80C95E
:103C3000BDB23F0C07FB06F805FB04FC05FB06FEC6
:103C4000674307EB1C4505EB18494FEA0C454FEA63
:103C5000084B1EEB050701D3012500E0002505EB0D
:103C6000090C17EB0B0501D3012700E0002767447F
:103C700015EB0A0502D34FF0010C01E04FF0000CE8
:103C8000BC4417687D1901D3012700E0002720C23A
:103C900007EB0C0980C9BDB23F0C05FB04FC05FB1A
:103CA00006FB07FB06F5674307EB1C4707EB154AC6
:103CB0004FEA0C474FEA05481BEB070502D34FF0CC
:103CC000010C01E04FF0000C0CEB0A0715EB0805A6
:103CD00002D34FF0010C01E04FF0000C674415EBEC
:103CE000090502D34FF0010C01E04FF0000CBC4479
:103CF00017687D1901D3012700E0002720C220C9E1
:103D000007EB0C094FEA1548AFB208FB06FC07FBAE
:103D100004F507FB06FB08FB04F808EB154707EB67
:103D20001C4A2F044FEA0C481BEB070502D34FF047
:103D3000010C01E04FF0000C0CEB0A0715EB080535
:103D400002D34FF0010C01E04FF0000C674415EB7B
:103D5000090502D34FF0010C01E04FF0000CBC4408
:103D600017687D1901D3012700E0002720C207EB67
:103D70000C0B80C9BDB24FEA174C05FB04F90CFBD4
:103D800006F805FB06FE0CFB04FC0CEB194505EBE5
:103D900018474FEA094A4FEA08481EEB0A0502D3C2
:103DA0004FF0010C01E04FF0000C674415EB0805E3
:103DB00002D34FF0010C01E04FF0000C674415EB0B
:103DC0000B0502D34FF0010C01E04FF0000CBC4496
:103DD00017687D1901D3012700E0002720C220C900
:103DE00007EB0C091FFA85F82D0C08FB04FA05FBFC
:103DF00006FC654305EB1A4505EB1C4B4FEA0A45EB
:103E000008FB06F84FEA0C4A18EB050702D34FF0FF
:103E1000010C01E04FF0000CDC4417EB0A0501D364
:103E2000012700E00027674415EB090502D34FF096
:103E3000010C01E04FF0000CBC4417687D1901D360
:103E4000012700E0002720C2BC4480C91FFA87F880
:103E50003F0C08FB06FA7E4308FB04F5674307EBBB
:103E6000154707EB16492D0436041AEB050702D354
:103E70004FF0010801E04FF00008C844BD1901D31C
:103E8000012600E00026464415EB0C0501D301276E
:103E900000E0002707EB060C17687E1901D3012507
:103EA00000E0002540C2654408380828BFF457AE3A
:103EB00098B340C91FFA83F8B7B24FEA164C07FB14
:103EC00004F607FB08F70CFB08F80CFB04FC0CEBF2
:103ED000164C0CEB184936044FEA084CBF1902D3B4
:103EE0004FF0010801E04FF00008C84417EB0C0642
:103EF00001D3012700E000274744761901D30125AB
:103F000000E000253D441768BE1901D3012700E0F9
:103F1000002740C23D44401ECAE7FFE7106828441E
:103F20001060A84202D20125121DF7E7BDE8F08F0C
:103F3000F0B500231C4612E015689D4201D201260F
:103F400000E00026ED1A15600F68BD4201D2012382
:103F500000E00023ED1B20C2091D3344641C844291
:103F6000EAD308E01068984201D2012100E0002164
:103F7000C01A01C20B46002BF4D1F0BD024610B5A9
:103F800000200146C1F10304D3B2E400A340491C60
:103F90001843C9B2120A0429F4D310BD2DE9F04127
:103FA0004FF000040E460700254606D110A340F24C
:103FB0003F121DA125A0E5F719F9386804E0C18971
:103FC0000446294400680DB20028F8D11E2D06DDF4
:103FD00007A340F2471227A11CA0E5F707F9C5F196
:103FE0001E00F08114B12660BDE8F0813E60FBE761
:103FF0002E2E2F4D6964646C6577617265732F5442
:10400000686972645F50617274792F4C7749502FE0
:104010007372632F617070732F6D7174742F6D7173
:1040200074742E63000000006D7174745F617070B1
:10403000656E645F726571756573743A2074616949
:104040006C20213D204E554C4C000000417373659F
:104050007274696F6E2022257322206661696C6517
:1040600064206174206C696E6520256420696E206F
:1040700025730A006D7174745F617070656E645FA2
:10408000726571756573743A2074696D655F6265F8
:10409000666F7265203C3D204D5154545F5245512E
:1040A0005F54494D454F55540000000010B50400C1
:1040B00007D1094B40F2A71208A103F16000E5F710
:1040C00095F8216803E0086800D0096001460029DE
:1040D000F9D10846206010BDB45B04086D7174749A
:1040E0005F636C6561725F72657175657374733A55
:1040F000207461696C20213D204E554C4C0000001D
:104100002DE9FF4F4FF0000785B09A46139C05003C
:104110004FF00A06B846B946BB46049706D1A1A39C
:1041200040F20F52ADA1B6A0E5F760F8069800285E
:1041300006D19CA34FF4A262BBA1B1A0E5F756F84B
:10414000002C06D197A340F21152C1A1ACA0E5F713
:104150004DF82068002806D192A340F21252C7A160
:10416000A7A0E5F743F8A87A20B16FF0090009B0DD
:10417000BDE8F08F4FF40F612846DCF7C2FB1298C0
:10418000C5E9040AA0896880042105F11C0000F03B
:10419000F9FD20694FF4803A002834D06169002984
:1041A00031D0227E042102F0030241EAC207617E7F
:1041B00009B147F02007DCF7C1FBFF2804D979A338
:1041C0004FF4A562BAA16AE058B100F0FF08606937
:1041D000DCF7B4FBFF2809D972A340F22C52C4A12A
:1041E0005DE070A340F22952D0A158E000F0FF0931
:1041F00008F10A0000EB0906361D564503D369A3F2
:1042000040F22F5218E0606800281DD047F0800768
:10421000DCF794FB504504D362A340F23552D3A19E
:104220003DE058B182B216FA80F0801C04925045ED
:1042300009D35CA340F23952DCA130E059A340F22B
:104240003652E6492BE086B2A06800281CD047F021
:104250004007DCF773FB504504D352A340F23F52B2
:10426000DFA11CE050B11FFA80FB16FA80F0801C21
:10427000504508D34BA340F24352DDE749A34FF426
:10428000A862E7490BE086B247F002072068DCF736
:1042900055FB504509D343A340F24B52E1A158A02E
:1042A000E4F7A4FF6FF0050061E782B216FA80F030
:1042B000801C0392504503D33AA340F24E52BBE711
:1042C00080B28246014605F1EC00029000F06CFFDE
:1042D0004FF0FF36A8B1E06918B10021E7F70DFEF5
:1042E00002E00020E7F760F9E86050B12946E5F701
:1042F000E4FB0022DA49E868E5F7E3FB06000AD1AF
:1043000001E0304633E7DDE90612D64BE868E5F711
:10431000EAFB060005D0E868E5F7B6FB0020E86098
:10432000EFE7D149E868E5F74DFC00210120A872CC
:10433000CDE9001A0B460A460146029800F0ECFE51
:104340000422CAA1029800F009FF0421029800F09B
:1043500029FF3946029800F025FFA189029800F054
:1043600015FFDDE90202216800F0F8FE780709D5A3
:1043700042462169029800F0F1FE4A4661690298BE
:1043800000F0ECFE380604D56168049A029800F04B
:10439000E5FE780604D55A46A168029800F0DEFED4
:1043A0000020E4E62E2E2F4D6964646C65776172FF
:1043B00065732F54686972645F50617274792F4C11
:1043C0007749502F7372632F617070732F6D717402
:1043D000742F6D7174742E63000000006D7174741D
:1043E0005F636C69656E745F636F6E6E6563743A6C
:1043F00020636C69656E7420213D204E554C4C0045
:10440000417373657274696F6E2022257322206672
:1044100061696C6564206174206C696E6520256437
:1044200020696E2025730A006D7174745F636C6976
:10443000656E745F636F6E6E6563743A2069705F5A
:104440006164647220213D204E554C4C00000000F8
:104450006D7174745F636C69656E745F636F6E6EAB
:104460006563743A20636C69656E745F696E666F2C
:1044700020213D204E554C4C000000006D7174749D
:104480005F636C69656E745F636F6E6E6563743ACB
:1044900020636C69656E745F696E666F2D3E636C38
:1044A00069656E745F696420213D204E554C4C0057
:1044B0006D7174745F636C69656E745F636F6E6E4B
:1044C0006563743A20636C69656E745F696E666FCC
:1044D0002D3E77696C6C5F746F706963206C656EDC
:1044E000677468206F766572666C6F7700000000F5
:1044F0006D7174745F636C69656E745F636F6E6E0B
:104500006563743A20636C69656E745F696E666F8B
:104510002D3E77696C6C5F6D7367206C656E677498
:1045200068206F766572666C6F7700006D717474C9
:104530005F636C69656E745F636F6E6E6563743A1A
:1045400020636C69656E745F696E666F2D3E776976
:104550006C6C5F746F706963206C656E6774682043
:104560006D757374206265203E2030006D71747427
:104570005F636C69656E745F636F6E6E6563743ADA
:1045800020636C69656E745F696E666F2D3E636C47
:1045900069656E745F75736572206C656E677468AB
:1045A000206F766572666C6F770000006D717474B1
:1045B0005F636C69656E745F636F6E6E6563743A9A
:1045C0002072656D61696E696E675F6C656E677498
:1045D00068206F766572666C6F77000000CC050806
:1045E0006D7174745F636C69656E745F636F6E6E1A
:1045F0006563743A20636C69656E745F696E666F9B
:104600002D3E636C69656E745F70617373206C65B9
:104610006E677468206F766572666C6F7700000055
:1046200044CC05086D7174745F636C69656E745F6A
:10463000636F6E6E6563743A20636C69656E745F58
:10464000696E666F2D3E636C69656E745F69642088
:104650006C656E677468206F766572666C6F770044
:10466000988F0508095F0408655F04084D5154548C
:10467000000000004FF40F610120FDF741BC000075
:1046800070B50E46040006D119A340F21B2226A1E4
:104690002CA0E4F7ABFDE068002590B10021E6F71F
:1046A00034FA0021E068E5F78DFA0021E068E6F7CA
:1046B0003AFAE068E5F70EFA10B1E068E5F7E4F9D8
:1046C000E56004F11800FFF7F1FC2146274809F0E6
:1046D000E7FEA07A002809D0A5726369002B05D0F7
:1046E000324620462169BDE87040184770BD000081
:1046F0002E2E2F4D6964646C6577617265732F543B
:10470000686972645F50617274792F4C7749502FD9
:104710007372632F617070732F6D7174742F6D716C
:1047200074742E63000000006D7174745F636C6FAD
:1047300073653A20636C69656E7420213D204E5587
:104740004C4C0000417373657274696F6E202225B2
:104750007322206661696C6564206174206C696EE7
:104760006520256420696E2025730A00A54A040887
:104770002DE9FF5F274C5FEA020B06464FF000056C
:104780000DD001262670234FDFF88C8000244FF0D7
:10479000030ABF1C08F11009385D08B32CE00320A0
:1047A00020701EA10020E1F765F9E16841F21A428C
:1047B000114430460A78012A29D191F80B2191F849
:1047C0000A310093CDE901250395B1F8863001F156
:1047D0008802091D00F098FE020018D017A110E011
:1047E00058F8242059F824003E5548F8245049F838
:1047F00024500AB151469047641C042CCCDB5A4625
:104800001AA104B00020BDE8F05FE1F733B9BDE8BC
:10481000FF9F000010010020805801204D5154548A
:1048200020636F6E6E656374696F6E20657374616B
:10483000626C69736865640D0A0000004D51545440
:10484000206F6E6C696E65206D657373616765209E
:104850007375626D697373696F6E206661696C65EB
:10486000642C206572723D25640D0A004D5154542C
:1048700020636F6E6E656374696F6E20756E61760E
:1048800061696C61626C652C207374617475733D31
:1048900025640D0A000000000EB5334C43F698263F
:1048A0004FF0010840F6B837082011F0D9FF2F4823
:1048B00009F0A1FC2078032843D0207802280BD1EE
:1048C00014F006F80546A068281AB04213D36069B0
:1048D00000F08CF984F80080244809F09DFC07F072
:1048E000FFF930B100F012FA18B102A801F0A6F9F0
:1048F00070B1384609E01D4809F08EFCA068281AFE
:10490000311A3846814200D8084611F0DFFCCBE767
:10491000174D2069E861154809F06DFC0020CDE9CC
:104920000005E068134B02A9B0F804216069FFF7A5
:10493000E7FB50B1024610A10020E1F79BF884F894
:1049400000800A4809F068FCD3E713F0C1FFA060BB
:1049500002202070E26813A10020B2F80431121D79
:10496000E1F788F8EDE700001001002088C0012081
:10497000A0580120714704084D51545420636F6EB4
:104980006E656374696F6E20617474656D707420F8
:1049900072656A65637465642C206572723D256476
:1049A0000D0A00004D51545420636F6E6E656374A0
:1049B000696F6E20617474656D70742073746172B8
:1049C0007465643A2025733A25750D0A00000000CD
:1049D0002DE9F047DDF820901F4690460E46050071
:1049E0004FF0000406D10EA340F223121AA123A017
:1049F000E4F7FCFB00200EE005EB00110A688A4298
:104A000007D105EB0014002084E88102A4F80C8093
:104A100003E0401CC0B2B042EED32046BDE8F087B0
:104A20002E2E2F4D6964646C6577617265732F5407
:104A3000686972645F50617274792F4C7749502FA6
:104A40007372632F617070732F6D7174742F6D7139
:104A500074742E63000000006D7174745F6372657E
:104A60006174655F726571756573743A20725F6F0A
:104A7000626A7320213D204E554C4C004173736592
:104A80007274696F6E2022257322206661696C65DD
:104A900064206174206C696E6520256420696E2035
:104AA00025730A002DE9FC4104004FF0010506D1F1
:104AB0002CA34FF4117239A141A0E4F797FBA07A1F
:104AC00040F20116022830D0032849D1052104F113
:104AD000180001F045F86088C8B3A088401C80B277
:104AE000A080618800EB800001EB5101814204D27B
:104AF00031462046FFF7C4FD00252088618800EB81
:104B000080028A421FD304F1EC000021074600F026
:104B10004BFBD0B100260096334632460C21384676
:104B2000019600F0F9FA26800FE02088401C80B240
:104B3000208000EB8000642809D331462046BDE880
:104B4000FC41FFF79DBD401C2080002D08D002B025
:104B50002246BDE8F041244941F2883009F09ABB71
:104B6000BDE8FC812E2E2F4D6964646C65776172FF
:104B700065732F54686972645F50617274792F4C49
:104B80007749502F7372632F617070732F6D71743A
:104B9000742F6D7174742E63000000006D71747455
:104BA0005F6379636C69635F74696D65723A2063F2
:104BB0006C69656E7420213D204E554C4C00000000
:104BC000417373657274696F6E20222573222066AB
:104BD00061696C6564206174206C696E6520256470
:104BE00020696E2025730A00A54A040810B5040048
:104BF00006D109A34FF4B46215A11DA0E4F7F6FA9B
:104C0000A07A002807D00020A07201462046BDE807
:104C10001040FFF735BD10BD2E2E2F4D6964646C1A
:104C20006577617265732F54686972645F50617251
:104C300074792F4C7749502F7372632F61707073A2
:104C40002F6D7174742F6D7174742E6300000000E9
:104C50006D7174745F646973636F6E6E6563743ACB
:104C600020636C69656E7420213D204E554C4C00CC
:104C7000417373657274696F6E20222573222066FA
:104C800061696C6564206174206C696E65202564BF
:104C900020696E2025730A0010B504460C4871B1D6
:104CA0000B681360002242700846F0F7DDF82246D8
:104CB0000346BDE8104007A10020E0F7DBBEFA2163
:104CC00041702246BDE810400AA10020E0F7D2BEA4
:104CD000100100204D51545420444E5320726573EE
:104CE0006F6C7665643A202573202D3E2025730D68
:104CF0000A0000004D51545420444E53206661690F
:104D00006C65643A2025730D0A00000070B51348E5
:104D100009F071FA124DE868001D01F03BFA040039
:104D200012D0286950B9E868B0F8141400F216409F
:104D3000491CE7F7B9F8286128B10124074809F0B0
:104D40006BFA204670BD002401F01EFA034809F0FA
:104D500063FA04A10020E0F78DFEF2E788C001208D
:104D6000100100204D51545420544C5320636F6E59
:104D700066696775726174696F6E206661696C65DA
:104D8000640D0A0070B50D46040007D1084B40F2CF
:104D9000B71208A103F16000E4F728FA002204E04A
:104DA00004EB0210521C0060D2B2AA42F8D370BDCC
:104DB000B45B04086D7174745F696E69745F7265C9
:104DC0007175657374733A20725F6F626A73202124
:104DD0003D204E554C4C000010B504460078E0B123
:104DE000012818D1A01C10F0A9F9A0B1B4F88610C0
:104DF000802910D879B104F188000A5C5AB90022E0
:104E000011F05EF838B194F80A01022803D894F83A
:104E10000B01012801D9002010BD012010BD0000A8
:104E200018B1012803D0034870470348704703A016
:104E30007047000094D00208CCD2020863757374E6
:104E40006F6D00002DE9FF4F83B0044600200090F5
:104E5000C1F18000019094F86C008846060904EBCB
:104E60000805A06E6C351746802806D377A340F25C
:104E7000AB2284A18FA0E4F7B9F9A16E414506D217
:104E800072A34FF42B7295A18AA0E4F7AFF908EB57
:104E90000700802807D96DA340F2AD2298A185A014
:104EA000E4F7A4F9CFE00022022E15D00D2E26D073
:104EB000032E25D02878697851EA00210BD0052EE1
:104EC0007ED0062E7DD0092E7CD00B2E7AD0072ED8
:104ED00078D0042E76D0B6E0A07A02280FD1022F27
:104EE00071D368780090002809D122800320A07235
:104EF0006369002B03D021692046009A984790E00F
:104F000094F86C004FF0000AC0F34108A06EB94657
:104F1000802845D85FEA080000D00220811C8F421B
:104F200051D329786B7803EB01218EB2391A891E8F
:104F3000B14248DB0199081A801EB04243D3B01C2D
:104F400005F1020B80B2B8F1000F01D0022100E0A0
:104F500001210B1801998B4275D8B8F1000F0AD0C6
:104F6000811C8F426FD32B18285C5B7803EB0020E9
:104F7000208188B200E022811BF8061001910BF815
:104F80000620391A636E1FFA81F982462BB1069802
:104F9000594600EB0902E06D984701990BF806109D
:104FA000B9F1000F01D1069860BB0AEB0900B842C5
:104FB00049D8069870B1002305EB0A014A4603E080
:104FC00016E019E01FE03EE0D4E91705A84706986F
:104FD00010B126E00123EFE7B8F1000F21D0B8F1BE
:104FE000010F03D005212289002308E00421FAE7FC
:104FF00001230A46062102E000230A460721204633
:1050000005F0B4F90DE004F1180000F015FF0400FC
:1050100007D0092E09D0626812B10021A06890471C
:105020002460009807B0BDE8F08F032F0BD36268AF
:10503000A878002AF4D0032801D2002101E06FF003
:105040000C01A068EBE74FF48070EBE72E2E2F4D9C
:105050006964646C6577617265732F546869726402
:105060005F50617274792F4C7749502F7372632FA0
:10507000617070732F6D7174742F6D7174742E6301
:1050800000000000636C69656E742D3E6D73675F90
:10509000696478203C204D5154545F5641525F481A
:1050A00045414445525F4255464645525F4C454E48
:1050B00000000000417373657274696F6E202225D1
:1050C0007322206661696C6564206174206C696E6E
:1050D0006520256420696E2025730A00666978655D
:1050E000645F6864725F696478203C3D20636C692A
:1050F000656E742D3E6D73675F6964780000000013
:10510000627566666572206C656E677468206D698D
:10511000736D61746368000070B505460907DDE9C9
:105120000404090E02F0010241EAC20103F0030285
:1051300041EA420100F001000143284600F032F844
:1051400004F07F01802C01D3802000E00020014387
:10515000284600F027F8E409F2D170BD2DE9F041AE
:105160000E4615460746110A00F058FEE9B23846C9
:1051700000F054FE002405E0315D384600F04EFE9C
:10518000641CA4B2AC42F7D3BDE8F08170B50C4604
:105190000546090A00F042FEE1B22846BDE870402B
:1051A00000F03CBE00F03ABE70B5060001F101000F
:1051B0000C4685B206D10BA340F2072217A120A00E
:1051C000E4F714F86D1CADB2E409FBD1304600F0F1
:1051D0001BFEC0F50060A84201DB012070BD00206D
:1051E00070BD00002E2E2F4D6964646C657761726E
:1051F00065732F54686972645F50617274792F4CC3
:105200007749502F7372632F617070732F6D7174B3
:10521000742F6D7174742E63000000006D717474CE
:105220005F6F75747075745F636865636B5F7370CF
:105230006163653A20726220213D204E554C4C003E
:10524000417373657274696F6E2022257322206624
:1052500061696C6564206174206C696E65202564E9
:1052600020696E2025730A002DE9F0418846064624
:10527000002700F0C9FD01467088C0F5006081423A
:1052800002DA304600F0C0FD85B24046E5F762FC28
:105290000446B8F1000F05D133A3F02240A148A085
:1052A000E3F7A4FF002C5CD0002D5AD0AC420FD9FC
:1052B0002C46304600F0A8FDA84201D9012700E0A5
:1052C0000027304600F09CFD01462FB1022004E08B
:1052D000304600F095FD0146002040F001032246D3
:1052E0004046E6F734FE00283BD18FB321463046D6
:1052F00000F01EFD4046E5F72DFC0446304600F068
:1053000083FD01467088C0F50060814202DA3046B4
:1053100000F07AFD844203DA4046E5F71BFC0BE01F
:10532000304600F071FD01467088C0F50060814292
:1053300002DA304600F068FD84B2304600F060FDCD
:105340000146012322464046E6F701FE002808D127
:105350002146304600F0ECFC4046BDE8F041E5F760
:10536000BDBBBDE8F08100002E2E2F4D6964646C3A
:105370006577617265732F54686972645F506172FA
:1053800074792F4C7749502F7372632F617070734B
:105390002F6D7174742F6D7174742E630000000092
:1053A0006D7174745F6F75747075745F73656E641E
:1053B0003A207470636220213D204E554C4C000011
:1053C000417373657274696F6E20222573222066A3
:1053D00061696C6564206174206C696E6520256468
:1053E00020696E2025730A002DE9FC5F002689469E
:1053F0008046354634463746B34675E0022C01D325
:10540000390634D5D8F86800A04204D908EB040066
:1054100090F86C700EE03146761CB6B2484603F048
:10542000B3FBD8F86810074608F16C004A1CC8F8AE
:1054300068200F54641CE4B2022C55D3A11E07F05F
:105440007F00C1EBC1018840054338064CD425B12B
:10545000D8F8680029190D1A46E000231A4621469B
:105460004046FFF7EFFC0024C8F868B03CE0D8F8ED
:105470006810C4F18002091BB1FBF2F302FB1311A7
:10548000214489B2801B019181B2A94200D32846F0
:105490001FFA80FA0198C0F1800081B200918A451C
:1054A00000D98A46019933464144524648466C31F8
:1054B00003F0E2F9D8F8681006EB0A00514486B20E
:1054C000C8F86810B5EB0A0502D000998A450BD1DF
:1054D00001982B465044001B82B221464046FFF7FC
:1054E000B1FC002805D135B1B9F80800B04285D823
:1054F0000020BDE8FC9FC8F868B0B9F80800002497
:10550000B0423FF67FAFF3E72DE9FF4F87B01E466D
:10551000DDF85CB0DDF850A09046050006D14AA346
:1055200040F2544256A15EA0E3F760FE08980028BE
:1055300006D145A340F2554263A159A0E3F756FEB8
:10554000A87A68B10898DBF7F9F94FF6FD716FF0AA
:105550000F09884210D93CA340F2594261A121E0D1
:1055600039A340F2564268A14DA0E3F73FFE6FF029
:105570000A000BB0BDE8F08F81B216FA80F4A41CCB
:105580000491BAF1000F05D02846A41C00F012FEC9
:10559000074600E00027B4F5803F08D32AA340F275
:1055A000654261A13EA0E3F721FE4846E1E71FFA0C
:1055B00084F9CDF800B03A46042105F11C00169B91
:1055C000FFF706FA04004FF0FF3B24D005F1EC0092
:1055D00049460290FFF7E8FDF8B11599CDE90019A9
:1055E0005346002203210298FFF796FD049A08997A
:1055F0000298FFF7B3FDBAF1000F03D039460298C5
:10560000FFF7C4FDB8F1000F13D096B1374600265E
:10561000DDF808900BE05846ABE72460FBE700BFDD
:1056200018F80610484600F0F9FB761CB6B2BE42E8
:10563000F6D3214605F11800FEF7B0FCE9680298A0
:10564000FFF712FE002094E72E2E2F4D6964646C44
:105650006577617265732F54686972645F50617217
:1056600074792F4C7749502F7372632F6170707368
:105670002F6D7174742F6D7174742E6300000000AF
:105680006D7174745F7075626C6973683A20636CD5
:1056900069656E7420213D204E554C4C0000000081
:1056A000417373657274696F6E20222573222066C0
:1056B00061696C6564206174206C696E6520256485
:1056C00020696E2025730A006D7174745F707562B5
:1056D0006C6973683A20746F70696320213D204EB5
:1056E000554C4C006D7174745F7075626C697368B1
:1056F0003A20746F706963206C656E677468206F00
:10570000766572666C6F77006D7174745F70756228
:105710006C6973683A2054435020646973636F6EF8
:105720006E656374656400006D7174745F7075629A
:105730006C6973683A20746F74616C206C656E6775
:105740007468206F766572666C6F770030B40246BD
:10575000042812D20A4850F82230103050F82200A3
:10576000084D0124AC54002B07D0CA1C03D00029DB
:1057700003D130BC18470621FBE730BC704700005E
:105780008058012012010020F0B58CB007AB0DF15C
:105790001C0C83E80700002210460321134602ADCB
:1057A0005CF823409E00270EAF552E44270C7770DF
:1057B000270AB7705B1CF470032BF1D3144B5324EE
:1057C000144E1C7054245C704D249C7000240830CE
:1057D0002F5DC0B247EA022208E0401FC0B222FAA1
:1057E00000F707F01F07F75D5F54491C0528F4D246
:1057F000641C0C2CEBD338B1C0F10500824002F0E0
:105800001F00305C5854491C002058540CB0F0BDA7
:10581000084C0120A08F050801480078704700005F
:10582000100100202DE9FE4348A10020E0F722F9F5
:10583000E7F7F8FA070004D14C49E0F71BF9DBF76A
:1058400033FD4B4D07F50D770026EF60387830B10A
:1058500097F80601474C50B1012817D019E02E7077
:1058600003B045A1BDE8F0430020E0F703B9DCF741
:10587000A9FD8046DCF7A0FD0746DCF797FD424610
:105880003946FFF781FF4948206002E007F5857738
:105890002760E86800F20E21616000F21231A16019
:1058A00041F21841095AA18141F226510844017878
:1058B000012921D026616661267666762C4A2D4B19
:1058C00000200121921C203BE66103F110041154D9
:1058D00043F8206044F82060401C0428F7DB29705E
:1058E000334808F088FCFEF7C5FE6861304808F0D0
:1058F00093FC686958B110E0011D21618431616138
:1059000090F80A11217690F80B016076D6E729A16C
:105910000020E0F7AFF8DBF7C7FC164A1620803A04
:10592000A2F540618DE8070000234FF4407231A1D9
:10593000334812F08EFFEA68002032A1B2F8043139
:1059400003B0121DBDE8F043E0F794B84D51545434
:10595000207075626C697368657220697320696E66
:105960006974696E672E2E2E0000000020CD050898
:1059700010010020A05801204D5154542070756230
:105980006C69736865722064697361626C65642018
:1059900062792061637469766520636F6E666967FA
:1059A00075726174696F6E0D0A000000084C012069
:1059B00088C001204D515454207075626C69736821
:1059C000657220696E697469616C697A6174696F66
:1059D0006E206661696C65643A204D5154542063B1
:1059E0006C69656E7420756E617661696C61626C5C
:1059F000650D0A006D7174745F636F6E6E00000058
:105A0000994804084D515454207075626C6973684C
:105A10006572207374617274656420666F722025EC
:105A2000733A25750D0A00002DE9FF4F85B01D461C
:105A3000DDE91276B0F1000B4FF0FF3A0A464FF065
:105A4000000866D0002A64D0802A62D8815C0029D0
:105A50005FD1DAF77AFF88BB4FF001091DB10798D3
:105A600060B3802D55D8022F53D8012E51D82E481F
:105A700008F0C1FB2D48017831B1017803290AD023
:105A8000294808F0C9FB42E0274808F0C5FB02207E
:105A900009B0BDE8F08F25490024891C0A5D72B168
:105AA000424688460A55224A149942F82410103278
:105AB000159942F82410002C04DB07E029E0641C4F
:105AC000042CEBDB184808F0A7FB19E01949CDE9D5
:105AD0000214CDE900762B465946079A4069FFF734
:105AE00013FD05000ED008F804900F4808F094FB51
:105AF00015F1100F0DD015F10B0F08D055450AD137
:105B00000420C5E7084808F087FB0020C0E7032011
:105B1000BEE70120BCE72A4607A10020DFF7AAFF65
:105B2000DBF7C2FB0520B3E788C00120100100208D
:105B3000805801204D5704086D717474207075628F
:105B40006C69736820756E65787065637465642030
:105B5000726573756C74203D2025640D0A00000089
:105B60002DE9F0410D46060006D112A34FF4C5728F
:105B70001EA128A0E3F73AFB6FF0020734680EE09D
:105B8000E089A84211D8281AC5B22068306062683E
:105B900012B13946A068904704B124603468002DE2
:105BA00001D0002CECD1BDE8F08180B2401BE08137
:105BB000F9E700002E2E2F4D6964646C65776172E1
:105BC00065732F54686972645F50617274792F4CE9
:105BD0007749502F7372632F617070732F6D7174DA
:105BE000742F6D7174742E63000000006D717474F5
:105BF0005F726571756573745F74696D655F656CFF
:105C000061707365643A207461696C20213D204E97
:105C1000554C4C00417373657274696F6E20222578
:105C20007322206661696C6564206174206C696E02
:105C30006520256420696E2025730A002DE9F04750
:105C400006001DD02B4C40F6B837E06800F104097F
:105C5000294808F0D0FA94F90100401D13D004F14E
:105C60001803264A31464846EAF7C2F860700546EE
:105C7000214808F0D1FA681D0BD02846BDE8F0870E
:105C80006FF00F00FAE71C4808F0C6FA6FF0040046
:105C9000F4E712F01DFE0546B846174808F0ABFAC7
:105CA00094F9017037B1144808F0B6FA781D07D09E
:105CB0003846E3E7A06930600F4808F0ADFAF7E72F
:105CC00012F006FE471B474507D34A460CA10020A9
:105CD000DFF7D0FE6FF00200D0E7082010F0C0FD23
:105CE000A7F6B8377842642800D3642010F0EEFAA3
:105CF000D3E700001001002088C00120994C04085F
:105D00004D51545420444E53206C6F6F6B7570206E
:105D100074696D6564206F757420616674657220A6
:105D200033303030206D733A2025730D0A000000A7
:105D300070B54FF400660D460446B14205D308A382
:105D4000CB2215A124A0E3F751FA6088284481B240
:105D50006180B14202D3A1F50061618070BD000095
:105D60002E2E2F4D6964646C6577617265732F54B4
:105D7000686972645F50617274792F4C7749502F53
:105D80007372632F617070732F6D7174742F6D71E6
:105D900074742E63000000006D7174745F72696E1C
:105DA000676275665F616476616E63655F6765747F
:105DB0005F6964783A206C656E203C204D515454E4
:105DC0005F4F55545055545F52494E474255465FB8
:105DD00053495A4500000000417373657274696F3E
:105DE0006E2022257322206661696C6564206174CF
:105DF000206C696E6520256420696E2025730A0079
:105E00004188001D0844704701884088081AB0F591
:105E1000803F01D300F5006080B270470388021D07
:105E200099540188491C89B20180B1F5006F01D3F2
:105E3000002101807047000070B50E4605004FF04C
:105E4000000406D110A340F267121DA124A0E3F7BD
:105E5000CDF9286804E08189B14204D00446006885
:105E60000028F8D170BD0028FCD001684CB1216039
:105E7000016819B1CA89C3891A44CA810021016025
:105E800070BD2960F4E700002E2E2F4D6964646C0C
:105E90006577617265732F54686972645F506172CF
:105EA00074792F4C7749502F7372632F6170707320
:105EB0002F6D7174742F6D7174742E630000000067
:105EC0006D7174745F74616B655F72657175657314
:105ED000743A207461696C20213D204E554C4C0071
:105EE000417373657274696F6E2022257322206678
:105EF00061696C6564206174206C696E652025643D
:105F000020696E2025730A0070B50D4604460AB15B
:105F1000104670BD00260F492846A666E4F7F5FD39
:105F20000D492846E4F7FFFD02220C492846E4F714
:105F3000DEFD0220A0722246094941F2883008F0B5
:105F4000A9F9268004F1EC00E168FFF78DF9002043
:105F500070BD000021600408496104080D60040858
:105F6000A54A040810B5040006D108A340F2F63291
:105F700014A11CA0E3F73AF90020E0602046BDE838
:105F800010404FF48071FEF77BBB00002E2E2F4D8A
:105F90006964646C6577617265732F5468697264B3
:105FA0005F50617274792F4C7749502F7372632F51
:105FB000617070732F6D7174742F6D7174742E63B2
:105FC000000000006D7174745F7463705F657272BD
:105FD0005F63623A20636C69656E7420213D204ED8
:105FE000554C4C00417373657274696F6E202225A5
:105FF0007322206661696C6564206174206C696E2F
:106000006520256420696E2025730A0010B5827A08
:10601000032A02D1EC30FFF727F9002010BD000061
:106020002DE9F0411E4615460F46040006D11BA37C
:1060300040F2A73227A130A0E3F7D8F8E068B842D1
:1060400006D016A34FF46A7235A12BA0E3F7CEF861
:1060500035B15EB1284602F09BFC3046BDE8F081C8
:106060004FF480712046FEF70BFB14E02989384677
:10607000E4F74FFD29462046FFF7B6F906462846C5
:1060800002F086FC1EB131462046FEF7F9FA608820
:1060900008B10020A0800020E0E700002E2E2F4D48
:1060A0006964646C6577617265732F5468697264A2
:1060B0005F50617274792F4C7749502F7372632F40
:1060C000617070732F6D7174742F6D7174742E63A1
:1060D000000000006D7174745F7463705F726563BB
:1060E000765F63623A20636C69656E7420213D209F
:1060F0004E554C4C00000000417373657274696F1B
:106100006E2022257322206661696C6564206174AB
:10611000206C696E6520256420696E2025730A0055
:106120006D7174745F7463705F726563765F6362D0
:106130003A20636C69656E742D3E636F6E6E203D10
:106140003D2070636200000070B50446807A032829
:1061500017D100202080A08004F1180606E06A68AC
:1061600012B10021A868904705B12D60002130468A
:10617000FFF762FE0500F2D104F1EC00E168FFF7E1
:1061800073F8002070BD00000149002008607047CE
:1061900078C0012010B5040004D0DAF7CFFB08B1B5
:1061A000FD2801D9002010BD01480460012010BD68
:1061B00078C00120C188491C0904090CC18001D1A3
:1061C0000121C18088B270470C4E0446202010F097
:1061D00047FB6421706801F04DFE0028F6D120468F
:1061E000EFF712FB0500F1D0226921469047002805
:1061F000F5D0284602F0CCFBF1E700004C0000206F
:1062000010B504000CD0206820B102F0C1FB0020C2
:10621000606020602146BDE810400720FCF7EAB925
:1062200010BD000010B5040007D0206808B102F0CE
:10623000AFFB00206060206010BDBDE8104003A3EC
:1062400081220FA115A0E2F7D1BF00002E2E2F4D05
:106250006964646C6577617265732F5468697264F0
:106260005F50617274792F4C7749502F7372632F8E
:106270006170692F6E65746275662E6300000000A0
:106280006E65746275665F667265653A20696E76E2
:10629000616C69642062756600000000417373657B
:1062A0007274696F6E2022257322206661696C65A5
:1062B00064206174206C696E6520256420696E20FD
:1062C00025730A0070B515460E46040014D02068E8
:1062D00008B102F05DFB41220021362001F03EFFB3
:1062E0002060002811D04660206805812068458123
:1062F00020686060002070BD06A3992212A118A03A
:10630000E2F774FF6FF00F0070BD00206060401E68
:1063100070BD00002E2E2F4D6964646C657761722C
:1063200065732F54686972645F50617274792F4C81
:106330007749502F7372632F6170692F6E65746295
:1063400075662E63000000006E65746275665F728C
:1063500065663A20696E76616C69642062756600D4
:10636000417373657274696F6E20222573222066F3
:1063700061696C6564206174206C696E65202564B8
:1063800020696E2025730A00F0B58BB00D0004461D
:106390006FF00F0615D000202860BCB1204600F039
:1063A00036FA8DF80000002821D104F114000746C8
:1063B00007F01CFF761C002838D0207FC10735D19C
:1063C0000CE01BA340F2E11226A103E018A340F267
:1063D000E3122CA133A0E2F709FF27E0800708D5DC
:1063E00009A9384607F073FE401C07D1C01F0BB047
:1063F000F0BD002209A9384607F04AFE636A1BB1C6
:10640000002201212046984769460998F0F72CFCA4
:1064100010B19DF90000EAE7099C3CB101A92B48A5
:10642000019400F0D7F800202C60E0E73046DEE76A
:106430002E2E2F4D6964646C6577617265732F54DD
:10644000686972645F50617274792F4C7749502F7C
:106450007372632F6170692F6170695F6C69622E5E
:10646000630000006E6574636F6E6E5F61636365E9
:1064700070743A20696E76616C696420706F696E21
:10648000746572006E6574636F6E6E5F61636365E1
:1064900070743A20696E76616C696420636F6E6E09
:1064A00000000000417373657274696F6E202225CD
:1064B0007322206661696C6564206174206C696E6A
:1064C0006520256420696E2025730A00295E030873
:1064D0002DE9F04107460E460820FCF743F9041E5B
:1064E00026D000252572277007F0F000656010287F
:1064F00009D0202807D016A340F2E52221A12BA025
:10650000E2F774FE0FE004F110000621074607F0E1
:106510004FFE40B9002104F10C0007F085FE48B1A0
:10652000384607F03BFE21460820FCF763F80020C0
:10653000BDE8F08104F1140007F049FE65704FF0EA
:10654000FF30A061C4E9085625772046F0E7000037
:106550002E2E2F4D6964646C6577617265732F54BC
:10656000686972645F50617274792F4C7749502F5B
:106570007372632F6170692F6170695F6D73672E2D
:10658000630000006E6574636F6E6E5F616C6C6FAC
:10659000633A20756E646566696E6564206E657425
:1065A000636F6E6E5F747970650000004173736590
:1065B0007274696F6E2022257322206661696C6592
:1065C00064206174206C696E6520256420696E20EA
:1065D00025730A0010B50A680C460C320EF014FB45
:1065E000002801D194F9040010BD000000B589B065
:1065F00010B100290BD00BE00AA34FF49C7216A136
:106600001CA0E2F7F3FD6FF00F0009B000BD2349B5
:1066100002910090ADF80C2069462148FFF7DAFF9F
:10662000F3E700002E2E2F4D6964646C657761726C
:1066300065732F54686972645F50617274792F4C6E
:106640007749502F7372632F6170692F6170695F92
:106650006C69622E630000006E6574636F6E6E5F1E
:1066600062696E643A20696E76616C696420636F5A
:106670006E6E0000417373657274696F6E2022251F
:106680007322206661696C6564206174206C696E98
:106690006520256420696E2025730A00988F0508FF
:1066A000455E030800B589B058B100908DF8081018
:1066B00029208DF8090069460748FFF78BFF09B0CC
:1066C00000BD06A340F2474211A118A0E2F78EFDDB
:1066D0006FF00F00F3E700007D5E03082E2E2F4DB4
:1066E0006964646C6577617265732F54686972645C
:1066F0005F50617274792F4C7749502F7372632FFA
:106700006170692F6170695F6C69622E63000000BF
:106710006E6574636F6E6E5F636C6F73653A20694C
:106720006E76616C696420636F6E6E004173736591
:106730007274696F6E2022257322206661696C6510
:1067400064206174206C696E6520256420696E2068
:1067500025730A0070B5050004D000F0B5FA0400F6
:1067600002D004E0002070BD284600F05FF820460B
:1067700070BD7CB504461030064607F037FDF0B119
:1067800001256946304607F0A2FC401C11D0207854
:10679000B5EB101F09D101A90098F0F765FA0028A0
:1067A000EFD1009802F0F4F8EBE70098FFF728FD2E
:1067B000E7E7304607F0F2FC304607F008FD04F149
:1067C0001400064607F012FD00281FD00025694678
:1067D000304607F07CFC401C12D001A90098F0F76D
:1067E00043FA0028F3D1009C2046FFF7C2FF6068FF
:1067F00010B107F055FF6560204600F017F8E6E796
:10680000304607F0CBFC304607F0E1FC7CBD70B5AC
:10681000040009D007F066FC94F9085000212172A9
:1068200007F088FC284670BD002070BD70B5044696
:106830004068002806D017A34FF4477222A12EA06B
:10684000E2F7D4FC04F1100007F0D0FC002806D0D9
:1068500010A340F2233232A127A0E2F7C7FC04F1D3
:10686000140007F0C3FC002806D00AA340F2263229
:106870003AA121A0E2F7BAFC04F10C00054607F0AA
:10688000D0FC284607F0E4FC2146BDE87040082013
:10689000FBF7B0BE2E2E2F4D6964646C6577617274
:1068A00065732F54686972645F50617274792F4CFC
:1068B0007749502F7372632F6170692F6170695F20
:1068C0006D73672E63000000504342206D75737432
:1068D000206265206465616C6C6F6361746564201F
:1068E0006F75747369646520746869732066756E6A
:1068F0006374696F6E000000417373657274696F31
:106900006E2022257322206661696C6564206174A3
:10691000206C696E6520256420696E2025730A004D
:10692000726563766D626F78206D75737420626531
:10693000206465616C6C6F63617465642062656678
:106940006F72652063616C6C696E6720746869732F
:106950002066756E6374696F6E0000006163636525
:1069600070746D626F78206D757374206265206439
:1069700065616C6C6F6361746564206265666F72DB
:10698000652063616C6C696E67207468697320664A
:10699000756E6374696F6E0010B588B06FF00F0488
:1069A00068B189B1002A14D0CDE9021200908DF8A7
:1069B000103069460B48FFF70DFE08B010BD0AA362
:1069C0004FF4897215A108E007A340F213121BA12E
:1069D00003E005A34FF48A7220A128A0E2F706FC89
:1069E0002046EAE70D6403082E2E2F4D6964646C7F
:1069F0006577617265732F54686972645F50617264
:106A000074792F4C7749502F7372632F6170692FFF
:106A10006170695F6C69622E630000006E6574636B
:106A20006F6E6E5F676574616464723A20696E763A
:106A3000616C696420636F6E6E0000006E65746344
:106A40006F6E6E5F676574616464723A20696E761A
:106A5000616C696420616464720000006E65746337
:106A60006F6E6E5F676574616464723A20696E76FA
:106A7000616C696420706F7274000000417373650B
:106A80007274696F6E2022257322206661696C65BD
:106A900064206174206C696E6520256420696E2015
:106AA00025730A0000B589B040B100908DF8081038
:106AB00069460748FFF78EFD09B000BD05A340F207
:106AC000BB1211A118A0E2F791FB6FF00F00F3E7E2
:106AD000F16403082E2E2F4D6964646C6577617232
:106AE00065732F54686972645F50617274792F4CBA
:106AF0007749502F7372632F6170692F6170695FDE
:106B00006C69622E630000006E6574636F6E6E5F69
:106B10006C697374656E3A20696E76616C69642085
:106B2000636F6E6E00000000417373657274696F6D
:106B30006E2022257322206661696C656420617471
:106B4000206C696E6520256420696E2025730A001B
:106B500070B50D4688B01146FFF7BAFC040042D06C
:106B60008DF80850694621480094FFF733FD00284E
:106B700039D06068002805D01DA3A32229A132A026
:106B8000E2F734FB04F11000054607F02FFB28B9AB
:106B900017A3A42236A12CA0E2F728FB04F11400CD
:106BA00007F024FB002805D011A3A62236A126A0B9
:106BB000E2F71CFB04F10C00064607F04FFB28B976
:106BC0000BA3A92239A120A0E2F710FB304607F061
:106BD00028FB284607F0E2FA21460820FBF70AFDC9
:106BE000002008B070BD2046FBE70000596603088E
:106BF0002E2E2F4D6964646C6577617265732F5416
:106C0000686972645F50617274792F4C7749502FB4
:106C10007372632F6170692F6170695F6C69622E96
:106C20006300000066726565696E6720636F6E6E53
:106C300020776974686F75742066726565696E6720
:106C40002070636200000000417373657274696FA5
:106C50006E2022257322206661696C656420617450
:106C6000206C696E6520256420696E2025730A00FA
:106C7000636F6E6E20686173206E6F20726563763D
:106C80006D626F7800000000636F6E6E2D3E616371
:106C9000636570746D626F782073686F756C646E75
:106CA000277420657869737400000000636F6E6E4E
:106CB00020686173206E6F206F705F636F6D706C02
:106CC000657465640000000000B589B0002807D035
:106CD000009029208DF8090069460248FFF77AFCE8
:106CE00009B000BD756203082DE9FC4104464FF070
:106CF000000017460D006FF00F06009011D02860BD
:106D0000A4B104F11000804607F070FA761D002847
:106D100014D0207F810719D4790717D4C00715D163
:106D200012E02AA34FF4127235A103E027A340F228
:106D30004A223BA141A0E2F759FA15E02046FFF7AD
:106D400066FD002811D10FE0207A98B169464046CF
:106D500007F0BDF9401C12D12046FFF758FD00286E
:106D600003D1207FC00702D03046BDE8FC816FF020
:106D70000600FAE700226946404607F089F92078C4
:106D80000121B1EB101F0DD101A90098EFF76CFFA5
:106D900030B19DF9040010F10F0FE6D10020E4E7B7
:106DA00000980AE0009830B908A340F291222DA182
:106DB00022A0E2F71BFA00980068636A028913B107
:106DC00001212046984700982860E7E72E2E2F4D96
:106DD0006964646C6577617265732F546869726465
:106DE0005F50617274792F4C7749502F7372632F03
:106DF0006170692F6170695F6C69622E63000000C9
:106E00006E6574636F6E6E5F726563763A20696E4D
:106E100076616C696420706F696E74657200000041
:106E20006E6574636F6E6E5F726563763A20696E2D
:106E300076616C696420636F6E6E000041737365E8
:106E40007274696F6E2022257322206661696C65F9
:106E500064206174206C696E6520256420696E2051
:106E600025730A0062756620213D204E554C4C006A
:106E7000F0B5044689B017460D46103007F0B6F954
:106E800030B1207F010607D500F07F00207721E098
:106E90006FF00A0009B0F0BD3A4629462046FFF7D8
:106EA00023FF0600F6D12D68380707D40DB12989D4
:106EB00000E001216A46204600F080F90DB130461D
:106EC000E8E7F80606D5207F40F0800020776FF0D5
:106ED0000600DFE7636A1BB10022012120469847C4
:106EE000606830B101212046FFF7DCFB6FF00E0037
:106EF000D0E72046FFF78BFC0028CBD16FF00D00C8
:106F0000C8E7000010B520B103780124B4EB131FCB
:106F100009D007A340F2253212A11BA0E2F766F9BF
:106F20006FF00F0010BDBDE81040FFF7A1BF0000DB
:106F30002E2E2F4D6964646C6577617265732F54D2
:106F4000686972645F50617274792F4C7749502F71
:106F50007372632F6170692F6170695F6C69622E53
:106F6000630000006E6574636F6E6E5F72656376BA
:106F70005F7463705F706275663A20696E76616CEB
:106F8000696420636F6E6E00417373657274696F1C
:106F90006E2022257322206661696C65642061740D
:106FA000206C696E6520256420696E2025730A00B7
:106FB00010B520B103780124B4EB131F09D107A346
:106FC0004FF4537212A11DA0E2F710F96FF00F00F9
:106FD00010BDBDE81040FFF787BE00002E2E2F4DDC
:106FE0006964646C6577617265732F546869726453
:106FF0005F50617274792F4C7749502F7372632FF1
:107000006170692F6170695F6C69622E63000000B6
:107010006E6574636F6E6E5F726563765F756470C4
:107020005F7261775F6E65746275663A20696E762D
:10703000616C696420636F6E6E000000417373655C
:107040007274696F6E2022257322206661696C65F7
:1070500064206174206C696E6520256420696E204F
:1070600025730A0000B589B038B1029100906946D5
:107070000748FFF7AFFA09B000BD06A340F2B232ED
:1070800011A118A0E2F7B2F86FF00F00F3E70000CB
:10709000AD6603082E2E2F4D6964646C65776172AE
:1070A00065732F54686972645F50617274792F4CF4
:1070B0007749502F7372632F6170692F6170695F18
:1070C0006C69622E630000006E6574636F6E6E5FA4
:1070D00073656E643A20696E76616C696420636FD3
:1070E0006E6E0000417373657274696F6E202225A5
:1070F0007322206661696C6564206174206C696E1E
:107100006520256420696E2025730A0000B589B0CA
:1071100020B102780123B3EB121F0AD007A340F27B
:10712000B52213A11BA0E2F761F86FF00F0009B0C0
:1071300000BD6A4600F042F8F9E700002E2E2F4D00
:107140006964646C6577617265732F5468697264F1
:107150005F50617274792F4C7749502F7372632F8F
:107160006170692F6170695F6C69622E6300000055
:107170006E6574636F6E6E5F726563765F74637065
:107180005F706275663A20696E76616C696420632F
:107190006F6E6E00417373657274696F6E20222585
:1071A0007322206661696C6564206174206C696E6D
:1071B0006520256420696E2025730A0010B520B172
:1071C00003780124B4EB131F09D009A340F2A722CE
:1071D00014A11DA0E2F70AF86FF00F0010BD916036
:1071E0001060BDE8104011462148FFF7F3B90000D8
:1071F0002E2E2F4D6964646C6577617265732F5410
:10720000686972645F50617274792F4C7749502FAE
:107210007372632F6170692F6170695F6C69622E90
:10722000630000006E6574636F6E6E5F72656376F7
:107230005F7463705F706275663A20696E76616C28
:10724000696420636F6E6E00417373657274696F59
:107250006E2022257322206661696C65642061744A
:10726000206C696E6520256420696E2025730A00F4
:107270006B6603083EB5069C0094CDE9011201221D
:1072800001A900F001F83EBD2DE9F04188B00028C9
:107290000E9E0ED0047801256FF00508B5EB141F83
:1072A00013D02BA340F2EF3236A13FA0E1F79EFFAF
:1072B0003CE027A340F2EE3245A13BA0E1F796FF68
:1072C0006FF00F0008B0BDE8F081047FA40701D47F
:1072D0005C0702D501274EB300E0002700242546B5
:1072E00008E000BF01EBC50CDCF804C06444A44511
:1072F0001CD86D1C9542F5DBB4B1B4F1004F02D33C
:10730000A6B16FF00044029100900020ADF80C206F
:1073100004908DF81C30CDE9054069463348FFF7ED
:1073200059F9050004D011E00020CBE74046C9E739
:107330000EB1069830604FB90698A04206D004A35B
:107340004FF486622AA118A0E1F750FF2846B9E75A
:107350002E2E2F4D6964646C6577617265732F54AE
:10736000686972645F50617274792F4C7749502F4D
:107370007372632F6170692F6170695F6C69622E2F
:10738000630000006E6574636F6E6E5F7772697480
:10739000653A20696E76616C696420636F6E6E2D4C
:1073A0003E74797065000000417373657274696F93
:1073B0006E2022257322206661696C6564206174E9
:1073C000206C696E6520256420696E2025730A0093
:1073D0006E6574636F6E6E5F77726974653A20696B
:1073E0006E76616C696420636F6E6E00F1660308EF
:1073F000646F5F7772697465206661696C6564208B
:10740000746F20777269746520616C6C2062797486
:10741000657300002DE9F0470400DDE90970089E5E
:1074200003D03FB100290DD00DE036A340F2271262
:1074300041A103E033A34FF4947246A14EA0E1F7BB
:10744000D5FE1EE0564902B9554A03B9544B0025F2
:107450006560A560DFF84CC1C4F814C0E5602585FF
:1074600084F831506562C4E907564F4E96F800C063
:1074700084F834C02061204600F0D8F92046B8478F
:1074800010B10020BDE8F087AA4640F28B1840F208
:107490008D1900BF94F83400FF2801D184F834A07E
:1074A000002775681EE0A54205D116A342463FA1FC
:1074B00031A0E1F79BFE7F1CFF2F05DD11A34A469B
:1074C0003FA12DA0E1F792FE95F8340094F8341016
:1074D000884206D1C8B2401C84F83400002DD9D1AE
:1074E00002E02D68002DDED194F83400FE2806D08D
:1074F000401C30707068206020467460C2E786F8D7
:1075000000A0F7E72E2E2F4D6964646C65776172D9
:1075100065732F54686972645F50617274792F4C7F
:107520007749502F7372632F636F72652F6E657486
:1075300069662E63000000006E657469665F6164B1
:10754000643A20696E76616C6964206E6574696660
:10755000000000006E657469665F6164643A204EE5
:107560006F20696E69742066756E6374696F6E2032
:10757000676976656E000000417373657274696FA8
:107580006E2022257322206661696C656420617417
:10759000206C696E6520256420696E2025730A00C1
:1075A000988F050825780408AC0000206E65746982
:1075B0006620616C72656164792061646465640051
:1075C000746F6F206D616E79206E65746966732CBF
:1075D000206D61782E20737570706F7274656420F1
:1075E0006E756D626572206973203235350000005A
:1075F00070B50C46054608F091FF21462846BDE8C7
:1076000070400EF0B1B80A68C3689A4204D001B95C
:107610000022C2600120704700207047F8B516466E
:107620000C00054606D113A340F2CB121EA122A0E6
:10763000E1F7DCFD36B90FA34FF4E6721AA11EA0E4
:10764000E1F7D4FD20686968884211D0009068682D
:10765000306069463046FFF7CBFF3CB12068686078
:107660000121284600F07EF80120F8BD0020F6E751
:107670000020F8BD2E2E2F4D6964646C6577617211
:1076800065732F54686972645F50617274792F4C0E
:107690007749502F7372632F636F72652F6E657415
:1076A00069662E6300000000696E76616C69642073
:1076B000706F696E74657200417373657274696F7F
:1076C0006E2022257322206661696C6564206174D6
:1076D000206C696E6520256420696E2025730A0080
:1076E0000A6883689A4204D001B9002282600120AE
:1076F000704700207047000010B5040006D0A01CA1
:10770000D9F748F9C1B20B48406810E0002010BD1D
:1077100090F834208A4209D1227890F832309A4287
:1077200004D1627890F833309A42F0D00068002893
:10773000EED110BDAC00002001000CD0074840681D
:1077400007E000BF90F83420521CD2B28A4203D026
:1077500000680028F6D1002070470000AC0000202F
:107760007047000070B50D46040006D10DA340F22D
:107770006D3219A121A0E1F739FD94F831004107DC
:107780000ED5C1070CD0E9070AD06168002907D0DF
:10779000000705D5211D2046BDE87040EBF7F4BC7D
:1077A00070BD00002E2E2F4D6964646C6577617288
:1077B00065732F54686972645F50617274792F4CDD
:1077C0007749502F7372632F636F72652F6E6574E4
:1077D00069662E63000000006E657469665F6973F8
:1077E0007375655F7265706F7274733A20696E7637
:1077F000616C6964206E657469660000417373652D
:107800007274696F6E2022257322206661696C652F
:1078100064206174206C696E6520256420696E2087
:1078200025730A006FF00B00704700002DE9F84F38
:107830004FF000091D4616460C008246C84600D18E
:10784000114C06B9104E05B90F4DACB1206898B176
:1078500000274A4631465046FFF742FF4246294636
:107860005046FFF7D0FE002F04D16A46214650460D
:10787000FFF7D4FEBDE8F88F01276A46214650463F
:10788000FFF7CCFEE5E70000988F05080149886006
:1078900070470000AC00002058B190F83110CA07C2
:1078A0000ED001F0FE0180F83110090708D5EAF783
:1078B00079BF04A340F29B320FA117A0E1F796BC59
:1078C000704700002E2E2F4D6964646C65776172DD
:1078D00065732F54686972645F50617274792F4CBC
:1078E0007749502F7372632F636F72652F6E6574C3
:1078F00069662E63000000006E657469665F7365DB
:10790000745F646F776E3A20696E76616C6964208B
:107910006E65746966000000417373657274696F07
:107920006E2022257322206661696C656420617473
:10793000206C696E6520256420696E2025730A001D
:10794000002800D0C161704758B190F831104A0743
:107950000ED501F0FB0180F83110C169002907D074
:10796000084704A340F206420FA118A0E1F73EBC6D
:10797000704700002E2E2F4D6964646C657761722C
:1079800065732F54686972645F50617274792F4C0B
:107990007749502F7372632F636F72652F6E657412
:1079A00069662E63000000006E657469665F73652A
:1079B000745F6C696E6B5F646F776E3A20696E7688
:1079C000616C6964206E657469660000417373655B
:1079D0007274696F6E2022257322206661696C655E
:1079E00064206174206C696E6520256420696E20B6
:1079F00025730A0010B5040015D094F83100410732
:107A00001AD440F0040084F831002046E6F7A0FFC5
:107A100003212046FFF7A6FEE16900290CD020468D
:107A2000BDE810400847BDE8104004A34FF4787249
:107A30000FA118A0E1F7DABB10BD00002E2E2F4DCC
:107A40006964646C6577617265732F5468697264E8
:107A50005F50617274792F4C7749502F7372632F86
:107A6000636F72652F6E657469662E630000000097
:107A70006E657469665F7365745F6C696E6B5F7564
:107A8000703A20696E76616C6964206E657469660F
:107A900000000000417373657274696F6E202225C7
:107AA0007322206661696C6564206174206C696E64
:107AB0006520256420696E2025730A0050B190F876
:107AC0003110CA070DD141F0010180F831100321B6
:107AD000FFF748BE03A34FF454720FA115A0E1F7BE
:107AE00085BB70472E2E2F4D6964646C657761727B
:107AF00065732F54686972645F50617274792F4C9A
:107B00007749502F7372632F636F72652F6E6574A0
:107B100069662E63000000006E657469665F7365B8
:107B2000745F75703A20696E76616C6964206E6569
:107B300074696600417373657274696F6E202225E3
:107B40007322206661696C6564206174206C696EC3
:107B50006520256420696E2025730A0070B50B4CE2
:107B6000050020460ED00AE060686A68904204D1A1
:107B70001846A968D8F7F3FE30B1143420460368DC
:107B8000002BF1D1002070BD204670BD18C0050843
:107B900010B5EFF3058111B16FF0050403E0002487
:107BA00008B10EF093FB204610BDEFF3058008B13D
:107BB00010F094BE10F08CBEEFF3058010B16FF0A2
:107BC000050070470448016811B14FF0FF3070475D
:107BD000012101600020704748C0012010B5EFF37B
:107BE000058010B16FF0050010BD0848016801293B
:107BF00002D04FF0FF3010BD054A002182F8141D5D
:107C0000022101600EF0E6FC002010BD48C00120FA
:107C10000BE000E070B50546EFF3058010B16FF0A2
:107C2000050407E045B128460EF01AFB002428465B
:107C30000EF0F8FA204670BD6FF00304FAE700007A
:107C4000F8B51D466FF003026FF002064FF0000416
:107C5000EFF30583A3B1F0B1E9B1E5B900220092D9
:107C60006A4610F00DFC012817D10098B0B10C49FC
:107C70004FF080500860BFF34F8FBFF36F8F0DE060
:107C800048B141B12A4610F041FB012806D025B188
:107C90006FF0010402E0144600E034462046F8BDCF
:107CA00004ED00E0002806D0EFF3058109B10EF0E5
:107CB00080B90EF06CB97047F8B514464FF0000566
:107CC000EFF3058212BB08B301B3A4B1D4E90232C9
:107CD00063B1542A1AD32269C2B1676900FB01F665
:107CE000B74213D3009510F02AF807E072B9226961
:107CF00062B9626952B9002210F000F8050005D09F
:107D00000CB1216800E000210EF070FA2846F8BDA1
:107D1000F8B51D466FF003026FF002064FF0000445
:107D2000EFF30583ABB100B3F9B1F5B90022134607
:107D300000926A4610F040F9012818D10098B8B1B5
:107D40000C494FF080500860BFF34F8FBFF36F8F27
:107D50000EE050B149B100232A4610F067F801281F
:107D600006D025B16FF0010402E0144600E034466D
:107D70002046F8BD04ED00E02DE9F0410D46014636
:107D800021F0010001F001014FF00004EFF3058242
:107D90000AB1A41F16E048B100296FF001066FF088
:107DA0000207294608D010F0CDFC07E06FF003046D
:107DB00008E035B1344605E010F0E4FB0128F8D1C5
:107DC00000E03C462046BDE8F08170B505464FF026
:107DD0000004EFF3058050BB0DB1686800E000209F
:107DE000C10701D0012600E0002600071FD46DB1B5
:107DF000D5E9021021B1542819D31EB1042002E0A4
:107E000020B114E001200FF068FF05E00EB104205E
:107E100000E001200FF056FF040008D00DB12968E2
:107E200000E000210EF0E2F90EB144F0010420461A
:107E300070BD70B5014621F0010001F001014FF065
:107E40000004EFF305820AB1A41F11E028B16FF01E
:107E5000020529B110F092F907E06FF0030407E082
:107E600000231A4619460FF0E1FF012800D02C46E6
:107E7000204670BDF8B50D460024211F4E1C002879
:107E800004D000BFEFF30582A2B10DB10C461BE098
:107E900000216A46009110F0F3FA012813D10098EE
:107EA00090B10A494FF080500860BFF34F8FBFF385
:107EB0006F8F09E0294610F065FB012804D015B149
:107EC0006FF0010400E034462046F8BD04ED00E008
:107ED00070B50546EFF3058010B16FF0050407E0BB
:107EE00045B128460EF0BCF9002428460EF09AF958
:107EF000204670BD6FF00304FAE7F8B51446034658
:107F00000E464FF00005EFF3058098BB93B39E42F9
:107F10003DD84CB1A0680028E06803D0542836D37F
:107F2000012002E008B132E00020012B05D010B39F
:107F30001846A2680FF0A6FE20E040B10320009092
:107F4000002211460120A3680FF0F9FE04E003228D
:107F5000002101200FF0D2FE050018D086B10023C9
:107F60001A4619460FF062FF012809D028460EF084
:107F700059F900250BE018460FF067FE050006D002
:107F80000CB1216800E0002128460EF02FF92846A8
:107F9000F8BD000038B50024E51E00280BD000BF56
:107FA000EFF30581A9B100210091694610F07FF837
:107FB000012815D102E06FF0030412E0009880B1AF
:107FC00009494FF080500860BFF34F8FBFF36F8FA8
:107FD00007E000231A4619460FF028FF012800D0B9
:107FE0002C46204638BD000004ED00E02DE9FF419D
:107FF0004FEA01034FF00005EFF30581039549BBFC
:1080000040B38027182100244AB3166806B13446CD
:1080100096691EB13146761E382E02D21679F607C1
:1080200003D0002004B0BDE8F081566906B1B7085E
:10803000D2F808C0BCF1000F0DD0D568602D18D360
:1080400012693AB136B18DE806103A46214610F071
:1080500000FC03900DE0D6685EB912694AB903AA24
:10806000CDE90012BAB2214610F0C6FB012800D0BB
:1080700003950398D6E711F0070208D0491EC1F313
:10808000CF01FF239340405CDAB2104201D10120BE
:108090007047002070470022AFF3008070B5A8B190
:1080A000B1F5803F26D2002918D004898BB214FA8A
:1080B00081F5ADB29D421DD3057B2D0610D54268DA
:1080C000511A00F11002914214D30CE00AA340F2BD
:1080D000DF1215A117A0E1F789F80BE0002070BDB1
:1080E00042B14268511A4160418919444181E11805
:1080F0000181F3E7012070BD2E2E2F4D6964646C61
:108100006577617265732F54686972645F5061723C
:1081100074792F4C7749502F7372632F636F726598
:108120002F706275662E63007020213D204E554CE5
:108130004C000000417373657274696F6E202225D4
:108140007322206661696C6564206174206C696EBD
:108150006520256420696E2025730A002DE9FE4FF5
:10816000054690460F461046012A11D041280FD0EF
:108170004FF0000AB0F5C17F10D0B2F5207F6AD071
:108180004CA340F2271257A15DA0E1F72FF88EE033
:108190000246002000F014F9044685E00024A146C0
:1081A0000E20FAF7DFFA060039D0E81C029020F022
:1081B0000300A0F2F450404280B2B84200D93846E1
:1081C000834670191330CDE9008A20F003015B4625
:1081D0003A46304600F0EBFC3079800706D035A3F4
:1081E0004FF4807250A146A0E1F700F8029840F2E7
:1081F0007D11B1EB900F06D12EA34FF4817256A1E1
:108200003FA0E0F7F3FF24B3C9F80060A7EB0B0031
:108210000704B1463F0C4FF00005C1D144E005F022
:1082200061FF5A4D2E780121297005F083FF56B960
:10823000002157480CF0F8FD28B105F053FF85F8F0
:1082400000A005F077FF002C31D0204600F0A0FB05
:108250002DE03446DAE7E81C20F00302F81C20F099
:108260000301501880B200F1100292B281421ED870
:1082700091421CD81046F9F79DFF040017D06019F1
:108280001330CDE9008A20F003013B461A46204610
:1082900000F08DFC2079800706D006A34FF4917280
:1082A0003CA117A0E0F7A2FF2046BDE8FE8F00200A
:1082B000FBE700002E2E2F4D6964646C65776172B8
:1082C00065732F54686972645F50617274792F4CC2
:1082D0007749502F7372632F636F72652F706275C9
:1082E000662E6300706275665F616C6C6F633A2026
:1082F0006572726F6E656F757320747970650000BA
:10830000417373657274696F6E2022257322206633
:1083100061696C6564206174206C696E65202564F8
:1083200020696E2025730A00706275665F616C6C4F
:108330006F633A207062756620712D3E7061796CB2
:108340006F61642070726F7065726C7920616C6906
:10835000676E656400000000504255465F504F4F05
:108360004C5F42554653495A45206D7573742062DF
:108370006520626967676572207468616E204D458B
:108380004D5F414C49474E4D454E5400B8C0012009
:10839000558B0408706275665F616C6C6F633A2080
:1083A000706275662D3E7061796C6F6164207072C9
:1083B0006F7065726C7920616C69676E656400002E
:1083C0002DE9FC4114460E460746412A08D0012CEF
:1083D00006D00CA34FF4A57216A11BA0E0F706FF70
:1083E0000D20FAF7BFF905004FF0000008D0CDE9E5
:1083F000004033461A463946284600F0D8FB284646
:10840000BDE8FC812E2E2F4D6964646C6577617226
:1084100065732F54686972645F50617274792F4C70
:108420007749502F7372632F636F72652F70627577
:10843000662E6300696E76616C6964207062756691
:108440005F74797065000000417373657274696FC1
:108450006E2022257322206661696C656420617438
:10846000206C696E6520256420696E2025730A00E2
:108470007CB51C46DDE90635C01C20F0030046181B
:10848000AE4201D900207CBD0BB1184400E00020B1
:108490000223CDE900230B4601461A46204600F090
:1084A00086FB20467CBD000070B50D4608B1002D4E
:1084B00008D1BDE8704014A340F259321EA12CA08F
:1084C000E0F794BE0446006820B121892A8911444E
:1084D0002181F7E72089618988420FD00AA340F201
:1084E00062322DA122A0E0F781FE206830B106A300
:1084F00040F2633234A11EA0E0F778FE208929897A
:1085000008442081256070BD2E2E2F4D6964646C57
:108510006577617265732F54686972645F50617228
:1085200074792F4C7749502F7372632F636F726584
:108530002F706275662E6300286820213D204E55FD
:108540004C4C2920262620287420213D204E554CB5
:108550004C29202870726F6772616D6D657220768C
:10856000696F6C61746573204150492900000000F7
:10857000417373657274696F6E20222573222066C1
:1085800061696C6564206174206C696E6520256486
:1085900020696E2025730A00702D3E746F745F6C25
:1085A000656E203D3D20702D3E6C656E20286F6607
:1085B000206C617374207062756620696E20636838
:1085C00061696E2900000000702D3E6E6578742090
:1085D0003D3D204E554C4C0010B50C46FFF764FF56
:1085E0002046BDE8104000F099BB002102E0491C84
:1085F000006889B20028FAD10846704770B5154660
:1086000013890A461946FFF7A9FD04000CD0294634
:1086100000F042F830B105A340F224520FA114A09B
:10862000E0F7E4FD204670BD002070BD2E2E2F4DDA
:108630006964646C6577617265732F5468697264EC
:108640005F50617274792F4C7749502F7372632F8A
:10865000636F72652F706275662E63007062756657
:108660005F636F7079206661696C6564000000006B
:10867000417373657274696F6E20222573222066C0
:1086800061696C6564206174206C696E6520256485
:1086900020696E2025730A002DE9F0474FF000078E
:1086A0000C4605003E466FF00F0904D01CB1288926
:1086B0002189884204D232A340F2C9323CA145E06C
:1086C0006FF0050A6889C11B6089801B814201D354
:1086D000804600E0884660684246811968683844F0
:1086E000D8F7E8F8688947444644B84206D224A33C
:1086F00040F2D9323AA140A0E0F778FD6089B0425B
:1087000006D21FA340F2DA3245A13BA0E0F76EFD8E
:108710006089B04201D8246800266889B84202D135
:108720002D68002765B1002C16D060892189884208
:1087300012D1206800280FD011A340F2E93215E0D1
:10874000002C1BD00EA34FF479723CA12AA0E0F7B5
:108750004DFD4846BDE8F08775B168892989884292
:108760000AD1286840B106A340F2EE3237A122A018
:10877000E0F73CFD5046EDE7002CA3D10020E9E7EF
:108780002E2E2F4D6964646C6577617265732F546A
:10879000686972645F50617274792F4C7749502F09
:1087A0007372632F636F72652F706275662E63003C
:1087B000706275665F636F70793A20746172676585
:1087C00074206E6F742062696720656E6F756768CC
:1087D00020746F20686F6C6420736F75726365001E
:1087E0006F66667365745F746F203C3D20705F74C4
:1087F0006F2D3E6C656E0000417373657274696F16
:108800006E2022257322206661696C656420617484
:10881000206C696E6520256420696E2025730A002E
:108820006F66667365745F66726F6D203C3D207085
:108830005F66726F6D2D3E6C656E0000705F746FC9
:1088400020213D204E554C4C0000000070627566A2
:108850005F636F7079282920646F6573206E6F7471
:1088600020616C6C6F77207061636B65742071752B
:1088700065756573210000002DE9F0470027164655
:108880008946B84620B1B9F1000F06D004462CE065
:1088900018A340F20A4223A103E016A340F20B42C0
:1088A00028A131A0E0F7A2FC0020BDE8F0872BB1A1
:1088B0006089984202D8181A83B215E06089C01AFC
:1088C00085B2B54200D9354660682A46C11809EB21
:1088D0000700D7F7EFFF08EB05001FFA80F87819BB
:1088E00087B2701B86B2002324680EB1002CDED143
:1088F0004046DAE72E2E2F4D6964646C657761720D
:1089000065732F54686972645F50617274792F4C7B
:108910007749502F7372632F636F72652F70627582
:10892000662E6300706275665F636F70795F706159
:10893000727469616C3A20696E76616C6964206258
:1089400075660000706275665F636F70795F706155
:10895000727469616C3A20696E76616C6964206436
:108960006174617074720000417373657274696F31
:108970006E2022257322206661696C656420617413
:10898000206C696E6520256420696E2025730A00BD
:108990002DE9F041040007D05FF0000505F0A2FBCF
:1089A0000746A07B50B110E025A34FF4377230A1E9
:1089B00032A0E0F71BFC0020BDE8F08120A340F2CC
:1089C000F12238A12DA0E0F711FCA07B401EC6B219
:1089D000A673384605F0AEFB002E23D1207B617BC9
:1089E000266800F00F0089070CD5206930B914A360
:1089F00040F2FF2231A121A0E0F7F8FB21692046D7
:108A000088470BE002280FD0012810D0A0B10CA39A
:108A100040F20F3232A119A0E0F7E8FB6D1CEDB275
:108A20003400BBD12846C7E721460E2001E021468D
:108A30000D20F9F7DFFDF1E72046F9F773FAEDE7CE
:108A40002E2E2F4D6964646C6577617265732F54A7
:108A5000686972645F50617274792F4C7749502F46
:108A60007372632F636F72652F706275662E630079
:108A70007020213D204E554C4C0000004173736521
:108A80007274696F6E2022257322206661696C659D
:108A900064206174206C696E6520256420696E20F5
:108AA00025730A00706275665F667265653A2070AC
:108AB0002D3E726566203E203000000070632D3E22
:108AC000637573746F6D5F667265655F66756E63FF
:108AD00074696F6E20213D204E554C4C0000000003
:108AE000696E76616C696420706275662074797055
:108AF0006500000010B501460748F9F7C9FD0748B1
:108B00000178012906D1002101704068BDE81040BC
:108B1000FFF740BA10BD00001C8D05084C00002076
:108B200070B50D460446002609E06189A9420BD8BC
:108B30002046691A24688DB20660FFF729FF0DB13F
:108B4000002CF2D1204670BD2946204600F034F9B1
:108B5000F8E7000010B505F0C5FA094A00211170C8
:108B600005F0E8FA0748006806E0416F19B1BDE872
:108B7000104006F037BEC0680028F6D110BD0000D6
:108B8000B8C00120D0C0012010B500F0B7FA00280D
:108B900001DBC0B210BD002010BD0122AFF3008088
:108BA000002902DA494200F007B9FFF777BA70B539
:108BB0000024DDE90456C0E90041028143810573C8
:108BC000467301218173C47370BD38B514466A467B
:108BD00000F05AF9002806D04289BDF800108A42F8
:108BE00001D94068445438BD2DE9F0410D460400D8
:108BF00006D121A34FF4CC722BA131A0E0F7F6FAF5
:108C00002089A84235D9401B86B240F2AF170CE04C
:108C1000281A85B22089801B208124682CB916A3CC
:108C20003A4631A126A0E0F7E1FA6089A842EFD3E5
:108C3000207B000715D16089A84212D0607B800795
:108C40000FD4A088001B284481B22046F9F7E0FB2E
:108C5000040006D108A340F2BD1229A118A0E0F734
:108C6000C5FA65812581206808B1FFF791FE0020D3
:108C70002060BDE8F08100002E2E2F4D6964646CE9
:108C80006577617265732F54686972645F506172B1
:108C900074792F4C7749502F7372632F636F72650D
:108CA0002F706275662E6300706275665F72656113
:108CB0006C6C6F633A207020213D204E554C4C0067
:108CC000417373657274696F6E202225732220666A
:108CD00061696C6564206174206C696E652025642F
:108CE00020696E2025730A00706275665F72656187
:108CF0006C6C6F633A207120213D204E554C4C0026
:108D00006D656D5F7472696D2072657475726E65E4
:108D1000642071203D3D204E554C4C0010B50400A0
:108D200012D005F0DFF9A17B491CA17305F002FA0E
:108D3000A07B002808D1BDE8104004A340F24232D5
:108D40000EA113A0E0F752BA10BD00002E2E2F4D39
:108D50006964646C6577617265732F5468697264C5
:108D60005F50617274792F4C7749502F7372632F63
:108D7000636F72652F706275662E63007062756630
:108D800020726566206F766572666C6F77000000F2
:108D9000417373657274696F6E2022257322206699
:108DA00061696C6564206174206C696E652025645E
:108DB00020696E2025730A0010B520B1B1F5803FFF
:108DC00006D3012010BD0FA340F24B2219A109E0E8
:108DD00000290BD043898AB2934209D209A340F2F9
:108DE000552217A11EA0E0F701FAEAE7002010BD06
:108DF000446821444160991A41810189891A01819D
:108E0000F4E700002E2E2F4D6964646C6577617263
:108E100065732F54686972645F50617274792F4C66
:108E20007749502F7372632F636F72652F7062756D
:108E3000662E63007020213D204E554C4C000000F2
:108E4000696E6372656D656E745F6D61676E69747E
:108E5000756465203C3D20702D3E6C656E00000001
:108E6000417373657274696F6E20222573222066C8
:108E700061696C6564206174206C696E652025648D
:108E800020696E2025730A00AFF3008002E0C91A42
:108E9000006889B210B143898B42F8D9002A00D00A
:108EA000118070472DE9F047002790468946164605
:108EB0006FF00F0400280FD0B9F1000F11D0028914
:108EC000B24217D21EA340F2B54229A130A0E0F76A
:108ED0008DF92011BDE8F08719A340F2B34236A105
:108EE00003E017A340F2B44239A129A0E0F77EF9CC
:108EF0002046EFE7044640F2BD4A14E02CB910A327
:108F000052463AA122A0E0F771F960893546A8429D
:108F100000D2054609EB07012A466068D7F7CAFC6C
:108F20002468761B2F44002EE8D1474506D004A3C1
:108F30004FF4996233A116A0E0F758F90020C9E771
:108F40002E2E2F4D6964646C6577617265732F54A2
:108F5000686972645F50617274792F4C7749502F41
:108F60007372632F636F72652F706275662E630074
:108F7000706275665F74616B653A20627566206E1B
:108F80006F74206C6172676520656E6F756768002D
:108F9000417373657274696F6E2022257322206697
:108FA00061696C6564206174206C696E652025645C
:108FB00020696E2025730A00706275665F74616BAC
:108FC000653A20696E76616C69642062756600009E
:108FD000706275665F74616B653A20696E76616C6C
:108FE00069642064617461707472000070627566F7
:108FF0005F74616B653A20696E76616C696420709C
:1090000062756600646964206E6F7420636F7079A6
:1090100020616C6C2064617461000000F8B5144636
:109020000F466A461946FFF72FFF05002AD0BDF804
:10903000000029890219914224D36989814206D806
:1090400012A340F2E3421DA122A0E0F7CFF8688905
:10905000BDF800102246401AA04200DB104686B23E
:109060006868324608443946D7F724FCA01B02043E
:10907000120C07EB060103D02868FFF713FFF8BDB9
:109080000020F8BD4FF0FF30F8BD00002E2E2F4D10
:109090006964646C6577617265732F546869726482
:1090A0005F50617274792F4C7749502F7372632F20
:1090B000636F72652F706275662E63006368656307
:1090C0006B20706275665F736B6970207265737573
:1090D0006C740000417373657274696F6E20222591
:1090E0007322206661696C6564206174206C696E0E
:1090F0006520256420696E2025730A0008B56A463C
:10910000FFF7C4FE38B14289BDF800108A4202D987
:109110004068405C08BD4FF0FF3008BD70B50446A4
:10912000006800254068002806D01AA340F2652296
:1091300025A12DA0E0F75AF82068007800F0F00093
:10914000102815D0202801D0FA2020E028460CF065
:1091500032FB216848602168C0B10978222901D119
:109160000121017422682A4950680CF027FB09E0AC
:10917000284607F059FA21684860216830B108464E
:1091800002F0B4F920684068002801D1FF20207166
:1091900070BD00002E2E2F4D6964646C657761727E
:1091A00065732F54686972645F50617274792F4CD3
:1091B0007749502F7372632F6170692F6170695FF7
:1091C0006D73672E630000007063625F6E65773AAF
:1091D0002070636220616C726561647920616C6CDF
:1091E0006F63617465640000417373657274696FC5
:1091F0006E2022257322206661696C65642061748B
:10920000206C696E6520256420696E2025730A0034
:10921000A1A904082DE9F041144602680D468B1AF5
:10922000064604F188010F462046F1F719FC18B9EB
:1092300039462046F1F7DCF93560BDE8F0810000E1
:109240003EB5154600221A605A609A601C466A466E
:10925000EFF7A2FC10B1A0F56A503EBD2946684662
:10926000F5F7F8F808B107483EBD2878012807D17E
:109270002068052800D008B9606808B102483EBDE2
:1092800000203EBD80C3FFFF80C5FFFF2DE9F043F6
:1092900089B091460E460546302307AAEFF7DEFD5A
:1092A00050BB28680799294F0844B0424AD102238D
:1092B00007AA31462846EFF7D1FDE8B90024059406
:1092C000069402940394049400940194234629681C
:1092D0004846079AF5F762FFDFF8708008F16608E4
:1092E00058BB2868079902230844286007AA31461A
:1092F0002846EFF7B3FD20B1A0F56C5009B0BDE8EA
:10930000F08328680799CDE904400691002303946F
:10931000009401941A46194648460294F5F73EFF18
:1093200058B928680799084428604846F5F7C0FCF2
:1093300018B94846F5F794FC08B14046DEE72868BE
:10934000B04201D03846D9E70020D7E79AC4FFFFE2
:1093500010B50C46096809B1002010BDF3F7CEFD29
:1093600018B1F3F70CFD2060F6E74FF0FF3010BDA9
:1093700038B50C4601680B4D06290BD16946F5F747
:1093800033F808B1084838BD207828B19DF800109E
:10939000884201D0284638BD9DF800102046F1F7DC
:1093A00009FA38BD00C3FFFF00C6FFFF81070CD1DB
:1093B0006421B0FBF1F201FB120141B94FF4C87115
:1093C000B0FBF1F201FB120008B100207047012050
:1093D000704700002DE9F041304D04462868844272
:1093E00006D22FA340F2DF1239A13FA0DFF7FEFE25
:1093F0006868844206D32AA34FF4F07244A13AA0CD
:10940000DFF7F4FE207930B125A340F2E11247A145
:1094100035A0DFF7EBFE20884FF42048404506D901
:109420001FA34FF4F27248A12FA0DFF7DFFE2088C0
:1094300000F096FF0646B44215D0307998B96868B6
:10944000864210D0E868B04200D1EC6030882080BD
:109450003088404507D02046F8F7D2FF07463088CD
:1094600000F07EFF4780608800F07AFFA04212D0B3
:10947000017900290FD1E968A14200D1E860218873
:1094800001802188414506D0F8F7BAFF05462088BB
:1094900000F066FF4580BDE8F081000080000020FC
:1094A0002E2E2F4D6964646C6577617265732F543D
:1094B000686972645F50617274792F4C7749502FDC
:1094C0007372632F636F72652F6D656D2E6300007D
:1094D000706C75675F686F6C65733A206D656D20A1
:1094E0003E3D2072616D0000417373657274696F57
:1094F0006E2022257322206661696C656420617488
:10950000206C696E6520256420696E2025730A0031
:10951000706C75675F686F6C65733A206D656D2060
:109520003C2072616D5F656E64000000706C756751
:109530005F686F6C65733A206D656D2D3E75736560
:1095400064203D3D20300000706C75675F686F6C73
:1095500065733A206D656D2D3E6E657874203C3DD7
:10956000204D454D5F53495A455F414C49474E4553
:1095700044000000007818B1F72801D80120704796
:109580000020704710B5040006D11BA34FF4B5723C
:1095900026A12AA0DFF72AFE6078012802D004283D
:1095A00005D00EE001212046EDF748F909E0206AD8
:1095B00018B1417A09B1491E417201212046ECF7E8
:1095C000F9FC217FC80614D5606890B1B0F864201A
:1095D00041F684439A420CD9B0F86600142808D2A8
:1095E00001F0EF002077636A1BB1002202212046C0
:1095F0009847002010BD00002E2E2F4D6964646C2A
:109600006577617265732F54686972645F50617227
:1096100074792F4C7749502F7372632F6170692FC3
:109620006170695F6D73672E63000000636F6E6E1B
:1096300020213D204E554C4C0000000041737365C5
:109640007274696F6E2022257322206661696C65D1
:1096500064206174206C696E6520256420696E2029
:1096600025730A002DE9F04F00F12003D0E90B74B7
:1096700068CB002213F1050A42F1000CA04615EB5D
:109680000C0942EB020416EB040E42EB020C17EB42
:109690000C0B42EB020C08EB0C04A408C4F1000C08
:1096A0006FEA0C0803EA08030AEA0C04234306EAFB
:1096B00008060EEA0C04264309EA0C090BEA0C041E
:1096C000D0F810C007EA080705EA08051CEB0303F9
:1096D000D0F814C0274345EA090542EB02041CEB0D
:1096E000050542EB020CD0F818802D194CEB020C4A
:1096F00018EB060642EB020416EB0C065441C06957
:109700003A1910440B701A0A4A701A0C8A701A0E11
:10971000CA700D712A0A4A712A0C8A712A0ECA71FE
:109720000E72320A4A72320C8A72320ECA72087390
:10973000020A4A73020C8A73000EC873BDE8F08FE8
:109740002DE9FF4F96B000211391D0E900410F9110
:1097500081681291C16815910F9901EB91011491E3
:10976000129901EB910111911599D0E908B901EB1A
:10977000910ED0E90A518A46066B0021179A109182
:1097800091427DD2139A18990A449378118863F311
:109790001F41D37841EA036302939779938892F843
:1097A0000AC067F31F43D779002143EA076713898B
:1097B0006CF31F4392F80BC043EA0C6892F80EC09A
:1097C0009389D27B6CF31F4343EA0262029B0492AB
:1097D00013EB0B0B41EB010319EB030241EB01030C
:1097E000D7194B41EA1841EB010C12EB08084CEB7E
:1097F00001031AEB0303049A41EB010C9B184CEB99
:109800000105DDF864C05A466544C24605EB060B07
:10981000A2FB0456A7FB0EC815EB0C05DDF844C0EF
:1098200046EB0806AAFB0CC815EB0C05DDF850C08A
:1098300046EB0806A3FB0CC815EB0C0546EB080627
:10984000CDE901650F9DA7FB04C8A2FB056516EBDA
:109850000C0645EB0805AAFB0EC816EB0C06DDF856
:1098600044C045EB0805A3FB0CC816EB0C06DDF85D
:1098700050C045EB0805ABFB0CC816EB0C0900E02B
:109880006DE045EB0805CDE90759129DDDF83CC0B8
:10989000A2FB0556A7FB0CC815EB0C0546EB08060A
:1098A000AAFB04C815EB0C0546EB0806A3FB0EC883
:1098B00015EB0C05DDF844C046EB0806ABFB0CC805
:1098C00015EB0C0946EB0806CDE90569159D129EBE
:1098D000A2FB0552A7FB0676ED1972410F9E0BFB0A
:1098E00004F8AAFB0676ED197241A3FB0436EB18C7
:1098F0007241ABFB0E6513EB060C6A41DDE90759BB
:10990000019E19EB0607DDE905694D4119EB0503D9
:109910004E411CEB060A4A4102EB0806B946029D7D
:10992000B7087D1941EB010226F0030715EB070B81
:109930004A4119EB020941EB01055D1941EB0102B6
:109940001AEB020A06F0030C49411CEB01061399BD
:1099500001F110011391109901F101010EE7C0F816
:1099600020B0C0E90995C0E90BA61AB0BDE8F08F98
:109970002DE9F0418846044608EB8802016802EBB5
:109980004810042202EB800086B00F18F9F752F954
:10999000060007D001463846F9F704F803000AD05C
:1099A000022219E00023012239464046EBF74AFE25
:1099B00006B0BDE8F081E56D0023681CE065009508
:1099C000B889CDE901061A46694660680EF02EFA9C
:1099D0000346012808D0032239464046EBF732FE01
:1099E0003046F9F765F9E3E74FF47A70EAF7F3FCEC
:1099F000064602E002200CF033FF324603A9A068BD
:109A00000EF084FC0128F5D103AB2A4641462046DE
:109A100000F002F8CCE70000F0B50E461D46074600
:109A200001EB8601006801EB4611042303EB810181
:109A30004418286887B0904202D00023042224E012
:109A40002B790BB1052220E006A80090072304AA79
:109A50002046A968F8F71EFF030001D0062214E093
:109A600094F89210B8190E4A4C300023CDE9022028
:109A7000CDE90013E189BDF8183004AA04F1100003
:109A8000FBF7D2FF030004D0072221463046EBF754
:109A9000D9FDA86807B0BDE8F040F9F709B90000A2
:109AA000B9A304087CB50C460546E2F775FB1044E3
:109AB000A1181A46EAF71EFC08B104207CBD6946CD
:109AC0002846E2F777FB08B102207CBD08226946F0
:109AD0002046D6F744FF0028F7D005207CBD0000C3
:109AE0002DE9F041134C0F460546E6682068001D3D
:109AF0000CF03AFA681C07D137B12168BDE8F04193
:109B00000D48091D0CF0C4BA20683544B5424560C3
:109B1000216805D2A06BBDE8F041091D0CF0A0BA88
:109B2000606B091D0CF09CFAA06A854200D2A56208
:109B3000BDE8F0810CC0012038C90120F8B5044609
:109B40000CF0B2FA354DA868401CA8602868344F64
:109B500010B1686938B32CE02C60A868012828D1BE
:109B60005FF0000606EB860007EB80000CF06AFA57
:109B7000761C382EF6D32B480CF064FA29481430A2
:109B80000CF060FA274828300CF05CFA25483C308D
:109B90000CF058FA234850300CF054FA214868630E
:109BA0001430A86305E02868E16AC06A884200D8DA
:109BB0002C60686A401C6862A06464B12046DCF7CF
:109BC000F1F8236B206804F13401C01A009020469C
:109BD000E26ADCF73FFD2046DCF724F9E06A2969F8
:109BE000884200D9286100EB800007EB8000211D2E
:109BF0000CF04EFA0CF078FA686900280CD028684E
:109C0000E16AC06A884207D207494FF08050086075
:109C1000BFF34F8FBFF36F8FF8BD00000CC0012062
:109C200088C40120E8C8012004ED00E038B50CF03C
:109C30003BFA104C2068C8B90F480CF003FA0E48E4
:109C400014300CF0FFF90C48E060143020610A4B2E
:109C50000020F43B009003F1540210210A200EF082
:109C60006EF8206010B105A10CF0C0FABDE83840D4
:109C70000CF03ABA3800002040CA0120546D7251ED
:109C80000000000030B4026C0B46002A0BD0C16803
:109C90001144C1608468A14201D30168C16030BC35
:109CA0001846D6F707BE30BC70472DE9F041856BEA
:109CB000174604460026026C82B1C7B1E068D6F7A9
:109CC000F9FDE168206C091AE1602268914202D234
:109CD000A168081AE060022F16D017E02068A8B922
:109CE000A0680EF06BFE06460020A0600EE06068E3
:109CF000D6F7E0FD216C606808446060A168884286
:109D000004D32068606001E005B16D1E6D1CA56381
:109D10003046BDE8F08110B5044690F85D0058B1BA
:109D200001280CD002280FD0502080F31188BFF3F7
:109D30004F8FBFF36F8FFEE7206B0CF0E9F92046E1
:109D4000BDE810400CF0E4B910BD000010484FF41D
:109D50007051420706D0C01D0D4920F00700411A7E
:109D6000C1F570510B4A00230144C2E900030839D0
:109D7000183A21F0070111604B600B600B1AC0E923
:109D8000001393604FF00040536050617047000033
:109D90006010001064C00120144E154CA6F29C47C0
:109DA0004FF08058DFF84C9012E000BF0CF07CF9C7
:109DB000F068C568281D0CF0D7F8A068401EA060A8
:109DC0006068401E60600CF08FF92846FFF7A3FF23
:109DD00060680028EAD138680128F9D9C9F80080FC
:109DE000BFF34F8FBFF36F8FF2E7000024C901204C
:109DF0000CC0012004ED00E0002807D000218160A4
:109E000001600B460A46C1600EF010B870472DE99C
:109E1000F0411F46069C0D00064612D02260C4E9A0
:109E20000F65012120460DF0BDFF84F85070002021
:109E3000A0643B462A463146BDE8F0417320DCF77A
:109E400071B82460EBE72DE9F05F8846DDE90B94FB
:109E50001546834691009A460A9EA522206BD6F7A6
:109E600049FD6FF00301206B01EB8501084420F0F0
:109E70000707780707D0502080F31188BFF34F8F72
:109E8000BFF36F8FFEE700256764B8F1000F0ED0B7
:109E90000020221818F8001082F8341018F800106A
:109EA00011B1401C1028F4D384F8435001E084F829
:109EB0003450382E00D33726E662C4E91465201DDD
:109EC0000CF0CBF804F118000CF0C7F82461C6F1CF
:109ED00038006462A061A56584F85C50524659461A
:109EE000384600F005FB2060B9F1000F01D0C9F839
:109EF0000040BDE8F09F000030B5114900E0114678
:109F00000A688242FBD34B685C18844203D14068E4
:109F100018444860084643681C18944209D1084C0C
:109F2000183C2468A24209D052681A4442600A6868
:109F300012680260814200D0086030BD0460F9E719
:109F400064C0012070B5002441600B4D0061914256
:109F500006D8D11A8269914206D2011D286907E00C
:109F60009A4203D2994201D3012403E0011DE8681B
:109F70000CF076F8204670BD3800002010B504467D
:109F80000CF092F8A06B28B15FF000040CF0ACF874
:109F9000204610BD0124F9E7F1B500260098846C35
:109FA0005CB1A16BE06B81420FD3502080F311882C
:109FB000BFF34F8FBFF36F8FFEE7502080F3118800
:109FC000BFF34F8FBFF36F8FFEE7A16B81420CD2BF
:109FD00094F94550002269462046FFF766FE064682
:109FE000681C04D06D1C84F845503046F8BD606A8A
:109FF0000028FAD004F124000EF06CFD0028F4D003
:10A000000126F2E730B589B03C4D6EE00498002897
:10A0100006DADDE90601059A90470498002864DB1A
:10A02000069C606910B1201D0BF09EFF03A800F094
:10A03000D7F8024604980A2857D2DFE800F0050551
:10A04000052D334A05052D3394F8280040F0010012
:10A0500084F828000599A069059B01442046FFF774
:10A0600071FF68B3216A2046884794F828004007AA
:10A070003BD5002000900598A1690023421819469D
:10A0800020460EF0F5FDD8B9502080F31188BFF3BB
:10A090004F8FBFF36F8FFEE714F8280F20F00100F9
:10A0A000207022E094F8280040F0010084F8280095
:10A0B0000598A06128B1811813462046FFF742FF9A
:10A0C00013E0502080F31188BFF34F8FBFF36F8FE1
:10A0D000FEE794F82800810703D420460CF018F816
:10A0E00003E020F0010084F82800002204A9286879
:10A0F0000EF00CF9002889D109B030BD38000020DD
:10A100002DE9FC410F4605460CF00AFB01A800F0C2
:10A1100067F80446019818B10EF016FDBDE8FC8101
:10A12000254EAFB130690068D0B30027291B3A46ED
:10A1300030680CF0A9F80EF007FD0028EED11F4999
:10A140004FF080500860BFF34F8FBFF36F8FE5E78C
:10A15000A542EBD80EF0F8FCF0682746C068C4684A
:10A16000201D0BF001FF94F82800410719D5A069C4
:10A170002B4641193A462046FFF7E4FEA8B10020DD
:10A180000346014600902A4620460EF071FD60B954
:10A19000502080F31188BFF34F8FBFF36F8FFEE71E
:10A1A00007E020F0010084F82800216A2046884753
:10A1B000B4E70127BAE700003800002004ED00E012
:10A1C0000648416B096829B1416BC968C96849688B
:10A1D000816270474FF0FF31FAE700000CC00120A8
:10A1E00070B505460EF074FB064E0446B068844216
:10A1F00003D200F009F8012000E00020286020468A
:10A20000B46070BD38000020F8B5194D20E0C0687A
:10A21000C4680668201D0BF0A7FE216A2046884707
:10A2200094F82800400713D5A0693044B04206D9FD
:10A2300024616060211DE8680BF012FF08E0002037
:10A24000034601460090324620460EF011FD38B11B
:10A25000E86801680029DAD12969C5E90310F8BD69
:10A26000502080F31188BFF34F8FBFF36F8FFEE74D
:10A2700038000020002101E0401C491C0278A52A7A
:10A28000FAD0C1F38F00704708484068401C4FF077
:10A29000500080F3118804D0BFF34F8FBFF36F8F4E
:10A2A000FEE7BFF34F8FBFF36F8FFEE76CC0012057
:10A2B0000346002012B1994302D070470B42FCD0F4
:10A2C00001207047074CE068016841B1C068002177
:10A2D000D0F80000FFF714FFFFF794FEF3E7012129
:10A2E0000020F7E7380000202DE9F04104460BF08C
:10A2F000DBFE94F9455004F124060FE0A06C18B180
:10A300002046FFF749FE04E0606A48B130460EF08F
:10A31000E1FB08B10CF00CF86D1E6DB2002DEDDC08
:10A320004FF0FF3684F845600BF0DEFE0BF0BCFE0C
:10A3300094F9445004F1100709E0206948B1384607
:10A340000EF0C8FB08B10BF0F3FF6D1E6DB2002DCF
:10A35000F3DC84F84460BDE8F0410BF0C5BE0000BA
:10A360000149096808447047800000202DE9FC4736
:10A3700005468846EC301F461646002402218146D9
:10A38000FAF712FF90B100200221CDE90001024648
:10A390003B4641464846FAF7BFFE31464846FAF783
:10A3A000F5FE4846E968FAF75FFF01E04FF0FF3439
:10A3B0002046BDE8FC87000008B5002906D00091C2
:10A3C0000278072302A10020DBF754FB08BD000040
:10A3D0005B636F6C6C6563746F725D20706F696E28
:10A3E000743D2575206661696C7572653D25752023
:10A3F000726573756C743D25640D0A002DE9F0419A
:10A40000054600270CF08CF9324E306808B9FFF78A
:10A410009DFC706905424ED1C5B3083568070ED062
:10A4200005F00700C0F108000544680707D0502078
:10A4300080F31188BFF34F8FBFF36F8FFEE72DB30B
:10A440007068854237D82348183001460C6801E00F
:10A4500020460C466168A94202D221680029F7D142
:10A4600031688C4227D0076821680160606808372E
:10A47000411B10290FD96019420708D0502080F3E2
:10A480001188BFF34F8FBFF36F8FFEE713E041607A
:10A490006560FFF731FD61687068401A7060B268EE
:10A4A000904200D2B060706901430020C4E900010D
:10A4B000F068401CF0600EF047FB780707D0502092
:10A4C00080F31188BFF34F8FBFF36F8FFEE73846DD
:10A4D000BDE8F0814CC001200449086818B1086843
:10A4E000426D521C42650868704700000CC0012094
:10A4F00010B5031F4FF080741C601B1F21F0010179
:10A500001960191F044B0B6014390A60091F6FF0A2
:10A51000020244380A6010BD89A204082DE9F04700
:10A52000814600201070506014468846484601F06D
:10A5300057F814222849E9F7F1F990BB2648001D85
:10A5400000F04EF860602448083000F049F80546F5
:10A5500021480C3000F044F807461F48103000F046
:10A560003FF806461C4800F03BF81C49884221D1C0
:10A57000606802281ED8EDB142F21B10854219D83E
:10A5800010211548E3F732FBB04213D1484601F0E1
:10A5900027F811492A4614310E461430E9F7BEF95E
:10A5A00010B10420BDE8F08729463046E3F71EFBD2
:10A5B000B84201D00020F5E7424629463046E2F78E
:10A5C000CFFA062803D020B100202070F2E7032044
:10A5D000E8E70120F9E70000BC6401204346473268
:10A5E00082780188C07862F31F4141EA00607047B9
:10A5F00070B504460B46D4E900101546401AA8422F
:10A6000001D2002070BD15B11846D6F753F9206865
:10A6100028442060012070BD38B50C46054600F086
:10A62000AEF8002804D0217819B101290AD0002001
:10A6300038BD201D0090FD230122A11D284600F0F9
:10A640005EF838BD211D2846BDE83840AFF30080D4
:10A6500038B50C4604226946FFF7CAFF00281FD010
:10A66000BDF800009DF8022041BA090441EA022326
:10A670009DF8031045BA2D040B4345EA02251B063D
:10A68000ADB243EA052345BA40BA0004EDB240EA50
:10A69000022043EA0523084343EA106020600120BA
:10A6A00038BD38B50C46054600F069F8002823D0BF
:10A6B000207800B3012820D1A01C00908023012223
:10A6C000211D284600F01BF8B8B104F18600811C5A
:10A6D000009080230022284600F011F868B104F5AC
:10A6E0008571284600F04BF838B104F20B1128466A
:10A6F00000F045F808B1012038BD002038BD2DE933
:10A70000F0410F46069C1D4616468046214600F045
:10A7100013F878B12288B2420CD3AA420AD839463B
:10A720004046FFF765FF28B12188002078540120BA
:10A73000BDE8F0810020FBE7D0E900239B1A022B43
:10A7400001D20020704712880A800168891C0160CC
:10A750000120704710B5D0E900239B1A042B01D2C9
:10A76000002010BD94781388D27864F31F4343EA25
:10A7700002620A600168091D0160012010BDD0E974
:10A7800000239A4201D10020704712780A700168B4
:10A79000491C0160012070472DE9F04104468846BC
:10A7A00010681D461646002118B9286808B94FF4EC
:10A7B000FA7160690BE06168814203D13068401C26
:10A7C000306002E02868401C2860002160690DF0BC
:10A7D000D0FE0028EFD1306828B1217E022914D3A1
:10A7E000296891B102E0286800280CD0D4E9033729
:10A7F0002868401E28600020207600224146184626
:10A800000DF084FD3846BDE8F081D4E90137401EE3
:10A810003060207EFF28F0D2401CEDE72DE9F041AA
:10A820001F4614460E00054606D126A34FF4967225
:10A8300031A13AA0DEF7DAFC002D06D121A340F2C7
:10A840002D1240A135A0DEF7D1FC37B11DA34FF486
:10A85000977244A131A0DEF7C9FC002D13D06868BF
:10A86000B04206D017A340F2351244A12BA0DEF768
:10A87000BDFC05F11000074603F0B8FC38B17CB10F
:10A88000214624890EE06FF00500BDE8F081B4B1E7
:10A890002189304607F0F8FF2046FEF779F80EE0F0
:10A8A0003E490024384603F095FC10B14FF0FF30CC
:10A8B000EBE76B6A1BB1224600212846984700202F
:10A8C000E3E700002E2E2F4D6964646C657761729A
:10A8D00065732F54686972645F50617274792F4C8C
:10A8E0007749502F7372632F6170692F6170695FB0
:10A8F0006D73672E63000000726563765F7463702A
:10A90000206D7573742068617665206120706362C4
:10A9100020617267756D656E740000004173736528
:10A920007274696F6E2022257322206661696C65DE
:10A9300064206174206C696E6520256420696E2036
:10A9400025730A00726563765F746370206D75739A
:10A9500074206861766520616E20617267756D652F
:10A960006E74000065727220213D204552525F4F87
:10A970004B20756E68616E646C6564007265637609
:10A980005F7463703A207265637620666F72207719
:10A99000726F6E6720706362210000008A8D050867
:10A9A0002DE9F047DDF820801F4616460C000546CD
:10A9B00005D124A3E52230A138A0DEF717FC002D35
:10A9C00028D06868A04205D01EA3EE223DA133A086
:10A9D000DEF70CFC05F11000814603F007FC0028AF
:10A9E0001ED00720F7F7BEFE040019D0266066606F
:10A9F000002F1AD03868A060A4F80C803689214650
:10AA0000484603F0E7FB002811D02046BDE8F04798
:10AA1000FBF7F6BB0BA3E62232A120A0DEF7E6FB94
:10AA20003046BDE8F047FDF7B3BF0020E3E76B6AAF
:10AA3000002B05D032462846BDE8F04700211847D4
:10AA4000BDE8F0872E2E2F4D6964646C65776172C6
:10AA500065732F54686972645F50617274792F4C0A
:10AA60007749502F7372632F6170692F6170695F2E
:10AA70006D73672E63000000726563765F756470A6
:10AA8000206D757374206861766520612070636243
:10AA900020617267756D656E7400000041737365A7
:10AAA0007274696F6E2022257322206661696C655D
:10AAB00064206174206C696E6520256420696E20B5
:10AAC00025730A00726563765F7564703A2072655B
:10AAD000637620666F722077726F6E672070636294
:10AAE00021000000726563765F756470206D757378
:10AAF00074206861766520616E20617267756D658E
:10AB00006E74000070B5144A117849B1012909D05A
:10AB1000022907D0032905D0D6F7C6FB002070BD57
:10AB20000A2100E00B21A0FB01014FF47A73A0FB86
:10AB3000034601FB03610025926900FB0511531ECA
:10AB400045F1FF35E01869410023D5F79BFC4FF430
:10AB5000FA71401870BD000018C1012038B5114CC1
:10AB6000002000906078012818D06078032814D164
:10AB70000120E0700C48D9F766FF6946D4F80C0054
:10AB80000DF095FA0098002807D008494FF0805042
:10AB90000860BFF34F8FBFF36F8F38BD6946A06861
:10ABA000EEE7000018C10120D402002004ED00E00F
:10ABB000FEB5184C002500956078174F4FF0805671
:10ABC000022815D0607803281ED10AF0BFF9134877
:10ABD000D9F7CFFE01950295E57001A920690DF026
:10ABE00066FA02A9E0680DF062FA019868B106E021
:10ABF000A5706946A0680DF05AFA009806E03E601C
:10AC0000BFF34F8FBFF36F8FFEBD02980028F6D1C0
:10AC1000FEBD000018C1012004ED00E0D4020020B8
:10AC20002DE9FC41284C00250095A088401CA080FF
:10AC3000A088264F4FF0805601281BD0A088FF28FF
:10AC40003BD86069A188012201442148DAF776F9EE
:10AC500090B3E5700AF07AF96946E0680DF027FADA
:10AC60000098002804D03E60BFF34F8FBFF36F8F72
:10AC7000BDE8FC816069A188012201441448DAF72B
:10AC80005DF980B1E57001950AF060F969462069C7
:10AC90000DF00DFA01A9E0680DF009FA00980028FE
:10ACA000E1D10198DDE7A06900F058FA80B20AF01E
:10ACB0002BF969462069D1E7FFE7A06900F04EFA59
:10ACC00080B20AF021F9D3E718C1012004ED00E0B9
:10ACD000D40200207FB500251B4C00950195012072
:10ACE0000295A070A5800320607018480068016874
:10ACF000406803906069A188012201441348DAF793
:10AD00001DF940B1E570694620690DF0D0F901A93F
:10AD1000E0680DF0CCF9002240210D48D7F73AFB4E
:10AD200002A9A0680DF0C3F9DDE90001084302990A
:10AD3000084307D007494FF080500860BFF34F8F9A
:10AD4000BFF36F8F7FBD000018C10120D402002027
:10AD50000018024004ED00E010B5AC210120EEF730
:10AD6000DFF9040003D000221146F4F754FA20461C
:10AD700010BD012803D0062801D000207047012013
:10AD8000704700002DE9F041044608300D460746A3
:10AD9000F3F775FA01466068264E814245D1B0F559
:10ADA000007F42D800213846F2F7E4F900283CDD64
:10ADB00000213846F2F7F0FEB8B3CDB104F12C0013
:10ADC00000210746F2F7D6F900282EDD002138468B
:10ADD000F2F7E2FE48B304F1380000210746F2F72B
:10ADE000C9F9002821DD00213846F2F7D5FEE0B18F
:10ADF000002104F11400F2F7BDF9002815DDBDB102
:10AE0000002104F14400F2F7B5F900280DDD00211E
:10AE100004F15000F2F7AEF9002806DD002104F13C
:10AE20005C00F2F7A7F9002802DC3046BDE8F081AB
:10AE30000020FBE780BFFFFFF3F7F4BE01220A709A
:10AE400005A34B6000F108038B600A7304A2143061
:10AE5000C1E90420704700007273612E4E000000AB
:10AE60007273612E450000002DE9FF5F1D46DDE98C
:10AE70000E98DDE910BA16460F460446F4F78CF931
:10AE8000B04203D0084804B0BDE8F09FCDF8009070
:10AE9000CDF80C80CDE90175012352465946204674
:10AEA000F4F7C4F9EFE7000080BFFFFF2DE9FE4F84
:10AEB0000F460CA91D4691E8000B16460446DDF826
:10AEC0003CA0F4F769F9C8F80000484502D90648E3
:10AED000BDE8FE8F0096CDE9017500235246594624
:10AEE0002046F4F7BBF9F3E700BCFFFF10B50446BA
:10AEF000F4F718F92046BDE81040EFF76BBF10B526
:10AF0000F4F74AF9C00010BD2DE9F84F8A46D0F891
:10AF1000A01091460446002500F1080800F19807AA
:10AF200000F18C06D9B1324631463046F3F718F8B5
:10AF3000002819D1314642460846F2F7D4FF0028CE
:10AF400012D13A4611460846F3F70AF800280BD109
:10AF500039464246BDE8F84F0846F2F7C4BF2846D6
:10AF60006D1C0A2802DD1548BDE8F88F61684B4664
:10AF700052463846491EF2F74EFD0028F4D14246AB
:10AF800039463046F2F788FD0028EDD101213046E0
:10AF9000F2F7F0F80028E2D1424639463046F2F79F
:10AFA00039FE0028E0D104F16800314600904346A4
:10AFB00004F114020846F2F7F3FAD5E780BBFFFF6D
:10AFC0002DE9FF4F83B04FF0000ADDF840805FEAC3
:10AFD0000009DFF8FCB01E460D464446CDF800A03F
:10AFE0004846CDF804A01FD0F1F788FF050020D017
:10AFF0006A4601A94846F3F717FAD0B92846F1F78F
:10B00000BEFE00990546084400F10801802910D2CF
:10B0100005F10A02AA420CD3891C914209D3B1421C
:10B0200007D8371A0A3F02E0AE4202D3771B0B2F34
:10B0300003D2584607B0BDE8F08F04F801AB0120F9
:10B0400004F8010BFF1EFF2239462046D5F752FCBB
:10B05000E019B9F1000F00F801AB33D0302100F84E
:10B06000011B009A2A44083200F8012B441C01708D
:10B070000098001D04F8010B062004F8010B00984D
:10B0800004F8010BDDE900212046D5F713FC0098F8
:10B090002A460444052004F8010B042004F801ABFF
:10B0A00004F8020B204604F8015C0599D5F702FC70
:10B0B000601908EB0601814208D031464046F3F79B
:10B0C00097FCB6E72A460599D5F7F4FB0020B1E7CF
:10B0D00080BFFFFF2DE9FF5F0F460EA91D4691E8D7
:10B0E000000F16460446F4F757F8C9F8000020464A
:10B0F00001AC009784E8600101235A465146F4F7F9
:10B10000BFF804B0BDE8F09F2DE9FF471F46DDE919
:10B110000CA6904689460546F4F73EF80446A6423A
:10B1200003D20C4804B0BDE8F0870DF1040CCDF853
:10B13000009000238CE880051A4619462846F4F74B
:10B14000B7F80028EED1A64201D90348EAE700206B
:10B15000E8E7000080BCFFFF00C7FFFFB0F5964F97
:10B1600024D00CDCB0F5966F14D0B0F5166F14D067
:10B17000B0F5965F14D0B0F5165F09D113E0B0F5C5
:10B18000164F16D0B0F5614F13D0B0F5E13F10D097
:10B190000020704747F65450704743F6AA60704746
:10B1A00041F65570704740F6AB70704740F2D6706C
:10B1B000704740F2D66070472DE9F84F0446007F93
:10B1C00038B10B26A069B0F5964F04D940F2D6608D
:10B1D0000DE00A26F6E72B4B0021451E41F1FF3119
:10B1E000E6FB0351024600232846D5F74BF94FF002
:10B1F00000094D4604F5805700903DE005EB8500C1
:10B2000000EB451004EB800041F66C0100EB010AF5
:10B2100000209AF8011031B1012904D0022904D08C
:10B22000032903D101E00E2000E00F20A0FB06124D
:10B23000DFF854C00023A1FB0C0802FB0C8201FBC9
:10B240000321D4F818B05A46E4F782FB0099DAF8E3
:10B25000082000EB41004FF47A71A0FB0101E4F7F4
:10B2600077FB0A4AA2EB0901814202D20020BDE825
:10B27000F88F6D1C8144EDB297F86808A842BDD8DC
:10B280000120F4E7E067350040420F0020A10700ED
:10B290002DE9FF5F05463148934689460468E81763
:10B2A00005EB507A05F00700012707FA00F651E098
:10B2B000E06908BB62690020FAB1DDF80CE0A3691F
:10B2C00018E000BF02EBC001D1F800C0AC4510D1BE
:10B2D000B9F1000F04D091F804C05FEACC7C33D1FF
:10B2E000BBF1000F02D0097989072DD45FEA0E0166
:10B2F0002AD1401C8342E5D82BE0B9F1000F09D0D8
:10B30000A16839B1082D05D201EBEA010978314273
:10B3100000D00120BBF1000F0AD048B9E16839B173
:10B32000082D05D201EBEA010978314200D0012055
:10B33000039941B140B9206958B1082D09D200EBF9
:10B34000EA000078304020B104F12000E76102F00B
:10B3500082FF2468002CABD1BDE8FF9F7C00002059
:10B3600070B51546040005D0607801280AD004287D
:10B370000DD010E014A340F2931220A123A0DDF71A
:10B3800035FF1EE001212046EBF758FA03E00121CA
:10B390002046EAF70FFE606898B1B0F8641041F6F5
:10B3A000844291420DD9B0F86600142809D2207F5A
:10B3B00000F0EF002077636A1BB12A460221204685
:10B3C0009847002070BD00002E2E2F4D6964646CDC
:10B3D0006577617265732F54686972645F5061723A
:10B3E00074792F4C7749502F7372632F6170692FD6
:10B3F0006170695F6D73672E63000000636F6E6E2E
:10B4000020213D204E554C4C0000000041737365D7
:10B410007274696F6E2022257322206661696C65E3
:10B4200064206174206C696E6520256420696E203B
:10B4300025730A00F0B50746002285B0C0691146A1
:10B44000EAF778FA060042D45FF0000404EB8400C7
:10B4500000EB841007EBC000006A002802DB641CCC
:10B46000042CF3D3042C2FD0012001903C20029017
:10B470000A20039003200490012204213046EAF7B9
:10B4800031FC08BB042501AB082240F6FF713046B1
:10B490000095ECF7E7F9B8B902AB03220621304674
:10B4A0000095ECF7DFF978B903AB042206213046AA
:10B4B0000095ECF7D7F938B904AB052206213046E0
:10B4C0000095ECF7CFF920B13046EAF783FB05B0E1
:10B4D000F0BD04EB840000EB841007EBC0000021FA
:10B4E000066280F82410A0F82A11F0E710B544682D
:10B4F0000146204603F0C6F90949204607F01AF92B
:10B500000849204607F058FE02220749204606F067
:10B5100041F92046BDE81040044903F0F5BF0000A2
:10B520001DA8040861B3040885950408C125030813
:10B53000F4F7B3BB10B56C210120EDF7F1FD040069
:10B5400001D0F4F756FC204610BD10B50446F4F7C0
:10B550004AFC2046BDE81040EFF73CBCF4F7A0BB26
:10B56000F0F7C8BA0121F4F769BCF4F7AFBC0123C6
:10B57000F4F742BC0021F4F761BC0023F4F73CBCB3
:10B58000F4F7DEBC10B5D8210120EDF7C9FD0400A9
:10B5900001D0F4F767FE204610BD10B50446F4F75D
:10B5A0005BFE2046BDE81040EFF714BCF4F7CBBCBF
:10B5B000F0F7BEBE0121F4F779BEF4F701BF012315
:10B5C000F4F753BE0021F4F771BE0023F4F74DBE2B
:10B5D00018B1F72801D801207047002070470000FB
:10B5E00008B10248704702487047000000D0FF00D1
:10B5F00000A0FF0008000AD00649074A497801EB7D
:10B60000410102EB810102684A6000F057B9002055
:10B6100000F0D2BDF4C00120F44A012010B51C4C4A
:10B620006068002833D12E200AF0C5F86060002839
:10B6300009D118A340F2962224A12FA0DDF7D6FD50
:10B640006068002823D0002235490AF0B7F8207836
:10B6500060B101281BD160687B22417A41F0200152
:10B660004172BDE810402F4909F0D8BD43F698203B
:10B67000A060D4F743FF41F28831B0FBF1F201FB47
:10B680001200BDE810400022274902F003BE10BDA1
:10B69000F4C001202E2E2F4D6964646C65776172B1
:10B6A00065732F54686972645F50617274792F4CAE
:10B6B0007749502F7372632F617070732F736E749C
:10B6C000702F736E74702E63000000004661696C09
:10B6D000656420746F20616C6C6F636174652075A4
:10B6E00064702070636220666F7220736E747020C5
:10B6F000636C69656E740000417373657274696F81
:10B700006E2022257322206661696C656420617455
:10B71000206C696E6520256420696E2025730A00FF
:10B720002DB70408988F050829B8040830B5384C9F
:10B7300087B0154621780A9829B904F10C021968D6
:10B740001268914260D17B285ED1288930285BD174
:10B7500000212846FDF718FA217800F0070011B102
:10B76000012903D050E0042802D04DE005284BD138
:10B7700001212846FDF708FAE0B318231A46694666
:10B780002846FDF779F82248009910300268914266
:10B790003AD101994068814236D12846FDF7F8F840
:10B7A0000498EAF7EFFA05460598EAF7EBFA194824
:10B7B000284400F00DFB607800EB4001164800EBD8
:10B7C0008100017A41F001010172207800280FD137
:10B7D0000021124802F064FE0021114802F060FED0
:10B7E00043F69820A0600F4800220D4902F052FD58
:10B7F00007B030BDFFE72846FDF7CAF820780028DB
:10B80000F6D100F0D9FCF3E72846FDF7C1F8EFE7E1
:10B81000F4C001208081557CF44A0120B9C104089C
:10B8200029B8040880EE360038B5154C154D6078FF
:10B830002A4600EB400155F8210002EB810188B156
:10B8400000224A601346104A6946E4F7D1FA411DC6
:10B850000ED070B96078009900EB400005EB8000D5
:10B86000416002E04868009018B1684600F026F890
:10B8700038BD0022054943F6982002F00BFD38BD83
:10B88000F4C00120F44A0120F5B50408B9C1040848
:10B8900010B5084C00220649A06802F0FBFCA16824
:10B8A000054A4800904202D8884200D9A06010BDE5
:10B8B00029B80408F4C00120F04902002DE9FC4732
:10B8C000070006D12EA34FF408723BA13FA0DDF77D
:10B8D0008DFC4FF4207230213620FCF73FFC050030
:10B8E00043F6982943D06C6830212046D5F709F8F3
:10B8F0002320207001A9684600F094F83D49009883
:10B9000041F2C7020144019840F65F0342435843A5
:10B91000A2EB104000F663080846EAF733FA064641
:10B920004046EAF72FFA34497B233A46C1E90060E2
:10B93000A662E062304C2946103C60680AF038F894
:10B940002846FDF725F86078002200EB40012B48DF
:10B9500000EB8100017A490001722949484602F052
:10B9600099FC04F10C0138680860BDE8FC8702B05E
:10B970004846BDE8F0470022224902F08BBC000097
:10B980002E2E2F4D6964646C6577617265732F5438
:10B99000686972645F50617274792F4C7749502FD7
:10B9A0007372632F617070732F736E74702F736E68
:10B9B00074702E63000000007365727665725F61BB
:10B9C00064647220213D204E554C4C0041737365D8
:10B9D0007274696F6E2022257322206661696C651E
:10B9E00064206174206C696E6520256420696E2076
:10B9F00025730A00807EAA8304C10120F44A012035
:10BA0000B9C1040829B80408054A10B5545C0129D5
:10BA100003D100F051F900B1641C204610BD0000B4
:10BA2000C18F05082DE9F04391B00D46064614215B
:10BA30006846D4F766FF00272C2106A80597D4F79F
:10BA400060FFDFF8B4804FF0FF3900244946D8F892
:10BA500004000CF097FD37600022694627482F60EC
:10BA6000D7F7EAFE08B126A142E0002205A9234843
:10BA7000D7F7C0FE08B12AA13AE0DDE9010188420A
:10BA800001D92FA134E09DF8020006909DF8010035
:10BA900007909DF8000008909DF8160009909DF809
:10BAA0001500CDF83890401E0A909DF817006430BC
:10BAB0000B9006A800F01AF9411C18D03060DDE99F
:10BAC0000110401A2849029AA0FB01010023521CD0
:10BAD000D4F7D8FC0124286000231A461946D8F868
:10BAE00004000CF0A3F911B02046BDE8F0831FA1BB
:10BAF0000020D9F7BFFFEFE72C0100200002002053
:10BB0000534E5450206661696C656420746F2072D6
:10BB1000656164205254432074696D650A00000019
:10BB2000534E5450206661696C656420746F2072B6
:10BB30006561642052544320646174650A0000000A
:10BB4000534E545020525443207375627365636F93
:10BB50006E642076616C756520697320696E76610C
:10BB60006C69640A0000000040420F00534E5450BC
:10BB7000206661696C656420746F20636F6E766502
:10BB80007274205254432074696D650A00000000ED
:10BB90002DE9F0418CB0884604462C216846D4F744
:10BBA000B0FE94B3B8F1000F4FD021683C20B1FB38
:10BBB000F0F200FB1212B1FBF0F10092B1FBF0F2D7
:10BBC00000FB1212B1FBF0F018210192B0FBF1F270
:10BBD000B0FBF1F401FB1202201D07210292B0FB21
:10BBE000F1F201FB12004FF4B77540F2B2766F1E0E
:10BBF0000690304600F060F808B1284600E038466C
:10BC0000844203D3241A761CF3E71EE0A6F26C707C
:10BC100000250794059029463046FFF7F5FE84423B
:10BC200003D3241A6D1C0C2DF5D30C2D0DD0002040
:10BC30000890641C2C2269464046CDE90345D4F7A0
:10BC400039FE40460CB0BDE8F0810020FAE7000064
:10BC500038B5E1F7E7F800F12405144901200CF0AC
:10BC60003CF813494860134802F0C5FA002000F080
:10BC700011FA002404EB441005EBC001087880B1F0
:10BC8000486800906946204600F078FA641CE4B2E7
:10BC9000022CEFD3FFF7C2FCBDE83840054802F0A4
:10BCA000BBBA2046891D00F07DFAEFE72CEA01209F
:10BCB0002C01002088C0012081070CD16421B0FB39
:10BCC000F1F201FB120141B94FF4C871B0FBF1F27E
:10BCD00001FB120008B100207047012070470000EE
:10BCE00001480078704700002C0100202DE9F05F2A
:10BCF00004004FF000074FF0FF3A59D06069A0F1FF
:10BD00004601892954D22169002951DB0B294FDCD6
:10BD1000A268002A4CDB172A4ADC6268002A47DB4B
:10BD20003B2A45DC2268002A42DB3B2A40DC00F249
:10BD30006C7080468946FFF767FEE168012937DBB2
:10BD4000814235D840F2B2754FF4B77640F26D1BA0
:10BD500008E02846FFF7B0FF08B1304600E058463B
:10BD600007446D1C4545F4D3E56800266D1E05E0CB
:10BD700031464046FFF748FE0544761C4E45F7D352
:10BD8000A1684FF461604143104E00207B190246C8
:10BD9000E3FB06126668C6EB0616B600761840EBA3
:10BDA0000201226892194141561C71F1000102D32F
:10BDB0005046BDE8F09F07211B1DB3FBF1F601FBC8
:10BDC0001631A161C4E907501046F2E78051010025
:10BDD0002DE9F047A6B08246142111A8D4F791FDB1
:10BDE0000025142120A81695D4F78BFD01273C4689
:10BDF0003E46B846B94602A925A8CDF894A01795A5
:10BE0000FFF7C6FE30B107986438642805D3524660
:10BE100045A182E052464FA17FE004998DF844107D
:10BE200003998DF8451002998DF8461008991495DC
:10BE30001595E1B15FFA81F18DF858100699DFF898
:10BE400038A1491C8DF8591005998DF85A108DF8B4
:10BE50005B004FF0FF31DAF804000CF093FB002296
:10BE600020A94648D7F7E8FC050002D007E00721E3
:10BE7000E2E7002217A94148D7F7BCFC074655EA7C
:10BE800007001BD1002211A93C48D7F7B5FD0400DB
:10BE900005D1002216A93948D7F762FD064654EAB3
:10BEA00006000BD0002220A93448D7F7A5FD804614
:10BEB000002217A93148D7F753FD814600231A46BF
:10BEC0001946DAF804000BF0B1FF0DB12CA110E017
:10BED0000FB134A10DE00CB13BA101E01EB142A1B4
:10BEE0000020D9F7C7FD34430BD058EA090006D02B
:10BEF00045A10020D9F7BEFD26B0BDE8F087504926
:10BF0000F7E702AB4FA2202118A8D4F729FB40B1D4
:10BF100001218AF8001018AA4FA10020D9F7AAFD24
:10BF2000EAE751A1E5E70000534E54502074696DD3
:10BF300065206973206F7574736964652074686522
:10BF4000205254432072616E67653A20256C750A51
:10BF500000000000534E54502074696D6520636FDB
:10BF60006E76657273696F6E206661696C65643A9E
:10BF700020256C750A0000002C0100200002002022
:10BF8000534E5450206661696C656420746F206262
:10BF900061636B207570205254432074696D650A8B
:10BFA00000000000534E5450206661696C656420A7
:10BFB000746F206261636B2075702052544320645B
:10BFC0006174650A00000000534E54502066616998
:10BFD0006C656420746F2073657420525443207420
:10BFE000696D650A00000000534E54502066616977
:10BFF0006C656420746F2073657420525443206410
:10C000006174650A00000000534E54502066616957
:10C010006C656420746F20726573746F7265207430
:10C0200068652070726576696F757320525443207D
:10C0300074696D6520616E6420646174650A000036
:10C040006CCD050825642E256D2E25592025483AEE
:10C05000254D3A2553000000534E54502074696D0D
:10C06000653A2025730A0000534E545020666169DA
:10C070006C656420746F20666F726D6174207379D3
:10C080006E6368726F6E697A65642074696D650AA3
:10C090000000000070B50446012806D909A340F24B
:10C0A000D12216A11BA0DDF7A1F8244D6868002855
:10C0B00006D004A340F2D22221A116A0DDF796F803
:10C0C0002C7070BD2E2E2F4D6964646C6577617283
:10C0D00065732F54686972645F50617274792F4C74
:10C0E0007749502F7372632F617070732F736E7462
:10C0F000702F736E74702E6300000000496E7661BD
:10C100006C6964206F7065726174696E67206D6F11
:10C1100064650000417373657274696F6E20222537
:10C120007322206661696C6564206174206C696E9D
:10C130006520256420696E2025730A00F4C0012063
:10C140004F7065726174696E67206D6F6465206DF4
:10C15000757374206E6F7420626520736574207728
:10C1600068696C6520534E545020636C69656E7429
:10C170002069732072756E6E696E670010B50228B3
:10C180000CD2074C00EB400204EB8200002311B1FB
:10C190000968416000E0436044F8223010BD0000AF
:10C1A000F44A0120022804D2024A00EB400042F87F
:10C1B00020107047F44A0120F0B414480021144ABA
:10C1C00044780E4643785B1CDBB24370022B00D3ED
:10C1D0004670437803EB430502EB85031F1D01D036
:10C1E0005B6813B952F8253033B143F6982181606A
:10C1F000F0BC0020FFF718BB491C11F0FF01E1D093
:10C200004470F0BC0020FFF743BB0000F4C00120E5
:10C21000F44A01202DE9F041C46AA6B016468846CA
:10C2200005460C2704B9AC6A03A8F3F7E2FD296BB5
:10C2300003A801F5A871F3F730FDDEB10EA61EA923
:10C2400003A8F3F72DFD2021CDE900180297286BF4
:10C250001EAB3246D0F8A452302104F13000A8477A
:10C2600003A8F3F7C0FD20211EA8F2F7C1FB26B0FA
:10C27000BDE8F08104A6E2E7736572766572206618
:10C28000696E697368656400636C69656E742066C5
:10C29000696E6973686564002DE9F041C46ACAB0CB
:10C2A0001646884605460C2704B9AC6A04A8F3F77D
:10C2B000D9FF296B04A801F5E071F3F741FED6B16F
:10C2C0000EA63AA904A8F3F73EFE3021CDE90018E6
:10C2D0000297286B3AAB3246D0F8A45204F13000F2
:10C2E000A84704A8F3F7B8FF40213AA8F2F780FB6B
:10C2F0004AB0BDE8F08105A6E3E7000073657276F9
:10C3000065722066696E697368656400636C69654F
:10C310006E742066696E69736865640030B59BB0A1
:10C3200004460D466846F3F764FD216B684601F547
:10C33000A871F3F7B2FC29466846F3F7B1FC6846EA
:10C34000F3F751FD1BB030BD30B5B7B004460D4614
:10C350006846F3F787FF216B684601F5E071F3F754
:10C36000EFFD29466846F3F7EEFD6846F3F774FFE4
:10C3700037B030BD70B5054616460846F4F7CAF822
:10C38000040014D02169E868814221DCA16981425E
:10C390001EDB2046F4F7CCF828B1286BD0F8380122
:10C3A000B0B10068A0B1E868032802D00BE00A48E9
:10C3B00070BD2046F4F744FB010004D0286BF5F76C
:10C3C000FAF80028F4D02146284601F095F808B183
:10C3D000002070BD3460FBE70094FFFF2DE9F04FB3
:10C3E0000446006ADFF878B18FB000284DD0606B4A
:10C3F00000284AD08830EDF7DBFC626B216FDFF854
:10C4000064A1926891427DD3062803D0082801D008
:10C410000A283AD1656B2868007F800701D5082774
:10C4200000E01027D5E90301401A216FC21991429B
:10C4300068D3081AC61BD4F864802667606D0DF1B6
:10C440002503016807914068089094F86C008DF806
:10C450002400206890F85C00C0F34002D4E9020197
:10C46000F5F75CFAB4F87000000A8DF8270094F82C
:10C4700070008DF82800E8680C2855D12A690DF164
:10C480003009042A02D00C2A0ED04DE005F1280113
:10C490004846D4F70FFA296901EB0900216E0A68B2
:10C4A00002604968416013E005F128014846D4F76D
:10C4B00001FA00204946D4F854C00A181CF800C0FC
:10C4C0001379401C83EA0C03C0B213710828F2D31D
:10C4D00008EB06000BAACDE9042006970D21CDE953
:10C4E0000018CDF80C800296606BEA6807AB0CA9C7
:10C4F0008830EDF7C5FB30B110F5C64F24D00FB032
:10C50000BDE8F08F20E00B98B0420DD1216F0020E4
:10C5100061B1E0670821626D481E135C5B1C13F07B
:10C52000FF03135415D111E05846E8E7E0680328EB
:10C5300005D1E06E172802D00A488038DFE7E06FA7
:10C54000401CE0670328E5DD5046D8E710F0FF0106
:10C55000E1D109B10020D2E701488030CFE70000E7
:10C560000094FFFF808EFFFF2DE9F0430446406AF0
:10C57000DFF8249193B000283ED0A06B00283BD078
:10C580005030EDF715FC062803D0082801D00A2802
:10C5900032D1A56B2868007F800701D5082700E00D
:10C5A0001027D5E90301A0EB0108D4F888000DF1AC
:10C5B000410301680E9140680F9094F89C008DF83B
:10C5C0004000206890F85C00C0F34002D4E902010A
:10C5D000F5F7A4F9B4F8A000000A8DF8430094F828
:10C5E000A0008DF84400E8680C2853D12A690AAEEF
:10C5F000042A02D00C2A16D04CE005F1180130466E
:10C60000D4F758F92869D4F8881030440A680260D1
:10C6100049684160D4F88810D4F894000A68026030
:10C620004968416010E005F118013046D4F742F93D
:10C630000020D4F8883031181B5C0A79401C5A401D
:10C64000C0B20A710828F4D3D4F8A060D4F89800D6
:10C6500006EB0801C4F8A01081190DAACDE9042148
:10C6600006970D21CDE90010039002960EAB0AA9A2
:10C6700005F15000EA68EDF749FB002807D10D9855
:10C68000B04207D154F8A00F38442060002013B006
:10C69000BDE8F0834846FAE70094FFFF10B5044672
:10C6A0000521F4F705F9002818D1204600F020FCF8
:10C6B000002813D1216F2046491DF4F7F9F800280E
:10C6C0000CD16067606B50B12046FFF787FE0028F1
:10C6D00004D1206FB0F5C05F01D9024810BD002021
:10C6E00010BD0000008EFFFF70B50446006C08B15D
:10C6F000F4F76BFFE06A08B1F4F78CFE206B10B121
:10C700002046F4F7F9FA206C20B9C0210120ECF79B
:10C7100007FD2064E06A20B968210120ECF700FDE4
:10C72000E062206B4FF44C7528B929460120ECF7E4
:10C73000F7FC2063F0B3206CE0B3E06AD0B3F4F709
:10C740007AFE266CC0213046D4F7DBF806F15000A3
:10C75000EDF75CFB06F18800EDF758FB06F13800B9
:10C76000F0F7E6FB06F14400F0F7E2FB246B294604
:10C770002046D4F7C6F804F5A8700546F3F739FB50
:10C7800000212846F3F75AFB04F5E0700546F3F75D
:10C7900069FD01212846F3F789FD0F48C4F8980286
:10C7A000002020706070201DEDF760FD0320C4F8AC
:10C7B000400100E001E0002070BD206BEEF70AFBB5
:10C7C000206CEEF707FBE06AEEF704FB0020206325
:10C7D0002064E062014870BD61D704080081FFFF5A
:10C7E0002DE9F04104460068464E90F85C00C00711
:10C7F00011D0E06878B1A06F07280CD1E06E162840
:10C800000CD1606E01780B2950D103223EA1001D8E
:10C81000D4F7A5F850B1E06E16280CD00A220221F8
:10C820002046F4F7E1FD3948BDE8F081E16A402097
:10C8300048663748F8E7616E08780B2836D1A26F52
:10C840000A2A33D3B1F80500097940BA71BBC01D7B
:10C8500090422BD1E06A006E28B1F5F7A5F8E06AA6
:10C86000006EEEF7B7FA4FF49A710120ECF758FC1E
:10C87000E16A086618B1F5F7F7F807253CE05022A1
:10C8800002212046F4F7B0FD2248CDE7E91C88429A
:10C890000CD3616E4A5D4AB96A1C0A44EB1C1288CB
:10C8A00052BA802A02D39D18854206D9322202212B
:10C8B0002046F4F799FD3046B6E7E06A1944006E69
:10C8C000F5F75EF9074610F5225F11D042F22E60AF
:10C8D000381811D0AE280DD0A0F22E60B0F5005F50
:10C8E0000AD02A2202212046F4F77EFD38469BE733
:10C8F0005022F7E72B22F5E7A06FA842C6D8002008
:10C9000092E700000086FFFF000000000089FFFFA3
:10C91000808BFFFF0081FFFF2DE9F0410446006C92
:10C920000068807A0B2819D2DFE800F018060606A6
:10C930000618181818060600012529462046F4F79F
:10C9400007FD002808D1E06E16280BD00A2202212C
:10C950002046F4F749FD2148BDE8F0816068401C9D
:10C96000606038E06068401C6060616E08780D2887
:10C9700010D00020C4F8B00070B1A36F184D042B84
:10C9800022D90879021D861D9E421DD2E668032E1B
:10C9900005D00FE00120EDE7C4F880501BE05618E9
:10C9A000B778767847EA06263244D21C9A420BD2F0
:10C9B0003044801C021D11448A78497842EA0121E2
:10C9C0000844C01D984206D0322202212046F4F7C6
:10C9D0000BFD2846C0E70020BEE700000089FFFFEE
:10C9E0008085FFFF2DE9F0430446006C8FB002AE56
:10C9F0000068807A052819D0072817D0082815D094
:10CA0000062813D00B2811D0E06A006E70B1002107
:10CA10002046F4F79DFC00280CD16068DFF8B48054
:10CA2000401C6060E06E162839D106E06068401C4A
:10CA3000606000200FB0BDE8F083606E01780F29C0
:10CA40002DD1E168032901D02348F3E7A16F06291E
:10CA500025D30079F4F742FA070020D0606E0179FF
:10CA60002046F4F7F3FCD0B9042F00D11036606EE5
:10CA70004FF000094079F4F7BFFB01000FD0E06AE6
:10CA8000006EBC30F1F7DEFD48B1A06F082806D378
:10CA9000616EC9884DBA05F10801814201D0404656
:10CAA000C8E7206B02A9D0F89C2220469047606E10
:10CAB0004B460830CDE90005E06A32463946006E43
:10CAC000BC30F1F7B3FE0500B4D12046F4F797FD72
:10CAD0002846AFE78082FFFF0094FFFF2DE9FF5F4C
:10CAE00004464FF0000B0521F3F7E2FE002838D191
:10CAF000A36DDFF850931878162831D1206803A968
:10CB00005B1C90F85C00C0F3400202A8F4F766FCDE
:10CB10000298032824DBE06D008845BAB5F5C05FB4
:10CB20001ED8691D2046F3F7C3FE002819D160679F
:10CB3000206B666E2A46D0F89832314620469847D8
:10CB4000042D0DD3307801280AD1707840B970884F
:10CB500040BA001DA84203D12D1F361D262D03D239
:10CB6000484604B0BDE8F09F206804F10C0133464C
:10CB700090F85C00C0F34002081FF4F72FFC216B13
:10CB8000A068C1F82003216BE068C1F82403206885
:10CB9000A36890F85A108B4204DB90F85B20E168A0
:10CBA000914206DA462202212046F4F71DFCA648EF
:10CBB000D7E790F85820934203DDA26090F859001F
:10CBC00003E090F85900814200DDE060206B2022F4
:10CBD000B11C00F52B70D3F76DFE96F82270202F54
:10CBE00023D807F12400A8421FD8E06A2021C7609B
:10CBF000E06A1030D3F785FEE06A06F12301C268CF
:10CC00001030D3F757FE233706EB070ABAF80000B7
:10CC100090FA90F8B8F1020F07D308EB0700C01C98
:10CC2000A84202D85FEAC87001D03222C7E007EB01
:10CC30000801891C705C421E102AF6D24218521C50
:10CC4000AA42F2D8E36A00220844401C9A60854256
:10CC50000DD9811C8D42E8D3311809884FBA791E4D
:10CC60000329E2D3C119891CA942DED100E00027C3
:10CC70003518AD1C64E0042FD7D3288841BA6888E2
:10CC800040BA0090001DB842CFD80B2933D003DC46
:10CC900069B10A294CD128E00D291CD06FF47F40DE
:10CCA000C14245D10099204601290ED10BE02068F0
:10CCB000C06A90B3291D2046009A00F065FB002849
:10CCC0007FF476AF34E0297909B1282223E00121ED
:10CCD000C4F8B8102CE0291D2046009A00F08AFB09
:10CCE0000028EDD14FF0010B22E0291D2046009ACB
:10CCF00000F0B8FBE3E7206BD0F8281341F0010106
:10CD0000C0F82813009B2046291D1BB10A78561C29
:10CD10009E4203D03222022153E009E0491C05E083
:10CD20000B789BB1012B11D0491C521E002AF7D160
:10CD30000099781A071F0D44401F2D1D03288AD320
:10CD4000002F98D1BBF1000F05D00FE0206BD9B2B6
:10CD5000C0F8E010ECE7042529462046F3F7CAFBAB
:10CD600000B100252946206BF4F722FC00210AF1CE
:10CD7000020006E0027812B94278FF2A0FD0801C28
:10CD8000891C4145F6D3D4F8B80001280AD02068A0
:10CD900090F85C00C0F3011002280FD002E00120DF
:10CDA000C4F8B800E16820684FF0000BD94650F88D
:10CDB00021600AF10200CDF804B02FE02822022100
:10CDC0002046F4F711FBCBE6002520E03A78C1F3CA
:10CDD000072082421AD17878CAB2904216D14FF019
:10CDE000010B01AA2046FFF7C5FA00287FF4E0AE48
:10CDF000019858B1E16A56F825004860216C019805
:10CE000008606068401C60600020AAE66D1C56F84F
:10CE100025100029DAD109F10209B81C0746C145DD
:10CE2000D2D3BBF1000F4FF028024FF00201204691
:10CE300003D0F4F7D9FA054893E6F4F7D5FA044895
:10CE40008FE600000087FFFF8091FFFF8096FFFFC5
:10CE5000808CFFFF7CB50446006C012105682046EC
:10CE6000F4F776FA00280BD1616EA26FE66E081D0A
:10CE70001C4B0A44162E02D10978102901D01846FD
:10CE80007CBDA97A032907D0042905D0092903D03C
:10CE90000A2901D014487CBD236B121A0146181DC3
:10CEA000EDF75AFA10B10F4880387CBD20684FF476
:10CEB0000073C1698069CDE90001206B00F53B7208
:10CEC00000F52A71001DEDF733F908B107487CBD64
:10CED0002046F3F789FB0028F9D16068401C6060A8
:10CEE00000207CBD0084FFFF0094FFFF0083FFFF54
:10CEF00070B5836D1C4C1A78C266C16D162A0988FC
:10CF000049BA01675E789B7805680AD0152A08D06F
:10CF1000142A06D0172A04D00A220221F4F764FA50
:10CF20001AE08268B24217D195F859209A4213DB71
:10CF3000036D426ED21A41F62D039A1A8A420BD320
:10CF4000426B5AB19268914206D3C068012809DB4E
:10CF500002F5C852914205D9204670BD491EB1F56F
:10CF6000C05FF9D2002070BD008EFFFF2DE9F05F99
:10CF700004460121476EF4F7EBF9002808D1E06E72
:10CF8000162807D00A2202212046F4F72DFA9248EB
:10CF9000BDE8F09FA06FDFF844A22A2870D338784C
:10CFA00002286DD120683F1D04F10C0190F85C004F
:10CFB0003B46C0F34002081FF4F710FA2068A1684E
:10CFC00090F85A2091420CDB90F85B30E2689A426C
:10CFD00007DB90F85830994203DC90F85900824200
:10CFE00006DD462202212046F4F7FEF97C48CFE711
:10CFF000206B2022B91C00F53370D3F75BFC97F847
:10D000002250202D3CD8A16F05F12B02281D8A4209
:10D010000AD27A19D28C56BA721E032A30D33044FF
:10D02000283088422CD103E02630884228D10026BF
:10D0300078198346B0F8231090F8250049BA88463D
:10D040005FEA000906D02F2202212046F4F7CCF92E
:10D0500064489DE70846F3F75DFA216C086001001B
:10D060000FD02046F3F74CFF206BD0F81C03D0B153
:10D07000CDB1E06A4268424515D1816899B908E0AE
:10D0800063E0502202212046F4F7AEF9554880387B
:10D090007EE7C168A94206D12A4607F12301103074
:10D0A000D3F75DFCD8B16068401C6060216B002044
:10D0B000C1F81C034C4909688847E16A2A460860A0
:10D0C000E16A0020C1F80480E16A8860E06A07F143
:10D0D0002301C560E06A1030D3F7ECFB0DE00C20B3
:10D0E00060602046F3F780FA050006D05022022146
:10D0F0002046F4F779F928464AE72268E1680020DB
:10D1000052F8212052F8201071B1E36A401C5B688C
:10D110009942F7D1E06A4068F3F7FCF9E2682146EA
:10D12000134600F05BFB18B12F220221204628E0B5
:10D13000E16AC1F808900BF128013DE04A880888AF
:10D1400052BA131D40BAB34201D93222EDE70B287F
:10D150000ED06FF47F43D84225D12046012A01D159
:10D160000B790BB128220BE00123C4F8B8301AE088
:10D1700020460B1D1AB11D786F1C974204D0322235
:10D180000221F4F731F915E05B1C05E01F7837B197
:10D19000012F04D05B1C6D1E002DF7D1E2E7206B40
:10D1A000FBB2C0F8E030B61A1144701F091D361FDB
:10D1B000032801D25046EBE6002EBFD1D4F8B800C8
:10D1C00030B9206890F85C00C0F30110022801D04B
:10D1D0000020DDE62822A8E70089FFFF8086FFFF08
:10D1E0008091FFFF808FFFFF480100202DE9F04F65
:10D1F0000446006C9BB00121076800200390204684
:10D20000F4F7A6F8002874D1E06E162801D00A229F
:10D210009EE0606E012102780C2A07D0B87A0528BA
:10D2200001D00728F3D1C4F880109FE0001D0390BF
:10D23000A16F606E4618B87A032803D0082801D081
:10D2400004287DD1206B03A93246001DEDF768F854
:10D2500008B160B90DE0206B254600798046EDF7F6
:10D26000FBF920B141462846F3F734F9F1E72F22C4
:10D270003AE0B87A022803D0032801D0042875D1F7
:10D28000616E039801F10409E168A0EB090A4FF00F
:10D29000000B032959D1811CB142E8D80078F3F77B
:10D2A0001DFE0500E3D003984078F3F7A5FF5FEA81
:10D2B0000008DCD029462046F3F71CF90028D6D117
:10D2C0000398801C03903846F3F7C7FB4045CED146
:10D2D0000398B11E884206D830F8021B03904FBA5B
:10D2E000F11B814208D0322202212046F4F77CF85B
:10D2F00021481BB0BDE8F08F15B3CDE900A54B4622
:10D3000017AA06A92046F3F7BBFB0028F1D1E06A73
:10D31000006EE0B14146BC30F1F794F9F0B10399E9
:10D3200006AA8DE88208E06A2946179B006EBC3089
:10D33000F1F7B4FA050019D033220221204600E0AB
:10D3400003E0F4F751F82846D3E70C48D1E7282248
:10D3500002212046F4F748F80948CAE728220221AA
:10D360002046F4F741F80748C3E7FFE76068401C30
:10D3700060600020BDE700000085FFFF0094FFFF14
:10D380000089FFFF0093FFFF70B5194E0546022A82
:10D3900002D2322202211BE0088844BAA01C90422B
:10D3A00001D0322212E0891C0CE000BFB1F801006C
:10D3B00043BAD81CA042F4D8087868B11944E41ADA
:10D3C000C91CE41E022CF1D884B12F220221284668
:10D3D000F4F70AF8304670BD2A68D2E90B40CA1C3F
:10D3E0002946A0470028F6D07022EFE7002070BD44
:10D3F0000087FFFF2DE9F0418D18194C0646022ADF
:10D4000002D23222022109E0088840BA831C9342EA
:10D4100001D1C00707D0322202213046F3F7E4FFE2
:10D420002046BDE8F0818C1C15E06078F3F7E4FE3F
:10D430005FEA00080ED02078F3F750FD070009D00E
:10D4400001463046F3F756F820B93A464146306B6C
:10D45000F4F7A0F8A41CAC42E7D30020E1E70000F9
:10D460000087FFFF2DE9F041214D88460746022A3B
:10D4700002D2322202210EE0B8F8000044BAA01C09
:10D48000904205D1E00703D1386BD0F8380138B1AC
:10D49000322202213846F3F7A7FF2846BDE8F08183
:10D4A000012000EB54050C2D00D90C250421284641
:10D4B000EBF736FE060005D0386B08F10207C0F81E
:10D4C00038610FE0502202213846F3F78DFF0948FA
:10D4D000E4E7388840BAEDF7CDF808B101C66D1E13
:10D4E000A41EBF1C0CB1012DF3D80020D6E700000C
:10D4F0000087FFFF0081FFFF2DE9F84305468946BD
:10D5000000260846F3F7A9FA0746286BD0F84441ED
:10D510000CB92868046C87B14FF0FF3884B32068D9
:10D520003946BC30F1F78EF830B36B4601224946DC
:10D530002068F2F78BFFF8B902E00020BDE8F8831D
:10D54000042F0FD12168286BD1F8C010D0F8380112
:10D550000A7803E00978914204D0001D016800298F
:10D56000F8D109E0E86803280BDA206890F8280170
:10D57000042806D006B92646A468002CCFD101E0C5
:10D5800006E00CB9340003D0286BC0F83C41D4E766
:10D590004046D3E72DE9F0470446006C96B00027DB
:10D5A00005680420C4F8A000A87A89463E460328EE
:10D5B00003D0042801D0082839D102962168002020
:10D5C000096D0BE0206BD0F8380103E012789A4225
:10D5D00007D0001D0268002AF8D1491C0B78002BE7
:10D5E000F0D160B3006850B30178206B001DECF7F8
:10D5F000C9FE002824D12068C1698069CDE90001F5
:10D60000D4F8A000D4F89810C0F500630A18206B75
:10D6100002A9001DECF74EFE002811D1D4F8981095
:10D62000D4F8A0000F1802990844C4F8A000A87A02
:10D63000022808D0032806D004285CD103E0304833
:10D6400016B0BDE8F087D4F8A010D4F8980014966E
:10D650000844A0EB07082846F3F7FFF90646E06800
:10D66000DFF8A0A0032814D19EB13146206BF3F758
:10D67000A2FF05000DD0CDE900853B4614AA04A900
:10D680002046F3F7FDF90028DAD1E068032802D03C
:10D6900016E05046D4E72846F3F707FC54F8983FC5
:10D6A0000146A068421CA26019543046F3F768FF97
:10D6B00054F8083B01462068421C44F8A02919543C
:10D6C0002046F3F743FCC0B12046F3F73FFC216846
:10D6D000D1E90623D4F89810D4F8A040CDE902236C
:10D6E0002144891CCDE9001904AA2946149BF1F7AD
:10D6F00065F80028A4D10020A2E70348A0E70000B5
:10D70000808CFFFF0094FFFF008AFFFF10B50446E6
:10D71000D0F8840000210830C4F88C00206D083057
:10D72000A065204600F042F82046BDE810400021E8
:10D7300000F028B830B4836C002B05D08C080A4662
:10D74000406C214630BC184730BC7047006B00F578
:10D75000A870F2F7BBBB006B00F5E070F2F730BECB
:10D7600070B50446006B15460E4600F5A870F2F73A
:10D77000ADFB206B2A463146BDE8704000F5E070F5
:10D78000F2F71EBE826DA2F108034365D31C521D41
:10D79000C0E9173241B1C368022B05DBCB680969C8
:10D7A0001A44511A4166704742667047D0F88C207F
:10D7B000A2F10803C0F88830D31C521DC0E92432FE
:10D7C00049B1C368022B06DBCB6809691A44511AB8
:10D7D000C0F898107047C0F89820704728B10169C8
:10D7E000994202DC8069904201DA012070470020F2
:10D7F000704700002DE9F84F0646006C7168D6F8B6
:10D8000098400068491C7160316B04F5006BD1F8D9
:10D810004011032904D1316891F85C10C1F38101F2
:10D82000807A052819D0072817D0062815D008288F
:10D8300013D00B2811D081B14FF0010984F8059065
:10D840004020A0710220207103200090A246F068C1
:10D850000025E41D032803D029E00020BDE8F88F4F
:10D860003068C76C1BE000BFF3F71FFB5FEA0008DE
:10D8700014D001463046F3F7E9FD78B961196D1C03
:10D8800081F8028061196D1C81F8029061196D1C8C
:10D8900081F80280032061196D1C88703F1D386873
:10D8A0000028E1D1280A20706570AD1C2C44306836
:10D8B000A41C4FF0000990F85C10490628D5316B84
:10D8C000D1F848710FBB476C1EE000BFD7F8448009
:10D8D000A3451DD3ABEB0400404519D308F1020169
:10D8E000884215D34FEA182004F8010B424604F889
:10D8F000018B2046B96CD2F7DDFF09EB0800D7F8A1
:10D900003071444400F1020917B1B8690028DDD133
:10D91000A4EB0A00C6F8A0001620C6F89C00D6F8B2
:10D9200098100D200870D6F8982000984FEA192119
:10D930000244281D6D1D1154D6F8982000993046D8
:10D94000114401F80590BDE8F84FF3F751BF00000E
:10D950002DE9F0410446006C92B00DF11408066800
:10D960000020054611902046F2F73EFE002825D102
:10D97000B07A052825D0072823D0082821D00628EA
:10D980001FD00B281DD0D4F8B000D0B1206B10B13F
:10D99000D0F83C0110B92068006C90B1006880B1EB
:10D9A0002046F3F7C7FA88B1206B05A9D0F89C226E
:10D9B00020469047E06803280AD0294812B0BDE805
:10D9C000F0816068401C60600020F7E72548F5E7BB
:10D9D000206C0068407A07283ED006265FF00400DD
:10D9E000D4F8981008712046F3F7A4FAF3F7B8FDBD
:10D9F000D4F89810002748712046F3F79BFA216865
:10DA000011AB0DF1080CCA69896901938CE82600F5
:10DA1000D4F898103B460831009142463146F0F761
:10DA2000DBFE0028CAD11198D4F89820010A917120
:10DA3000D4F89810C8710830C4F8A0001620C4F8B3
:10DA40009C00D4F898100F2008706068401C60603B
:10DA50002046F3F7CDFEB1E707260520C0E700001A
:10DA60000094FFFF008AFFFF2DE9FE4F04460020CF
:10DA70008346019020688169F1B390F85A10A16043
:10DA800090F85B10E16090F85860B6B390F85C10C5
:10DA9000D4F89890C1F3400290F8591009F10405A8
:10DAA0002B463046F3F73AFF6749266B002009689A
:10DAB000AD1C06F52B768847010E06F8011B010CFC
:10DAC00006F8011B010A3170711C01F8010B226874
:10DAD000D2E906301C229847002816D1216B20225B
:10DAE000284601F52B71D2F7E5FEE06A2035C168C2
:10DAF000A1F11000112801E006E008E009D2206B36
:10DB0000D0F81C0328B105E05048BDE8FE8F50480E
:10DB1000FBE7002105F8011B002006E0E36A00F1A5
:10DB20001002401C9A5C05F8012B8842F6D3E1688C
:10DB300020684FF0000AA84650F82160AD1C5746F7
:10DB40001DE000BFF2F7E6FC02902068214610F8C5
:10DB5000593F82780298FFF741FE78B90298F2F7B0
:10DB6000E7FC40EA0B0B36F827000AF1010A000A2D
:10DB700005F8010B16F8270005F8010B7F1C56F875
:10DB800027000028DED1002105F8011BFF2005F841
:10DB9000010B0AF10100C30988F80030400088F841
:10DBA0000100012705F8027B6A4605F8011C01986F
:10DBB00029182046891C00F093F8DDE900010E18B1
:10DBC000A9196A462046891C00F0C6F90098BBF1E5
:10DBD000000F064420D0A9196A462046891C00F08F
:10DBE00001FA0098D4F898303218A8180021801C47
:10DBF00003F50063009183420CD31B1A062B09D353
:10DC000001700B23437081700223C370077141714F
:10DC100006200090009816182EB1300A05F8010B66
:10DC200005F8016B3544A5EB0900C4F8A0001620E7
:10DC3000C4F89C00D4F8980007706068401C6060CD
:10DC40002046F3F7D5FD60E748010020008CFFFF78
:10DC5000008FFFFF3EB50446006C0068807A032801
:10DC600007D0042805D0092803D00A2801D01B4872
:10DC70003EBD20684FF47A73C1698069CDE9000127
:10DC8000206BD4F8982002A9001D121DECF722FB8E
:10DC90000028EDD120684FF40073C1698069CDE997
:10DCA0000001206B00F53B7200F52A71001DECF7B6
:10DCB0003FFA0028DCD10298001DC4F8A00016200D
:10DCC000C4F89C00D4F89810102008706068401CBC
:10DCD00060602046F3F78CFD3EBD00000094FFFF1E
:10DCE0002DE9F047D0F898804FF000090646C2F8B9
:10DCF0000090D0F8B40017460C4608F500680028DC
:10DD000027D0D2F71BFE0246A04522D3A8EB040081
:10DD100002F10905A8421CD3601C84F8009000F8A9
:10DD2000019B531D1C0A00F8014B110A00F8023B2D
:10DD3000D31C1C0A00F8014C00F8043B00F8039CBB
:10DD400000F8021C00F8012CD6F8B410D2F7B2FD8E
:10DD50003D60BDE8F08700002DE9F047044600680B
:10DD6000816971B3D4F8986090F85C00331DC0F3FA
:10DD70004002D4E902011D46F3F7D0FD594F0020BF
:10DD800039688847010EA970010CE970010A2971F0
:10DD9000687121681C22AD1DD1E9063029469847DB
:10DDA000002810D1206B2022B11D00F533701C35E6
:10DDB000D2F780FD206B4FF00108D0F81C0320B192
:10DDC00014E0FFE74848BDE8F087E16AC868B8B3E7
:10DDD0002068026AA2B3806A904720B1206BD0F815
:10DDE0001C0368B302E0216BC1F81C830C20606047
:10DDF0002046F2F7F9FB0028E5D1E06A007B05F840
:10DE0000010BE16A2846CA681031D2F753FDE16A76
:10DE10004FF00009C86889882844090A00F8011BE6
:10DE2000E16A097900F8011BE16A097A00F8011B2F
:10DE30000546D4F8B810801C012914D000271DE035
:10DE4000FFE76068401C6060396800208847E16A2D
:10DE500020220860E06AC2602368E16AD8699B6991
:10DE600010319847C7E7FF21017080F8018080F8E2
:10DE7000029080F8038080F804900527E06A4068EB
:10DE8000F2F748FBF2F754FB022298B1216BE81934
:10DE9000801C91F82813C90721D080F800900B232B
:10DEA000437080F80290C27080F8048080F805907A
:10DEB000062007442FB1380A05F8010B05F8017B4D
:10DEC0003D44A81BC4F8A0001620C4F89C00D4F858
:10DED000980002702046BDE8F047F3F789BC0020A7
:10DEE000E7E7000048010020008CFFFF38B500255F
:10DEF000044669460095FFF74DFB28B110F5CA4F5F
:10DF000001D0C4F8A05038BD0098B8B1020AD4F8C6
:10DF1000A000D4F89830411CC4F8A0101A54D4F8CA
:10DF2000A000D4F898300099421CC4F8A0201954DD
:10DF3000D4F8A00000990844C4F8A0001620C4F842
:10DF40009C00D4F898100C2008706068401C606039
:10DF50002046F3F74DFC38BD2DE9F04790460022EE
:10DF6000D0F89830C8F8002000680D468F1D90F852
:10DF70005910914603F50063032930D1C06C064661
:10DF800001E0001D121D01680029FAD1AB4226D321
:10DF9000581B921D904222D300240FE0F2F785FF18
:10DFA0003855641C03203855641C3068F2F77DFF37
:10DFB0003855641C01203855641C361D3068002813
:10DFC000ECD185F800900D206870A01C010AA970A2
:10DFD000E870200A28716C71A41DC8F80040BDE8E3
:10DFE000F08700002DE9F05F8146D0F898008E1D83
:10DFF000002400F500681460D9F8000092460D4630
:10E00000A346076D06E000BFECF726FB00282ED0E4
:10E01000A41C7F1C38780028F6D1A84527D3A8EB8C
:10E020000500A41DA04222D3D9F800000024076DEA
:10E030000AE000BFECF710FB4188090A3155641C67
:10E0400080783055641C7F1C38780028F2D1002C71
:10E050000DD085F800B00A206870A01C010AA970D4
:10E06000E870200A28716C71A41DCAF80040BDE850
:10E07000F09F10B5046892F900308C4201D201245F
:10E0800000E000241B1B13700268511A016010BDD0
:10E090002DE9F041164688460546F9F786FD044607
:10E0A00028684FF0FF3766B1334600224146F9F742
:10E0B000C7FD10B13846BDE8F081F9F776FD001BC9
:10E0C000F9E73B4600224146F9F7BAFDF5E710B5FE
:10E0D000002300681A46F9F7B3FD002801D04FF07D
:10E0E000FF3010BD044810B54FF0FF310068F9F75C
:10E0F00043FE012010BD0000F0C001202DE9F041D9
:10E100000F460546F9F751FD04464FF0FF363FB183
:10E1100039462868F9F7AEFE40B13046BDE8F081D7
:10E1200031462868F9F7A6FE0028F9D1F9F73DFD38
:10E13000001BF3E701480068F9F77BBEF0C001203F
:10E140002DE9F04100F06BF80E4C05464FF000470A
:10E150002168002913D048682A1ABA420FD20A68E7
:10E160002260D1E90262606090460B20F4F742FA27
:10E170000EB14046B047802008F072FBE8E7BDE8EA
:10E18000F0810000D8C0012010B50020F9F71DFE75
:10E190000149086010BD0000F0C0012010B5044620
:10E1A0000068F9F77FFD2068BDE81040F9F732BD3F
:10E1B00010B50B460446002204211846F9F77CFDF1
:10E1C000206008B1002010BD4FF0FF3010BD0021CD
:10E1D0000160704713B5002300681A4601A9F9F7DA
:10E1E00097FD002801D04FF0FF301CBD00680028CB
:10E1F00000D00120704700684FF0FF31F9F7BCBD37
:10E2000010B504460020F9F7E0FD206008B10020B9
:10E2100010BD4FF0FF3010BD0068F9F70ABED4F70B
:10E22000BFB80068F9F754BE70B505460C46002229
:10E230004FF6FF70F9F761FE286008B11CB105E0E8
:10E240004FF0FF3070BD0021F9F714FE002070BDC3
:10E250000021016070470068F9F79CBE0068002843
:10E2600000D0012070472DE9F0418AB0884605466C
:10E270001C46174624216846109ED2F742FB0095A3
:10E28000CDE905466A4639464046F9F7AFFE0AB081
:10E29000BDE8F08170B515460E460446B0F1804FDA
:10E2A00006D308A340F2291213A121A0DAF79EFF9A
:10E2B000FFF7B5FF20442A463146BDE8704000F024
:10E2C0004BB800002E2E2F4D6964646C6577617227
:10E2D00065732F54686972645F50617274792F4C52
:10E2E0007749502F7372632F636F72652F74696D56
:10E2F000656F7574732E630054696D656F75742056
:10E3000074696D6520746F6F206C6F6E672C206D63
:10E310006178206973204C5749505F55494E5433FA
:10E32000325F4D41582F34206D73656373000000D8
:10E33000417373657274696F6E20222573222066A3
:10E3400061696C6564206174206C696E6520256468
:10E3500020696E2025730A0070B5044615460E46E6
:10E360000B20F4F7FFF978B10021C560104A80E86E
:10E370005200116831B14B68E51A4FF000439D42DD
:10E3800012D30160106070BDBDE8704009A3BE22C9
:10E3900015A125A0DAF72ABF5568651B9D4202D357
:10E3A0000260086070BD11460A68002AF8D0F3E7E1
:10E3B000D8C001202E2E2F4D6964646C6577617280
:10E3C00065732F54686972645F50617274792F4C61
:10E3D0007749502F7372632F636F72652F74696D65
:10E3E000656F7574732E63007379735F74696D65FF
:10E3F0006F75743A2074696D656F757420213D20C6
:10E400004E554C4C2C20706F6F6C204D454D505F1D
:10E410005359535F54494D454F55542069732065F6
:10E420006D70747900000000417373657274696FD8
:10E430006E2022257322206661696C6564206174F8
:10E44000206C696E6520256420696E2025730A00A2
:10E4500070B5074D012400BF05EBC40255F8340028
:10E460000449FFF717FF641C062CF5D370BD0000AC
:10E47000688F0508A95C030810B5084C206848B1EE
:10E48000FFF7CDFE21684968081AB0F1004F00D3AC
:10E49000002010BD4FF0FF3010BD0000D8C001209B
:10E4A00030B40D4B0C461968002913D000228D683A
:10E4B00085420BD1CD68A54208D1086822B1106011
:10E4C00030BC0B20F4F796B81860F9E70A460968E3
:10E4D0000029ECD130BC7047D8C00120D3F760BF11
:10E4E00010B50446D3F75CFF001B10BD2DE9FF5F9C
:10E4F0008946040003D0207D01280AD010E004B032
:10E500003CA3BDE8F05F40F23D2246A14CA0DAF703
:10E510006DBE38A34FF4107253A149A0DAF766FE1E
:10E52000207D0A2841D0216D03910025DFF86C8100
:10E53000D4F824B0D4F810A0D4F890602F4698B343
:10E540004D46E78A214608F1140002F07BFF0121C5
:10E5500088F80010206F08B104F048FDE06E08B1A3
:10E5600004F044FD606F08B104F040FD204600F067
:10E570008DF955B1208B211D0091CDE90170234605
:10E580005A461846039904F041FC204601F044F82D
:10E59000002E2CD004B05046B446BDE8F04F6FF0CA
:10E5A0000C015DF804EB60470AE03C482146183056
:10E5B00002F048FF04B02046BDE8F05F01F02CB83F
:10E5C000E08A0028C6D0D8F80C00A0420AD1C06862
:10E5D000C8F80C0008E0C168A14202D1E168C1603E
:10E5E00002E008460028F6D10020E060B2E7BDE86E
:10E5F000FF9F00002E2E2F4D6964646C6577617259
:10E6000065732F54686972645F50617274792F4C1E
:10E610007749502F7372632F636F72652F74637025
:10E620002E6300007463705F6162616E646F6E3AA6
:10E6300020696E76616C696420706362000000007E
:10E64000417373657274696F6E2022257322206690
:10E6500061696C6564206174206C696E6520256455
:10E6600020696E2025730A00646F6E277420636131
:10E670006C6C207463705F61626F72742F7463706E
:10E680005F6162616E646F6E20666F72206C697389
:10E6900074656E2D7063627300000000BCC00120C1
:10E6A0000121FFF723BF002803D0027D012A00D1FA
:10E6B0008161704710B50C0006D106A340F20F32FD
:10E6C00010A118A0DAF792FD2046FFF7E9FF6FF0DE
:10E6D0000C0010BD2E2E2F4D6964646C657761723D
:10E6E00065732F54686972645F50617274792F4C3E
:10E6F0007749502F7372632F636F72652F74637045
:10E700002E6300007463705F6163636570745F6E95
:10E71000756C6C3A20696E76616C69642070636216
:10E7200000000000417373657274696F6E202225CA
:10E730007322206661696C6564206174206C696E67
:10E740006520256420696E2025730A002DE9F041BB
:10E7500006460120F4F706F8464D04005BD16869CF
:10E7600009E0418BC4680A0704D521F00801418300
:10E7700000F036FB20460028F3D100221146AB689A
:10E78000A86906E0046A1C1B944201D32246014694
:10E79000C0680028F6D111B10846FFF781FF0120BB
:10E7A000F3F7E0FF040036D1092001F05FFC0120FF
:10E7B000F3F7D8FF04002ED1082001F057FC012008
:10E7C000F3F7D0FF040026D17F2E01D97F2001E08E
:10E7D00030001BD0401EC2B200231946AC686869E5
:10E7E0000EE0477D974206D309D1D0F820C0A4EBB4
:10E7F0000C0C9C4503D3016A3A46631A0146C06873
:10E800000028EED111B10846FFF74AFF0120F3F7C7
:10E81000A9FF04002AD0A421D2F773F843F6081008
:10E820006675A4F86400411061852185FF21E172BD
:10E830004FF4067161860621A4F84010E187C91FD4
:10E8400021860121A4F84810A9682162A978A1773E
:10E85000A4F84A000848C4F884000848C4F89400A2
:10E860000748C4F898000920C4F89C002046BDE879
:10E87000F0810000BCC00120D927050800DD6D0033
:10E88000F8240100002800D00161704710B5040091
:10E8900006D10FA340F23F1219A11CA0DAF7A6FC83
:10E8A000608B800513D5E06F002810D0407F30B911
:10E8B00007A340F243121FA114A0DAF797FCE16FFF
:10E8C000487F401E4877608B20F40070608310BD45
:10E8D0002E2E2F4D6964646C6577617265732F54B9
:10E8E000686972645F50617274792F4C7749502F58
:10E8F0007372632F636F72652F7463702E630000F1
:10E9000070636220213D204E554C4C00417373656D
:10E910007274696F6E2022257322206661696C65AE
:10E9200064206174206C696E6520256420696E2006
:10E9300025730A00616363657074735F70656E644C
:10E94000696E6720213D20300000000010B50400F2
:10E9500006D10FA34FF4947219A11CA0DAF746FC5C
:10E96000608B800513D4E06F002810D0417F491CD4
:10E9700011F0FF01417706D105A340F22D121DA130
:10E9800012A0DAF733FC608B40F40070608310BD96
:10E990002E2E2F4D6964646C6577617265732F54F8
:10E9A000686972645F50617274792F4C7749502F97
:10E9B0007372632F636F72652F7463702E63000030
:10E9C00070636220213D204E554C4C0041737365AD
:10E9D0007274696F6E2022257322206661696C65EE
:10E9E00064206174206C696E6520256420696E2046
:10E9F00025730A00616363657074735F70656E648C
:10EA0000696E6720213D2030000000002DE9F041B3
:10EA10000D0004464FF0040300D1264D002C0DD00C
:10EA2000207D002814D024A340F2AB222EA138A0D0
:10EA3000DAF7DCFB6FF00500BDE8F0811EA340F2C1
:10EA4000A9223DA132A0DAF7D1FB6FF00F00F3E766
:10EA500032B13F4E002100BF56F82100006817E098
:10EA600001F0E6FD020018D1801EE5E7C78A974253
:10EA70000DD148B107683FB135B1D5F800C0BCF140
:10EA8000000F01D0674502D16FF00700D4E7C068DE
:10EA90000028EBD1491C9942DEDB15B1286800B192
:10EAA00020602C48E282C168E160C46005F0D4F9BE
:10EAB0000020C1E7988F05082E2E2F4D6964646CE5
:10EAC0006577617265732F54686972645F50617213
:10EAD00074792F4C7749502F7372632F636F72656F
:10EAE0002F7463702E6300007463705F62696E64DC
:10EAF0003A2063616E206F6E6C792062696E6420CB
:10EB0000696E20737461746520434C4F5345440013
:10EB1000417373657274696F6E20222573222066BB
:10EB200061696C6564206174206C696E6520256480
:10EB300020696E2025730A007463705F62696E64D9
:10EB40003A20696E76616C6964207063620000002F
:10EB5000588F0508BCC0012011B191F83410491C30
:10EB60000172704710B558B1017D012903D0418B66
:10EB700041F010014183BDE81040012100F042B88E
:10EB800004A34FF4F4720FA114A0DAF72FFB6FF077
:10EB90000F0010BD2E2E2F4D6964646C6577617275
:10EBA00065732F54686972645F50617274792F4C79
:10EBB0007749502F7372632F636F72652F74637080
:10EBC0002E6300007463705F636C6F73653A206935
:10EBD0006E76616C696420706362000041737365D6
:10EBE0007274696F6E2022257322206661696C65DC
:10EBF00064206174206C696E6520256420696E2034
:10EC000025730A00FEB50D46040006D145A34FF456
:10EC1000AF7250A157A0DAF7E9FA28005F4D4FF024
:10EC200000064FF001073FD0207D042801D00728BF
:10EC30003AD1A06F20B9208DA0F5E051843933D0AE
:10EC4000A07EC00606D437A34FF4B27254A149A0E7
:10EC5000DAF7CCFA228BE18A201D8DE807002346E3
:10EC60001846626A216D04F0D1F8204602F080FB5C
:10EC70006869A04209D1C068686108E0C168A14222
:10EC800002D1E168C16002E008460028F6D14B4895
:10EC9000E6602F700068A04202D105F087F938E0E5
:10ECA000204600F0B9FC34E0207D40B101281AD0A4
:10ECB000022830D02046BDE8FE4000F091B8E08A3E
:10ECC0000028EDD0E868A04209D1C068E86008E0FB
:10ECD000C168A14202D1E168C16002E00846002893
:10ECE000F6D1E660DCE7204601F01EFA2B4821460B
:10ECF000103002F0A7FB207D012806D1304BDF2227
:10ED000030A103F14400DAF771FA21460220F3F74B
:10ED100071FC0020FEBD21482146143002F092FB18
:10ED20002F70BDE72E2E2F4D6964646C657761727C
:10ED300065732F54686972645F50617274792F4CE7
:10ED40007749502F7372632F636F72652F746370EE
:10ED50002E6300007463705F636C6F73655F73682C
:10ED60007574646F776E3A20696E76616C696420A1
:10ED700070636200417373657274696F6E2022253F
:10ED80007322206661696C6564206174206C696E11
:10ED90006520256420696E2025730A00BCC001200F
:10EDA0007063622D3E666C61677320262054465F57
:10EDB0005258434C4F53454400000000D8000020F7
:10EDC0003CF604087463705F667265655F6C697316
:10EDD00074656E3A20214C495354454E00000000A2
:10EDE00070B5050006D11BA34FF4CE7225A128A053
:10EDF000DAF7FCF9287D0526032804D004280BD077
:10EE000007281FD10FE0284604F070F904000FD145
:10EE10002846FFF73BFD04E0284604F067F90400AC
:10EE200006D12E7509E0284604F060F9040002D0EE
:10EE3000601C09D004E009202875284601F0F6FC82
:10EE4000204670BD002070BD688B40F008006883CC
:10EE5000F8E700002E2E2F4D6964646C65776172AF
:10EE600065732F54686972645F50617274792F4CB6
:10EE70007749502F7372632F636F72652F746370BD
:10EE80002E63000070636220213D204E554C4C00E3
:10EE9000417373657274696F6E2022257322206638
:10EEA00061696C6564206174206C696E65202564FD
:10EEB00020696E2025730A002DE9F0471F460400E3
:10EEC0006FF00F050ED0002911D0207D002817D03B
:10EED00041A34FF487624CA157A0DAF787F9A81D28
:10EEE000BDE8F0873CA340F235425DA103E03AA3C0
:10EEF00040F2364261A150A0DAF778F92846EFE7F0
:10EF0000086860602283207A10B1F8F715FC02E0EF
:10EF1000201DE5F7B3FE05006FF0030108D020685F
:10EF200018B9281D04D000682060E68A16B105E0F3
:10EF30000846D5E701F07CFBE08240B3204601F0B3
:10EF4000A7FB4FF00008C4F824802065401E6064D1
:10EF5000A065E06541F6844060852085C4F82C807A
:10EF6000A4F860004FF406706086221D294600F068
:10EF700055F960864FF00109A4F848900221204617
:10EF8000C4F8887000F0A6F9070003D021E06FF004
:10EF90000100A5E70220404D207586B1E868A04237
:10EFA00009D1C068E86008E0C168A14202D1E16807
:10EFB000C16002E008460028F6D1C4F80C806869F8
:10EFC000E0606C6104F048FF85F80090204601F095
:10EFD0002DFC384684E700002E2E2F4D6964646CAA
:10EFE0006577617265732F54686972645F506172EE
:10EFF00074792F4C7749502F7372632F636F72654A
:10F000002F7463702E6300007463705F636F6E6EA5
:10F010006563743A2063616E206F6E6C7920636F54
:10F020006E6E6563742066726F6D207374617465B3
:10F0300020434C4F53454400417373657274696FAC
:10F040006E2022257322206661696C6564206174DC
:10F05000206C696E6520256420696E2025730A0086
:10F060007463705F636F6E6E6563743A20696E7669
:10F07000616C696420706362000000007463705FFB
:10F08000636F6E6E6563743A20696E76616C696455
:10F090002069706164647200BCC001202DE9F047F2
:10F0A000DDF820809A4691460D46070005D12DA334
:10F0B000A32239A140A0DAF799F8002D05D129A3A0
:10F0C000A42247A13CA0DAF791F85FEAC87001D00A
:10F0D000042600E000260320F3F744FB04001CD0C4
:10F0E00084F80A804FF00008C4E900852889B042FE
:10F0F00005D21CA3B02243A12FA0DAF777F8288904
:10F100001421801B20812846F8F7C5FF48B120460E
:10F1100003F05CFF0020BDE8F0872846F9F738FCD3
:10F12000F8E760684068E060F88AE6F72DFEE1687D
:10F130000880388BE6F728FEE16848805046E6F7FD
:10F1400021FEE1684860B008000300F5A04040EAF5
:10F150000900E6F719FEE1688881E1682046A1F818
:10F160001280D8E72E2E2F4D6964646C657761722A
:10F1700065732F54686972645F50617274792F4CA3
:10F180007749502F7372632F636F72652F746370AA
:10F190005F6F75742E6300007463705F63726561E6
:10F1A00074655F7365676D656E743A20696E76612C
:10F1B0006C69642070636200417373657274696F77
:10F1C0006E2022257322206661696C65642061745B
:10F1D000206C696E6520256420696E2025730A0005
:10F1E0007463705F6372656174655F7365676D6595
:10F1F0006E743A20696E76616C696420706275661F
:10F2000000000000702D3E746F745F6C656E203ED0
:10F210003D206F70746C656E0000000070B50C4688
:10F220000546002A06D10BA340F6C50215A11FA072
:10F23000D9F7DCFF5CB1218D49B1282902D92839E1
:10F240008CB200E00024A54200D22C462546284678
:10F2500070BD00002E2E2F4D6964646C657761725D
:10F2600065732F54686972645F50617274792F4CB2
:10F270007749502F7372632F636F72652F746370B9
:10F280002E6300007463705F6566665F73656E640D
:10F290005F6D73735F6E657469663A20696E76613F
:10F2A0006C6964206473745F6970000041737365F6
:10F2B0007274696F6E2022257322206661696C6505
:10F2C00064206174206C696E6520256420696E205D
:10F2D00025730A002DE9F843044600250E468807E9
:10F2E00006D13FA340F211424A494BA0D9F77EFF15
:10F2F000002C06D13AA340F2134251A146A0D9F7FF
:10F3000075FFB00700D50125E80700D0042080462E
:10F3100001464FF420723620F8F720FF07004FF027
:10F32000FF3929D07989414506D22DA340F23942CF
:10F330004BA139A0D9F75AFF0095324639462046ED
:10F34000E36DFFF7ABFE050016D0287B800706D0E3
:10F3500023A340F2424251A12FA0D9F747FF2889A9
:10F36000002806D01EA340F2434252A12AA0D9F79A
:10F370003DFFE06E38B109E0608B40F080006083B3
:10F380004846BDE8F883E56604E0084601680029C0
:10F39000FBD105600020A4F86800B00702D0E06D42
:10F3A000401CE065F00703D0608B40F020006083D4
:10F3B0006868F9F71AF9B4F8661008440004000CFC
:10F3C000A4F866000AD0206F40B9E06E30B904A3FB
:10F3D00040F2654242A110A0D9F708FF0020D0E713
:10F3E0002E2E2F4D6964646C6577617265732F549E
:10F3F000686972645F50617274792F4C7749502F3D
:10F400007372632F636F72652F7463705F6F7574AF
:10F410002E63000020CB0508417373657274696F19
:10F420006E2022257322206661696C6564206174F8
:10F43000206C696E6520256420696E2025730A00A2
:10F440007463705F656E71756575655F666C616725
:10F45000733A20696E76616C6964207063620000A3
:10F460007463705F656E71756575655F666C616705
:10F47000733A20636865636B207468617420666901
:10F4800072737420706275662063616E20686F6CA1
:10F4900064206F70746C656E000000007365672DEA
:10F4A0003E746370686472206E6F7420616C69676B
:10F4B0006E6564007463705F656E71756575655F18
:10F4C000666C6167733A20696E76616C696420735B
:10F4D00065676D656E74206C656E6774680000000A
:10F4E0007463705F656E71756575655F666C616785
:10F4F000733A20696E76616C696420717565756513
:10F50000206C656E6774680070B50D4604000BD002
:10F51000207D012806D105A340F60D020FA119A0F8
:10F52000D9F764FEC4F8905070BD00002E2E2F4D08
:10F530006964646C6577617265732F54686972647D
:10F540005F50617274792F4C7749502F7372632F1B
:10F55000636F72652F7463702E630000696E76614D
:10F560006C696420736F636B657420737461746578
:10F5700020666F72206572722063616C6C626163D9
:10F580006B000000417373657274696F6E202225F1
:10F590007322206661696C6564206174206C696EF9
:10F5A0006520256420696E2025730A0070B5194D09
:10F5B000A878401CA8706C6928E0A17FA8788142D7
:10F5C00023D0A077608BC10709D040F00200608390
:10F5D000204601F02BF9608B20F00300608380B29D
:10F5E000010705D520F0080060832046FFF7F8FBEF
:10F5F000E668A06F38B100202870204602F094FB26
:10F6000028780028D7D1344600E0E468002CD4D113
:10F6100070BD0000BCC0012010B50446007D01286B
:10F6200005D106A3D42211A115A0D9F7DFFD2146EB
:10F63000BDE810400120F2F7DDBF00002E2E2F4D57
:10F640006964646C6577617265732F54686972646C
:10F650005F50617274792F4C7749502F7372632F0A
:10F66000636F72652F7463702E6300007463705F44
:10F67000667265653A204C495354454E00000000BF
:10F68000417373657274696F6E2022257322206640
:10F6900061696C6564206174206C696E6520256405
:10F6A00020696E2025730A002DE9F04799460C4623
:10F6B0000646224F2AE02546D5E90040F8F795FF97
:10F6C000B6F866108046414506D21DA340F2574267
:10F6D00028A132A0D9F78AFD36F8661FA1EB0800F1
:10F6E00030802889398908443881284603F06EFC27
:10F6F00036F86609002809D054EA090006D110A39B
:10F7000040F261422FA125A0D9F770FD94B1E068C5
:10F710004068E6F737FB0546E0688089E6F734FB8A
:10F72000800700D00120218928440844B969401A83
:10F730000028C0DD2046BDE8F0870000B8000020AA
:10F740002E2E2F4D6964646C6577617265732F543A
:10F75000686972645F50617274792F4C7749502FD9
:10F760007372632F636F72652F7463705F696E2E9F
:10F77000630000007063622D3E736E645F71756597
:10F7800075656C656E203E3D20706275665F636CCA
:10F79000656E286E6578742D3E702900417373651F
:10F7A0007274696F6E2022257322206661696C6510
:10F7B00064206174206C696E6520256420696E2068
:10F7C00025730A007463705F726563656976653AD4
:10F7D0002076616C6964207175657565206C656E55
:10F7E0006774680010B50446406F002803D003F02A
:10F7F000FDFB0020606710BD0849C888421CCA8014
:10F800000A6912B18B88984203D2C9681431085C26
:10F810007047C01AC0B2105C70470000B8000020EA
:10F8200010B5D0F76BFE0349C0F30D0000F5404062
:10F83000888010BDBCC001202DE9FE4F040005D119
:10F84000E0A38322ECA1F2A0D9F7D0FCFA4D6068C6
:10F85000E860608914287DD3F84E31687069E4F758
:10F86000C3FD002876D1307DB046C0F303100E28CA
:10F8700070D0E8688089E6F787FA000B81001429C8
:10F88000E9D320898842E6D3A1F1140080B26880D0
:10F890004FF0000AC5F810A062898A4204D3A880FC
:10F8A0002046F9F789FA32E0206828B9C5A3C222B8
:10F8B000E3A1D7A0D9F79AFC14212046F9F77CFAE6
:10F8C0006189A9806888401A86B22046F9F774FADF
:10F8D00020684189B142BED3416829613146F9F7B8
:10F8E0006BFA2089801B2081608928B1B5A3DF22B3
:10F8F000D7A1C7A0D9F77AFC216820890989884255
:10F9000005D0B0A3E022D5A1C1A0D9F76FFCE8686B
:10F910000088E6F739FA0146E86801804088E6F792
:10F9200033FA0146E86841804068E6F72BFA014661
:10F93000E868416069618068E6F724FA0146E86892
:10F940008160A961C089E6F71FFA0146E868C181B4
:10F95000808900E08CE0E6F717FA00F03F0129709B
:10F9600020896881890704D0411C89B26981884255
:10F970007ED8DFF808930027D9F8006083E0307D57
:10F9800028B990A3FB22BEA1A1A0D9F72FFC307DFE
:10F990000A2805D18BA3FC22C3A19DA0D9F726FC80
:10F9A000307D012805D187A3FD22CAA198A0D9F7EF
:10F9B0001DFC307A38B1D8F8041091F83410491C85
:10F9C000C9B288425DD1E868318B0288914258D132
:10F9D000F18A4088814254D17168D8F81020914250
:10F9E0004FD13168D8F8140081424AD1F068B04252
:10F9F00006D174A340F20D12C0A185A0D9F7F6FB81
:10FA000037B1F068F860D9F80010F160C9F800600B
:10FA1000F068B04206D16BA340F21512C2A17CA0DF
:10FA2000D9F7E4FB96B3DFF82C835746C8F800A05B
:10FA30002189A8F80810C8F80440E968C8F80C1033
:10FA4000C5F81CA085F801A0A5F808A02878000733
:10FA500003D5607B40F001006073B06F00287CD05C
:10FA6000304602F061F90D3007D0B06F002800E099
:10FA700069E072D0688900286FD0708D002867D047
:10FA8000D1E13746F668002E7FF479AFB24840F2F4
:10FA90001F194646076827E0387D0A2805D049A384
:10FAA0004A46AEA15AA0D9F7A1FB387A30B17168A5
:10FAB00091F83410491CC9B2884214D1E868398BD6
:10FAC000028891420FD1F98A408881420BD178682F
:10FAD0003169884207D138687169884203D1384654
:10FAE00004F0D4F92FE0FF68002FD5D1A74B0021F7
:10FAF000EF681868D6F804900246D6F8148016E02D
:10FB0000067A3EB199F834C00CF1010C0CF0FF0CF0
:10FB100066450AD1C68AB7F802C0664505D10668AF
:10FB2000464507D0002804D036B10146C0680028F9
:10FB3000E6D182E1002843D019B1C568CD60C2602A
:10FB4000186000F029FB2046BDE8FE4FF8F720BF03
:10FB5000304603F055FA66E1FFE730462E6201F0C9
:10FB60007FFE0D3011D068782C4600070ED5D6F8F0
:10FB700090201AB16FF00D013069904731463F482F
:10FB800001F060FC3046FFF747FD4CE1228942B1AD
:10FB9000D6F8803023B13146306998470D300CD00B
:10FBA0002781304600F092F938B9E06930B1B06F82
:10FBB00028B104A34FF4F372EAE034E10EE1ECE083
:10FBC0003BE100002E2E2F4D6964646C65776172F5
:10FBD00065732F54686972645F50617274792F4C39
:10FBE0007749502F7372632F636F72652F74637040
:10FBF0005F696E2E630000007463705F696E7075DC
:10FC0000743A20696E76616C696420706275660072
:10FC1000417373657274696F6E20222573222066AA
:10FC200061696C6564206174206C696E652025646F
:10FC300020696E2025730A00B80000208CD10120B5
:10FC4000702D3E6E65787420213D204E554C4C0041
:10FC5000702D3E6C656E203D3D203000702D3E7451
:10FC60006F745F6C656E203D3D20702D3E6E657833
:10FC7000742D3E746F745F6C656E0000D0C00120FF
:10FC80007463705F696E7075743A2061637469762D
:10FC900065207063622D3E737461746520213D2080
:10FCA000434C4F53454400007463705F696E707538
:10FCB000743A20616374697665207063622D3E73C7
:10FCC0007461746520213D2054494D452D574149AB
:10FCD000540000007463705F696E7075743A20613F
:10FCE0006374697665207063622D3E737461746518
:10FCF00020213D204C495354454E00007463705FF1
:10FD0000696E7075743A207063622D3E6E6578740A
:10FD100020213D2070636220286265666F72652035
:10FD200063616368652900007463705F696E707554
:10FD3000743A207063622D3E6E65787420213D20F8
:10FD40007063622028616674657220636163686510
:10FD500029000000A0D60120D4C001207463705F88
:10FD6000696E7075743A2054494D452D5741495478
:10FD7000207063622D3E7374617465203D3D205494
:10FD8000494D452D5741495400000000CCC0012089
:10FD90003FA1AFF28410D9F729FAB07EC00606D58C
:10FDA000E069F8F7F5FD3046FEF77AFC3BE0D6F85F
:10FDB00084C0BCF1000F05D0002330693146E269F0
:10FDC000E04705E0002331461846E26902F004FDF1
:10FDD00010F10D0F27D008B1E069B0676078800698
:10FDE00019D5B06F20B1417B41F02001417312E081
:10FDF000308DA0F5E051843901D0401C3085D6F813
:10FE000084C0BCF1000F06D000231A463146306989
:10FE1000E0470D3007D03046276200F057F810B9A0
:10FE2000304600F003FD2F62EF61D8F8040044462D
:10FE3000D8B1F8F7ADFD676017E0B889E5F7A4FF22
:10FE400040070FD4E868194A184B0188408800928F
:10FE5000CDE90101698968691B1D42180020A96963
:10FE600002F0D4FF2046F8F793FD01F0CFFB002805
:10FE70000BD1AFF2B02340F249220DA1AFF27020B6
:10FE800003B0BDE8F04FD9F7B1B9BDE8FE8F00006F
:10FE90007063622D3E726566757365645F6461743C
:10FEA00061203D3D204E554C4C0000009CD101206E
:10FEB0007463705F696E7075743A207463705F70FC
:10FEC0006362735F73616E652829000010B50400DA
:10FED00006D110A340F25A221BA125A0D9F786F91A
:10FEE0002D484078C00612D5A07EC00606D4D4F8AE
:10FEF00090201AB16FF00E012069904721462748E3
:10FF000001F0A0FA2046FFF787FB012010BD00207A
:10FF100010BD00002E2E2F4D6964646C65776172F0
:10FF200065732F54686972645F50617274792F4CE5
:10FF30007749502F7372632F636F72652F746370EC
:10FF40005F696E2E630000007463705F696E707588
:10FF5000745F64656C617965645F636C6F73653A47
:10FF600020696E76616C6964207063620000000035
:10FF7000417373657274696F6E2022257322206647
:10FF800061696C6564206174206C696E652025640C
:10FF900020696E2025730A00B8000020D0C001201F
:10FFA00070B504004FF0000606D112A340F62402FB
:10FFB0001DA124A0D9F71AF9206D401EE5F7E2FE35
:10FFC000034600223146204600F0A0FD05000DD07A
:10FFD000014633460022204600F0F6FE2246231D4D
:10FFE0002946BDE87040104600F07EBE4FF0FF305D
:10FFF00070BD00002E2E2F4D6964646C65776172B0
:020000040805ED
:1000000065732F54686972645F50617274792F4C04
:100010007749502F7372632F636F72652F7463700B
:100020005F6F75742E6300007463705F6B6565703D
:10003000616C6976653A20696E76616C69642070DE
:1000400063620000417373657274696F6E202225CC
:100050007322206661696C6564206174206C696E2E
:100060006520256420696E2025730A0070B504465A
:10007000082808D0092C06D010A340F2DD621BA18D
:100080001EA0D9F7B3F8274B002108465A699B6890
:1000900009E0157DA54205D1156A5D1B8D4201D38E
:1000A00029461046D268002AF3D1002804D0BDE8C2
:1000B00070400021FEF71ABA70BD00002E2E2F4DA1
:1000C0006964646C6577617265732F5468697264E2
:1000D0005F50617274792F4C7749502F7372632F80
:1000E000636F72652F7463702E630000696E7661B2
:1000F0006C696420737461746500000041737365FA
:100100007274696F6E2022257322206661696C65A6
:1001100064206174206C696E6520256420696E20FE
:1001200025730A00BCC0012070B5050007D10F4B34
:1001300040F211120EA103F14400D9F757F8287DBF
:10014000012807D0094B4FF489720CA103F1440038
:10015000D9F74CF80F4E0124294656F824000068C0
:1001600002F012FC641C042CF6D370BD3CF60408AB
:1001700070636220213D204E554C4C007063622D0F
:100180003E7374617465203D3D204C495354454E87
:1001900000000000588F0508FEB5474E0546307830
:1001A00040071BD4002D06D144A340F2812250A168
:1001B00057A0D9F71BF83078C10610D5F0685E4A11
:1001C0005D4B018840880092CDE901017189706919
:1001D0001B1D42182846B16902F018FEFEBD8007BB
:1001E000FCD5687F297F8842F8D2687DFEF7AEFA99
:1001F000040051D0687F401C6877608B40F4007029
:1002000060834D4810384169216000696060E88A68
:10021000E082F06800882083032020757069401C0C
:100220006062E062204600F033FAA06520656064F9
:10023000E0657069401E60652869E5672061687A3D
:1002400000F00C006072287A20723C480168E1607E
:10025000046003F001FE3A4901200870204600F0D6
:1002600061FFF068C089A4F86000A4F86200201D56
:10027000E4F704FD0146608E221DFEF7CFFF608685
:1002800012212046FFF726F888B103B02046BDE8CA
:10029000F0400021FEF72AB9AB69002B9ED02869F7
:1002A00003B04FF0FF32BDE8F04000211847204670
:1002B000BDE8FE4000F0BABAB80000202E2E2F4D47
:1002C0006964646C6577617265732F5468697264E0
:1002D0005F50617274792F4C7749502F7372632F7E
:1002E000636F72652F7463705F696E2E6300000028
:1002F0007463705F6C697374656E5F696E7075743A
:100300003A20696E76616C69642070636200000057
:10031000417373657274696F6E20222573222066A3
:1003200061696C6564206174206C696E6520256468
:1003300020696E2025730A009CD10120D0C00120C5
:10034000BCC001202DE9F04190460F4605004FF05A
:1003500000040CD0287D002813D032A340F25A327A
:100360003CA14AA0D8F742FF6FF00E0051E02DA348
:1003700040F259324FA145A0D8F738FF6FF00F0077
:1003800047E00220F2F7EEF904001AD02869206154
:10039000E88AE08201202075687D6075687A607265
:1003A00000262672E87AE072A87AA0722868206097
:1003B000E88A98B14B49C868A8420CD1C068C860A7
:1003C0000BE04FF0FF3024E0C168A94202D1E96898
:1003D000C16002E008460028F6D1EE602846FFF72B
:1003E0001BF94148A0616677207D012806D00DA346
:1003F0004FF464723DA125A0D8F7F8FE07B9012794
:100400003848277710300168E160046003F024FD6C
:100410000020B8F1000F01D088F800002046BDE8A8
:10042000F08100002E2E2F4D6964646C6577617237
:1004300065732F54686972645F50617274792F4CD0
:100440007749502F7372632F636F72652F746370D7
:100450002E6300007463705F6C697374656E5F7700
:100460006974685F6261636B6C6F675F616E645F24
:100470006572723A2070636220616C7265616479A2
:1004800020636F6E6E65637465640000417373650D
:100490007274696F6E2022257322206661696C6513
:1004A00064206174206C696E6520256420696E206B
:1004B00025730A007463705F6C697374656E5F778F
:1004C0006974685F6261636B6C6F675F616E645FC4
:1004D0006572723A20696E76616C6964207063623D
:1004E00000000000BCC00120B5E604087063622D66
:1004F0003E7374617465203D3D204C495354454E14
:10050000202863616C6C656420666F722077726F5F
:100510006E67207063623F290000000070B50D46D1
:1005200004001DD0206800281AD00E4E20467169A4
:1005300000F01AF82046F16800F016F8002D0FD0F0
:10054000286800280CD006F11000026806E0106848
:100550002168884201D128681060D268002AF6D14B
:1005600070BD0000BCC0012070B505000C4612D162
:100570000AA34FF4106215A121A0D8F737FE0AE0B4
:1005800020682968884205D12046E668FEF788F889
:10059000344600E0E468002CF2D170BD2E2E2F4DC1
:1005A0006964646C6577617265732F5468697264FD
:1005B0005F50617274792F4C7749502F7372632F9B
:1005C000636F72652F7463702E6300007463705FD5
:1005D0006E657469665F69705F616464725F6368A9
:1005E000616E6765645F7063626C6973743A2069F9
:1005F0006E76616C6964206F6C645F616464720024
:10060000417373657274696F6E20222573222066B0
:1006100061696C6564206174206C696E6520256475
:1006200020696E2025730A004020FEF78FB8000075
:10063000F0B5154D154A00234FF6FF764FF44047AD
:100640004FF4804E9088401C80B29080B04200D120
:100650009780B2F80440002055F8201009680AE09D
:10066000B1F816C0A44505D15B1C9BB27345E9D314
:100670000020F0BDC9680029F2D1401CC0B2042896
:10068000EAD3A0B2F0BD0000588F0508BCC001201D
:1006900010B5002806D105A340F6AA020FA116A0A6
:1006A000D8F7A4FDBDE81040E6F73CBB2E2E2F4D39
:1006B0006964646C6577617265732F5468697264EC
:1006C0005F50617274792F4C7749502F7372632F8A
:1006D000636F72652F7463702E6300007463705FC4
:1006E0006E6578745F6973733A20696E76616C69C0
:1006F0006420706362000000417373657274696FF7
:100700006E2022257322206661696C656420617405
:10071000206C696E6520256420696E2025730A00AF
:1007200070B50C46050006D11EA340F21F422AA157
:1007300033A0D8F75BFDE8688089E5F725FB3A4EE2
:10074000C00715D0204602F051FC002427E0808924
:10075000E5F71AFBC00707D00120E5F715FB0146B6
:10076000E8688289114381812046246802F02EFCCA
:10077000ACB1E0682289736941680A442989194447
:10078000891AE4D52989CA18E1684968521A002AE9
:1007900005DDC81A81B229816868F8F725FA2C604E
:1007A00070BD00002E2E2F4D6964646C65776172F8
:1007B00065732F54686972645F50617274792F4C4D
:1007C0007749502F7372632F636F72652F74637054
:1007D0005F696E2E630000007463705F6F6F735FFC
:1007E000696E736572745F7365676D656E743A20C8
:1007F000696E76616C696420637365670000000050
:10080000417373657274696F6E20222573222066AE
:1008100061696C6564206174206C696E6520256473
:1008200020696E2025730A00B80000202DE9F05FD2
:10083000040006D187A340F2E14293A198A0D8F723
:10084000D5FC207D012806D182A340F2E3429EA17F
:1008500093A0D8F7CBFCA6480068A04202D10020A4
:10086000BDE8F09FB4F86010B4F84800814200D2AF
:100870000846E56E81466DB12146221D084602F00C
:10088000BDFA5FEA000A6FF003012ED054B1206870
:1008900040B10CE0A07E80076FD52046BDE8F05F38
:1008A00002F0AEBB1AF104001FD000682060E868B7
:1008B0004068E5F767FA616C401A29894218002000
:1008C0004A4514D9B4F860204A45E3D1216F002984
:1008D000E0D194F8A1100029DCD184F8A000012116
:1008E00084F8A11084F8A200D4E70846B8E784F899
:1008F000A100266F83460EB998E0064630680028AE
:10090000FBD192E0E8688089E5F73EFA400706D51A
:1009100050A340F2365277A161A0D8F767FC206F50
:10092000A8B1618B11F0440F11D1E06E28B10268BB
:100930006AB90089628E904209D2B4F8640030B17D
:10094000B4F86600282802D211F0A00F79D0207DDB
:10095000022807D01020E5F717FA0146E8688289D7
:100960001143818152462146284600F099FA28B168
:10097000618B41F08001618372E766E02868E06680
:10098000207D022803D0608B20F003006083E8689C
:100990004068E5F7F7F90746E8688089E5F7F4F974
:1009A000800700D00120298938440844216D091AA4
:1009B00000D52065E8688089E5F7E6F9800700D072
:1009C00001202989C8422CD0C5F800B0206F68B139
:1009D000E8684068E5F7D6F90746F0684068E5F74B
:1009E000D1F9381A1AD504F1700003E0256716E032
:1009F000D8F800008046006850B1C0684068E5F74C
:100A0000C1F90746E8684068E5F7BCF9381AEFD441
:100A1000D8F800002860C8F8005005E035602E4680
:100A200002E0284602F0D2FAE56E55B1E868406867
:100A3000E5F7A8F9616C401A2989014449457FF618
:100A400061AFE06E08B9A4F868B0608B20F0800058
:100A5000608304E72E2E2F4D6964646C65776172A4
:100A600065732F54686972645F50617274792F4C9A
:100A70007749502F7372632F636F72652F746370A1
:100A80005F6F75742E6300007463705F6F757470B0
:100A900075743A20696E76616C69642070636200D7
:100AA000417373657274696F6E202225732220660C
:100AB00061696C6564206174206C696E65202564D1
:100AC00020696E2025730A00646F6E2774206361AD
:100AD0006C6C207463705F6F757470757420666FD2
:100AE00072206C697374656E2D7063627300000010
:100AF000D8000020525354206E6F742065787065C2
:100B00006374656420686572652100002DE9FF410A
:100B10001D4616460F46040006D10EA340F242724F
:100B200019A123A0D8F762FBE08A638D1022218BE4
:100B30008DE80F002B4632463946606A00F04CF8CB
:100B4000002803D0628D616A1144E16204B0BDE8FF
:100B5000F08100002E2E2F4D6964646C6577617200
:100B600065732F54686972645F50617274792F4C99
:100B70007749502F7372632F636F72652F746370A0
:100B80005F6F75742E6300007463705F6F757470AF
:100B900075745F616C6C6F635F6865616465723A00
:100BA00020696E76616C69642070636200000000E9
:100BB000417373657274696F6E20222573222066FB
:100BC00061696C6564206174206C696E65202564C0
:100BD00020696E2025730A002DE9F05F834688188E
:100BE0000E46DDE90B98143081B21F464FF4207297
:100BF0002220DDF828A0F7F7B1FA05002AD069898C
:100C000006F11400814206D214A340F2237220A1FF
:100C10002BA0D8F7EBFA50466C68E5F7B5F82080C2
:100C20004846E5F7B1F8608067605846E5F7AAF8EE
:100C3000A060B008000300F5A04080B240EA0800C0
:100C4000E5F7A2F8A0810D98E5F79EF8E081002075
:100C5000208260822846BDE8F09F00002E2E2F4D96
:100C60006964646C6577617265732F546869726436
:100C70005F50617274792F4C7749502F7372632FD4
:100C8000636F72652F7463705F6F75742E630000FD
:100C9000636865636B20746861742066697273743D
:100CA00020706275662063616E20686F6C642073CB
:100CB0007472756374207463705F686472000000FE
:100CC000417373657274696F6E20222573222066EA
:100CD00061696C6564206174206C696E65202564AF
:100CE00020696E2025730A00FEB51E4617460D00CA
:100CF000044606D112A340F287721EA128A0D8F79D
:100D000075FA32463946204602F078F818B12CB10F
:100D1000E37AA17A04E06FF003040BE0FF230021E3
:100D200000910622CDE90120324639462846E3F7F4
:100D300095FD04462846F7F72BFE2046FEBD000031
:100D40002E2E2F4D6964646C6577617265732F5424
:100D5000686972645F50617274792F4C7749502FC3
:100D60007372632F636F72652F7463705F6F757436
:100D70002E6300007463705F6F75747075745F63C9
:100D80006F6E74726F6C5F7365676D656E743A2019
:100D9000696E76616C69642070627566000000009F
:100DA000417373657274696F6E2022257322206609
:100DB00061696C6564206174206C696E65202564CE
:100DC00020696E2025730A0070B515460C0006D107
:100DD0000DA340F2567219A122A0D8F707FA606855
:100DE000EA0700F1140100D00422104414308842B4
:100DF00008D0BDE8704004A340F2757223A119A089
:100E0000D8F7F4B970BD00002E2E2F4D6964646CC4
:100E10006577617265732F54686972645F5061729F
:100E200074792F4C7749502F7372632F636F7265FB
:100E30002F7463705F6F75742E6300007463705F4E
:100E40006F75747075745F66696C6C5F6F707469D0
:100E50006F6E733A20696E76616C6964207062759A
:100E600066000000417373657274696F6E202225FD
:100E70007322206661696C6564206174206C696E00
:100E80006520256420696E2025730A006F707469DF
:100E90006F6E73206E6F742066696C6C6564000001
:100EA0002DE9FE4317460C46050006D13DA34FF43D
:100EB000B76249A150A0D8F799F9002C06D139A3FF
:100EC00040F2B95256A14CA0D8F790F9002F06D1A4
:100ED00034A340F2BA525AA147A0D8F787F928465E
:100EE00000F0CCF810B10020BDE8FE83606AE4F7A2
:100EF00049FFE9688860608DE4F746FFE968C881CA
:100F0000618D606A0844E062EE68A87A1436C00712
:100F10000AD0221D394640F2B450FEF77FF940F066
:100F20000170E4F72FFF01C6B4F930004FF000085C
:100F3000002801DAA4F83080606B38B949480068AD
:100F40006063E8684068E4F71DFFA0636968A889EA
:100F50008A88801A4A89121A4A8169680A89101A8D
:100F600008816968E8684860E968A1F81080A87A93
:100F7000E968C00700D0042014300844B04206D00D
:100F800008A340F21C6238A11BA0D8F72FF9A07A61
:100F900006218DE88300E37A221D21466868E3F785
:100FA0005DFCA1E72E2E2F4D6964646C657761723C
:100FB00065732F54686972645F50617274792F4C45
:100FC0007749502F7372632F636F72652F7463704C
:100FD0005F6F75742E6300007463705F6F7574705B
:100FE00075745F7365676D656E743A20696E7661BE
:100FF0006C69642073656700417373657274696F0F
:101000006E2022257322206661696C6564206174FC
:10101000206C696E6520256420696E2025730A00A6
:101020007463705F6F75747075745F7365676D65F9
:101030006E743A20696E76616C6964207063620038
:101040007463705F6F75747075745F7365676D65D9
:101050006E743A20696E76616C6964206E6574699D
:1010600066000000C4C001206F7074696F6E732049
:101070006E6F742066696C6C6564000010B50400C6
:1010800006D107A340F29A5212A11CA0D8F7AEF8DD
:101090006068807B012801D0012010BD002010BDB8
:1010A0002E2E2F4D6964646C6577617265732F54C1
:1010B000686972645F50617274792F4C7749502F60
:1010C0007372632F636F72652F7463705F6F7574D3
:1010D0002E6300007463705F6F75747075745F7356
:1010E00065676D656E745F627573793A20696E76B7
:1010F000616C69642073656700000000417373656B
:101100007274696F6E2022257322206661696C6596
:1011100064206174206C696E6520256420696E20EE
:1011200025730A002DE9F041060006D11DA340F207
:101130007D7229A12FA0D8F759F8384C6088002873
:1011400018D00020E08040F2B4550FE0FEF754FBC9
:1011500000280FD0012809D002280DD0FEF74CFB43
:10116000022807D3E1880844801EE080E188608877
:101170008142EBD3BDE8F081FEF73EFB0428F9D1B4
:10118000E0886188801C8842F4D8FEF735FB0702AE
:10119000FEF732FB3843A84200D800B928467086D3
:1011A000E4E700002E2E2F4D6964646C6577617250
:1011B00065732F54686972645F50617274792F4C43
:1011C0007749502F7372632F636F72652F7463704A
:1011D0005F696E2E630000007463705F70617273EC
:1011E000656F70743A20696E76616C696420706313
:1011F00062000000417373657274696F6E2022256E
:101200007322206661696C6564206174206C696E6C
:101210006520256420696E2025730A00B80000202F
:101220002DE9F05F83460AA85FEA030890E84006CC
:1012300015460C460F4605D120A3E8222CA135A067
:10124000D7F7D4FF002E05D11CA3E9223BA131A082
:10125000D7F7CCFFAC4214D25FEA897009D4B07ED4
:1012600040060ED4BAF1000F03D0F06E08B9306F0B
:1012700038B104F2B75020F00300A84200D8054668
:10128000AFB24FF4207239465846F6F767FF0500B3
:1012900011D0286830B109A340F20B122FA11DA074
:1012A000D7F7A4FF6889001BA8F800002C816C8187
:1012B0002846BDE8F09F0020FBE700002E2E2F4DB2
:1012C0006964646C6577617265732F5468697264D0
:1012D0005F50617274792F4C7749502F7372632F6E
:1012E000636F72652F7463705F6F75742E63000097
:1012F0007463705F706275665F707265616C6C6F4D
:10130000633A20696E76616C6964206F76657273EA
:10131000697A6500417373657274696F6E20222566
:101320007322206661696C6564206174206C696E4B
:101330006520256420696E2025730A007463705F40
:10134000706275665F707265616C6C6F633A20697C
:101350006E76616C69642070636200006E6565641E
:1013600020756E636861696E6564207062756600E1
:1013700070B5040022D0207D00281ED00A281CD081
:1013800001281AD02046FDF781FAA06F002510B180
:10139000F7F7FEFAA567606F10B12046FEF722FA54
:1013A0004FF0FF302086E06E01F020FE206F01F04C
:1013B0001DFEE5662567A4F8685070BDBDE8704065
:1013C00003A340F651020EA114A0D7F70FBF0000EF
:1013D0002E2E2F4D6964646C6577617265732F548E
:1013E000686972645F50617274792F4C7749502F2D
:1013F0007372632F636F72652F7463702E630000C6
:101400007463705F7063625F70757267653A2069BC
:101410006E76616C6964207063620000417373656D
:101420007274696F6E2022257322206661696C6573
:1014300064206174206C696E6520256420696E20CB
:1014400025730A0070B50C00054606D12FA340F69F
:1014500083023AA140A0D7F7C9FE002D06D12BA3E5
:1014600040F6840246A13CA0D7F7C0FE2868A042FF
:1014700009D1C068286008E0C168A14202D1E168D2
:10148000C16002E008460028F6D100252046E5604C
:10149000FFF76EFF207D0A280DD0012826D0608B33
:1014A000C10708D040F0020060832046FFF7BEF974
:1014B000207D01281AD0E06E30B114A340F69302CB
:1014C00037A125A0D7F792FE206F30B10FA340F6C9
:1014D000940239A120A0D7F789FE606F30B10BA329
:1014E00040F696023BA11CA0D7F780FE2575E58249
:1014F00000F08CF8002808D1BDE8704003A340F646
:101500009E023AA114A0D7F771BE70BD2E2E2F4DAA
:101510006964646C6577617265732F54686972647D
:101520005F50617274792F4C7749502F7372632F1B
:10153000636F72652F7463702E6300007463705F55
:101540007063625F72656D6F76653A20696E766171
:101550006C69642070636200417373657274696FB3
:101560006E2022257322206661696C656420617497
:10157000206C696E6520256420696E2025730A0041
:101580007463705F7063625F72656D6F76653A2039
:10159000696E76616C6964207063626C6973740053
:1015A000756E73656E74207365676D656E747320F8
:1015B0006C65616B696E6700756E61636B65642055
:1015C0007365676D656E7473206C65616B696E67BA
:1015D000000000006F6F736571207365676D656E45
:1015E0007473206C65616B696E6700007463705F73
:1015F0007063625F72656D6F76653A207463705FC9
:10160000706362735F73616E652829002DE9F04194
:101610001C4D40F6D916771C40F6DB186C691BE0B0
:10162000207D002805D118A3324623A12DA0D7F78D
:10163000DDFD207D012805D113A33A4633A129A061
:10164000D7F7D4FD207D0A2805D10FA342463AA141
:1016500024A0D7F7CBFDE468002CE1D1AC6940F6BB
:10166000DE1509E0207D0A2805D007A32A463EA101
:101670001CA0D7F7BBFDE468002CF3D10120BDE826
:10168000F0810000BCC001202E2E2F4D6964646CD7
:101690006577617265732F54686972645F50617217
:1016A00074792F4C7749502F7372632F636F726573
:1016B0002F7463702E6300007463705F70636273D5
:1016C0005F73616E653A206163746976652070634B
:1016D000622D3E737461746520213D20434C4F534D
:1016E00045440000417373657274696F6E20222552
:1016F0007322206661696C6564206174206C696E78
:101700006520256420696E2025730A007463705F6C
:10171000706362735F73616E653A206163746976AA
:1017200065207063622D3E737461746520213D20D5
:101730004C495354454E00007463705F706362738C
:101740005F73616E653A20616374697665207063CA
:10175000622D3E737461746520213D2054494D45CE
:101760002D574149540000007463705F70636273C9
:101770005F73616E653A207477207063622D3E73EB
:1017800074617465203D3D2054494D452D574149B4
:101790005400000070B515460E46040003D0207DAD
:1017A000012809D00FE0BDE8704009A340F63D02D2
:1017B00013A119A0D7F71ABD05A340F63E0220A138
:1017C00015A0D7F713FDC4F88C60657770BD0000D5
:1017D0002E2E2F4D6964646C6577617265732F548A
:1017E000686972645F50617274792F4C7749502F29
:1017F0007372632F636F72652F7463702E630000C2
:101800007463705F706F6C6C3A20696E76616C699E
:101810006420706362000000417373657274696FC5
:101820006E2022257322206661696C6564206174D4
:10183000206C696E6520256420696E2025730A007E
:10184000696E76616C696420736F636B6574207375
:101850007461746520666F7220706F6C6C0000009C
:101860002DE9FE4F040006D1DEA34FF44772EAA132
:10187000F0A0D7F7BBFCF94D287841072CD5227D85
:10188000022A05D0616A6869814206D18AB117E0EF
:10189000206DA969884213D043E2421AFCD4228DFC
:1018A0001144401A0028F7DC608B40F0020060838E
:1018B00037E2CCA34FF44E72E9A1DEA0D7F796FC35
:1018C000687840F008006870608B20F00100608349
:1018D0006FF00D00BDE8FE8F800704D5207D022843
:1018E00001D00328E0D1A07EC00602D4E4480068FD
:1018F00020624FF0000884F8A38084F8A28020467C
:10190000FFF710FCDF4B227D03F110000421DFF80C
:1019100078A3DE4FDE4E921E14334FF001094FF0D4
:101920000A0B082AB8D2DFE802F00487F3F7F0F3D5
:10193000EFEE2A78D606AFD5920767D5666CAA690E
:10194000761C964262D168690346401C60626264FC
:10195000E062E8685B1EC089A4F86000A4F8620039
:1019600063652175201DE3F789F90146608E221D0C
:10197000FDF754FC41F21C116086B1EB400F01D21F
:10198000420000E00A46B2EB800F01D9810003E07B
:10199000B1EB400F00D24100A4F84810B4F8660043
:1019A00030B990A34FF45B72BAA1A2A0D7F71EFC86
:1019B000B4F86600401EA4F86600256FB5B128682B
:1019C0002067284601F002FB206FD8B1A4F83080D0
:1019D00084F84280D4F88830002B3FF465AF0022B1
:1019E0002146206998470D304ED05DE7E56E35B948
:1019F0007CA34FF45D72ADA18EA0D7F7F7FB2868EA
:101A0000E066DEE74FF0FF302086E3E7E9680A880A
:101A100049888DE807006989686942182046A969E4
:101A200001F0F4F994F84200062804D2A4F83080BA
:101A3000204601F0BFF874E12A78D60658D5626CCA
:101A4000AE69B21A012A46D4226DB21A002A42DCCB
:101A50002175E06FA8B1806930B962A34FF46A7252
:101A600097A174A0D7F7C2FB2046FCF70FFFE06FE9
:101A7000836933B1002221462069984738B10D307F
:101A800002D02046FCF70CFE6FF00C0022E7204647
:101A900000F0CEF9288908B1401E2881608E41F2FD
:101AA0001C11B1EB400F01D2420000E00A46B2EB3C
:101AB000800F01D9810003E0B1EB400F00D241005B
:101AC000A4F848106878800611D5608B40F00200B9
:101AD0006083072057E0E9680A8849888DE8070095
:101AE0006989686942183146204601F08FF918E18A
:101AF000900707D5606A6969401E884202D1204676
:101B000000F06EFF0DE1FCE057E03EE004E0FFE78F
:101B1000204600F08DF9D5E7204600F089F9687875
:101B2000800628784FEAC06024D5002805DA206DA9
:101B3000A969884201D1E06E28B1608B40F00200B3
:101B4000608308201FE0608B40F002006083204625
:101B5000FFF70EFC3068A04209D1C0683060C6E0D3
:101B6000C168A14202D1E168C160C0E00846002816
:101B7000F6D1BCE0002833DA206DA96988422FD164
:101B8000E06E68BB06202075CBE0204600F050F9DF
:101B90006878800624D5608B40F002006083204680
:101BA000FFF7E6FB3068A042D7D003E0C168A1424E
:101BB000D9D008460028F9D199E0204600F038F93C
:101BC0002878C0060CD5206DA969884208D1E06E3E
:101BD00030B92046FFF7CCFB3068A042BDD084E08E
:101BE0009FE000002E2E2F4D6964646C6577617252
:101BF00065732F54686972645F50617274792F4CF9
:101C00007749502F7372632F636F72652F746370FF
:101C10005F696E2E630000007463705F70726F63A3
:101C20006573733A20696E76616C696420706362D3
:101C300000000000417373657274696F6E20222585
:101C40007322206661696C6564206174206C696E22
:101C50006520256420696E2025730A00B8000020E5
:101C60007463705F696E7075743A207063622D3EA4
:101C7000737461746520213D20434C4F53454400EB
:101C8000C4C001208CD10120BCC00120D4C00120DF
:101C9000D0C001207063622D3E736E645F71756504
:101CA00075656C656E203E20300000006E6F2073FD
:101CB00065676D656E7420746F20667265650000DF
:101CC0007063622D3E6C697374656E65722D3E6142
:101CD000636365707420213D204E554C4C0000001C
:101CE000C168A1423FF43FAF08460028F8D18AF806
:101CF000009084F814B03868E0603C6002F0ACF802
:101D00000FE0204600F094F82878C00609D5206D31
:101D1000A969884205D1E06E18B9687840F01000D2
:101D200068700020D6E500002DE9F04104000DD0D8
:101D3000A56F00206E7BA067D4F88470002F10D0B0
:101D400000232A4621462069B84710E018A340F234
:101D5000096223A12CA0D7F749FA6FF00F00BDE864
:101D6000F08100232A462146184600F035FD6FF029
:101D70000C0728B10D3018D06FF00400A567EEE70E
:101D8000B00610D5208DA0F5E051843901D0401C5B
:101D90002085D4F8845035B100231A4621462069A5
:101DA000A8470D3001D00020D9E73846D7E700001A
:101DB0002E2E2F4D6964646C6577617265732F54A4
:101DC000686972645F50617274792F4C7749502F43
:101DD0007372632F636F72652F7463702E630000DC
:101DE0007463705F70726F636573735F726566753D
:101DF0007365645F646174613A20696E76616C69D1
:101E00006420706362000000417373657274696FCF
:101E10006E2022257322206661696C6564206174DE
:101E2000206C696E6520256420696E2025730A0088
:101E30002DE9F047040006D1E1A340F27B42EDA179
:101E4000F3A0D7F7D3F9207D042806D2DCA340F213
:101E50007C42F9A1EEA0D7F7C9F9FE4D4FF6FF7706
:101E60004FF000062878C0067ED5B4F86020A16D3A
:101E7000636D686902EB0108B3EB000C0BD483427D
:101E800002D1AB69CB1A06D4AB69994210D1E9688B
:101E9000C98991420CD9E968C989A4F86010B4F8DD
:101EA00062208A4201D2A4F862106065A869A06528
:101EB000626CA869811A00292EDC698949BBB4F8D3
:101EC0006030A16D1944414523D1B4F93010002987
:101ED0001FDB82421DD194F84300411CC9B28142EC
:101EE00001D984F8431094F8430003280CD9B4F8BE
:101EF0004810608E084480B2884202D3A4F848009B
:101F000003E0A4F8487000E002D3204600F0DEFDB4
:101F10008EE084F843608BE0012977D4226D821A29
:101F2000002A73DC628B530708D522F00402628317
:101F3000B4F84A20A4F84820A4F86A6084F8426003
:101F4000E28FB4F93C3089B202EBE302A4F84020FE
:101F500084F843606064207D042831D3B4F84800DD
:101F6000B4F84A20904200E082E015D2628B12055C
:101F700001D5012200E00222638E53439AB28A42C5
:101F800000D81146014489B2814202D3A4F8481016
:101F900016E0A4F8487013E0B4F86A20114489B23E
:101FA000914202D3A4F86A1001E0A4F86A70B4F870
:101FB0006A10814204D3091AA4F86A10618EE1E71D
:101FC000D4E91B31A4A22046FDF76EFB206703462F
:101FD000A3A22046E16EFDF767FBE066216F19B111
:101FE0002686267720B105E04FF0FF322286F8E7FB
:101FF000A4F86860B4F864202B891A44A4F864201B
:10200000628B120514D511B1C86802E00DE038B139
:10201000C0684068E3F7B6FEE16C081A002807DCE8
:10202000608B20F40060608302E0204600F0E8FF4F
:10203000606BE8B1A16BAA69891A19D58A49098828
:10204000081AB4F93C10A0EBE10000B2014409B257
:10205000A187002801DA404200B2B4F93E20A0EB8B
:10206000A2001044E08700EBE100A4F840006663A2
:10207000B5F80AC0BCF1000F7ED0207D07287BD2C6
:10208000616A6A69DFF8E4A1881AA946012849D47F
:1020900002EB0C054D1B6D1C002D43DCDAF80450DF
:1020A000804635B946A340F2945271A158A0D7F7A3
:1020B0009DF8B84506D342A340F2955270A154A0B2
:1020C000D7F794F8DAF804001FFA88F7D0460089A9
:1020D000B84206D23AA340F297526DA14CA0D7F76E
:1020E00085F8B8F80810C91BA8F80810D8F804003B
:1020F0000089C01B81B204E029816E81381A2D68E5
:1021000087B26889B842F7D339462846F6F754FEB5
:10211000606AC9F81400D8F80C104860616A401A67
:1021200007D593E2501A04D5608B40F0020060831B
:102130008CE2208D0A460144D9F814004F46411A1A
:10214000491C0029EDDC824238D1DAF80C005546F2
:102150008089E3F719FE800700D001202989B8465D
:10216000084480B27881218D814228D2E868808934
:10217000E3F70AFEC00700E06DE20ED0E868808950
:10218000E3F702FEC0F344004000E3F7FDFDE96819
:102190008A8922F47C5210438881208D2881E86846
:1021A0008089E3F7F1FD800702D52889401E288148
:1021B00029896868F6F718FDE86871E08DE18BE021
:1021C0002E2E2F4D6964646C6577617265732F5490
:1021D000686972645F50617274792F4C7749502F2F
:1021E0007372632F636F72652F7463705F696E2EF5
:1021F000630000007463705F726563656976653AB9
:1022000020696E76616C6964207063620000000072
:10221000417373657274696F6E2022257322206684
:1022200061696C6564206174206C696E6520256449
:1022300020696E2025730A007463705F72656365A0
:102240006976653A2077726F6E6720737461746582
:1022500000000000B8000020756E61636B656400CB
:10226000756E73656E740000C4C00120A0D6012095
:10227000696E7365672E7020213D204E554C4C00D1
:10228000696E73616E65206F666673657421000008
:102290007062756620746F6F2073686F72742100AE
:1022A0008089E3F771FD800700D001202989084467
:1022B00081B2A8F80A10238D626AD8F814001A4473
:1022C0000844904208D0AFF2081340F2CB52E9A183
:1022D000AFF2C400D6F78AFF606F002873D0E868B9
:1022E0008089E3F751FDC00704D107E00168616709
:1022F00000F06CFE606F0028F8D164E0676F1EE0AC
:102300008889E3F741FDC00715D0E8688089E3F7C5
:102310003BFD80070FD40120E3F736FDE9688A8989
:1023200010438881E3F730FD800700D00120298920
:102330000844A8F80A0038463F6800F047FEDFB3BB
:10234000F9683A89D8F8143048680244B8F80A00A5
:102350001844801AD4D5B8F80A20D8F814108B186D
:10236000FA6852689B1A002B2CDD501A2881E86805
:102370008089E3F709FD800702D52889401E28815E
:1023800029896868F6F730FCE8688089E3F7FCFC87
:10239000800700D001202989084481B2A8F80A10DA
:1023A000D8F814000844F968496888420AD0AFF2A6
:1023B000F01340F2FC5200E004E0BCA1AFF2B01018
:1023C000D6F714FF6767B8F80A00D8F81410474624
:1023D00001446162218D814208D2AFF21C2340F298
:1023E0000762C1A1AFF2D810D6F700FF208D79891E
:1023F000401A2085204601F0E1FD6868018909B195
:10240000F8616E60E8688089E3F7BEFCC00752D0CF
:10241000787840F0200078704DE079618089E3F7AA
:10242000B3FC800700D001202A89616A1144084466
:102430006062E8688089E3F7A7FC800700D001208C
:1024400029890844218D884208D9AFF28C2340F2B3
:102450002B62ADA1AFF24820D6F7C8FEE8688089AC
:10246000E3F792FC800700D0012029890844218DE0
:10247000081A2085204601F0A1FD6968088930B15D
:10248000F86910B1F6F710F800E0F9616E60E868DD
:102490008089E3F779FCC00708D0787840F0200005
:1024A0007870207D042801D1072020752868606796
:1024B000284600F08BFD656F25B1E868626A4168C7
:1024C0009142AAD0608BC10702D020F00100CEE07B
:1024D00040F001006083BDE8F087656F9DB1002684
:1024E000C846E9684968814212D1BAF808002989CA
:1024F00088420CD98E4800F013FD002807D08EB317
:102500003060294625E08A4800F00AFD60679DE0BA
:1025100016B3F2685268821A012A25D4421A521C54
:10252000002A21DC824800F0FBFC070013D0F06891
:10253000318940684218D8F81410521A002A05DD73
:10254000081A81B231817068F6F74EFB2946384689
:102550003760FEF7E5F879E0421A05D5744800F0D7
:10256000DFFCE8B36067CCE72A682E46CABB411A95
:10257000002968DDE8688089E3F706FCC00765D1BB
:102580006B4800F0CDFC286050B3E86846464168CF
:1025900028890A18D8F81400121A002A05DD401AF2
:1025A00081B229816868F6F71FFB218D606A726924
:1025B000084471891144081A002847DD2868C0685A
:1025C0008089E3F7E1FBC00713D02868C0688089E1
:1025D000E3F7DAFBC0F344004000E3F7D5FB01E08A
:1025E00030E030E02968C9688A8922F47C521043BF
:1025F0008881A08C218D0844B18A401A81B2286854
:10260000018128684068F6F7EFFA2868C068808979
:10261000E3F7BAFB800700D0012029680989084444
:1026200080B27081228D616A1144726910448842BF
:102630000CD0AFF274434FF4DF620EA1AFF2304022
:10264000D6F7D4FD02E015007FF44BAF2046BDE87D
:10265000F04700F0D5BC606A69690A1A06D4228D79
:102660001044081A401C00287FF735AF608B40F0FB
:1026700002002FE77463705F726563656976653A7F
:10268000207365676D656E74206E6F742074726957
:102690006D6D656420636F72726563746C7920740C
:1026A0006F207263765F776E640A00007463705FF8
:1026B000726563656976653A207365676D656E74EA
:1026C000206E6F74207472696D6D656420636F7223
:1026D000726563746C7920746F206F6F73657120FD
:1026E00071756575650A00007463705F7265636576
:1026F0006976653A207463706C656E203E20726363
:10270000765F776E640A00007463705F726563655C
:102710006976653A206F6F736571207463706C65BC
:102720006E203E207263765F776E640A00000000C0
:10273000A0D6012070B50D4604000BD0207D0128E5
:1027400006D105A340F2DF720FA119A0D6F74EFD06
:10275000C4F8845070BD00002E2E2F4D6964646C47
:102760006577617265732F54686972645F50617236
:1027700074792F4C7749502F7372632F636F726592
:102780002F7463702E630000696E76616C6964203B
:10279000736F636B657420737461746520666F7208
:1027A00020726563762063616C6C6261636B00000C
:1027B000417373657274696F6E20222573222066DF
:1027C00061696C6564206174206C696E65202564A4
:1027D00020696E2025730A0010B51446080008D041
:1027E000002C10D0218900F04FF82046F6F7D0F8E1
:1027F0000AE008A34FF4D36212A119A0D6F7F6FCA1
:102800006FF00F0010BD0BB1002010BDBDE81040EF
:10281000FCF7A8B92E2E2F4D6964646C6577617240
:1028200065732F54686972645F50617274792F4CBC
:102830007749502F7372632F636F72652F746370C3
:102840002E6300007463705F726563765F6E756CF3
:102850006C3A20696E76616C696420706362000076
:10286000417373657274696F6E202225732220662E
:1028700061696C6564206174206C696E65202564F3
:1028800020696E2025730A0070B50D46040003D040
:10289000207D012809D00FE0BDE8704014A340F26C
:1028A000CF321FA124A0D6F7A1BC11A340F2D2328F
:1028B0002BA121A0D6F79AFC218D41F6844248191C
:1028C00080B2904201D8814201D9228500E0208562
:1028D000204601F073FBB0F5E46F08D9608B40F03F
:1028E000020060832046BDE87040FDF79FBF70BDC9
:1028F0002E2E2F4D6964646C6577617265732F5459
:10290000686972645F50617274792F4C7749502FF7
:102910007372632F636F72652F7463702E63000090
:102920007463705F7265637665643A20696E766180
:102930006C69642070636200417373657274696FBF
:102940006E2022257322206661696C6564206174A3
:10295000206C696E6520256420696E2025730A004D
:10296000646F6E27742063616C6C207463705F7297
:10297000656376656420666F72206C697374656E3A
:102980002D7063627300000070B50D00044606D11F
:10299000084BFF2208A103F14400D6F727FC0020D2
:1029A00004E0E16FA94200D1E067E468002CF8D1AF
:1029B00070BD00003CF604087463705F72656D6F53
:1029C00076655F6C697374656E65723A20696E76C0
:1029D000616C6964206C697374656E6572000000D7
:1029E0002DE9F041040006D11BA340F2C16227A1EA
:1029F0002CA0D6F7FBFB256F6FF005061DB128460E
:102A0000FEF73CFB10B13046BDE8F081286804F1C8
:102A10006C06206700E03668306850B1C0684068D6
:102A2000E3F7B0F90746E8684068E3F7ABF9381A0E
:102A3000F1D43068286035602868002108B9A4F80E
:102A4000681094F84200FF2802D2401C84F842002B
:102A500000206163D8E700002E2E2F4D6964646C5E
:102A60006577617265732F54686972645F50617233
:102A700074792F4C7749502F7372632F636F72658F
:102A80002F7463705F6F75742E6300007463705FE2
:102A90007265786D69743A20696E76616C6964203C
:102AA00070636200417373657274696F6E202225D2
:102AB0007322206661696C6564206174206C696EA4
:102AC0006520256420696E2025730A0010B5040076
:102AD00006D119A340F2F96224A12CA0D6F786FBF7
:102AE000206F002827D0A07E400724D42046FFF77F
:102AF00077FF00281FD1B4F84810B4F86000814275
:102B000000D208464108A4F84A10608EB1EB400F8D
:102B100005D24FF6FF7101EA4001A4F84A1089B2CC
:102B200000EB40000844A4F84800608B40F004002B
:102B300060830020208610BD2E2E2F4D6964646CAA
:102B40006577617265732F54686972645F50617252
:102B500074792F4C7749502F7372632F636F7265AE
:102B60002F7463705F6F75742E6300007463705F01
:102B70007265786D69745F666173743A20696E7608
:102B8000616C6964207063620000000041737365CA
:102B90007274696F6E2022257322206661696C65EC
:102BA00064206174206C696E6520256420696E2044
:102BB00025730A0010B5040006D109A340F2AD62E6
:102BC00014A11BA0D6F712FB204600F09BF80028AA
:102BD00004D12046BDE8104000F03EB810BD000012
:102BE0002E2E2F4D6964646C6577617265732F5466
:102BF000686972645F50617274792F4C7749502F05
:102C00007372632F636F72652F7463705F6F757477
:102C10002E6300007463705F7265786D69745F7213
:102C2000746F3A20696E76616C696420706362002B
:102C3000417373657274696F6E202225732220665A
:102C400061696C6564206174206C696E652025641F
:102C500020696E2025730A0010B5040006D109A36F
:102C60004FF4D36214A11DA0D6F7C0FA94F8420025
:102C7000FF2802D2401C84F842002046BDE81040E4
:102C8000FDF7D4BD2E2E2F4D6964646C657761729B
:102C900065732F54686972645F50617274792F4C48
:102CA0007749502F7372632F636F72652F7463704F
:102CB0005F6F75742E6300007463705F7265786D6A
:102CC00069745F72746F5F636F6D6D69743A2069C8
:102CD0006E76616C69642070636200004173736595
:102CE0007274696F6E2022257322206661696C659B
:102CF00064206174206C696E6520256420696E20F3
:102D000025730A002DE9F041040006D11BA340F20F
:102D1000636227A12FA0D6F769FA256F6FF0050629
:102D20005DB103E0FEF7AAF938B92D6828680028DC
:102D30002846F7D1FEF7A2F910B13046BDE8F08180
:102D4000E06E28600026206FC4E91B06608B40F40B
:102D500000606083E8684068E3F714F80746E868B5
:102D60008089E3F711F8800700D0012029893844D1
:102D700008446663E0640020E0E700002E2E2F4D3B
:102D80006964646C6577617265732F5468697264F5
:102D90005F50617274792F4C7749502F7372632F93
:102DA000636F72652F7463705F6F75742E630000BC
:102DB0007463705F7265786D69745F72746F5F7051
:102DC0007265706172653A20696E76616C69642023
:102DD00070636200417373657274696F6E2022259F
:102DE0007322206661696C6564206174206C696E71
:102DF0006520256420696E2025730A0018B1007AC9
:102E000008B1F4F799BC1046E1F738BF2DE9FF4F40
:102E100085B01E00DDE91279DDF8508093468A46C0
:102E200006D11AA340F2C47225A12CA0D6F7DEF970
:102E3000002F06D115A340F2C57232A127A0D6F704
:102E4000D5F9002548F21C445046E2F79BFF1422B6
:102E5000CDE90224CDE900980346002229465846D0
:102E6000FDF7BAFE04000ED001462B46002205985D
:102E7000FDF7AAFF059809B03B4632462146BDE85A
:102E8000F04FFDF731BF09B0BDE8F08F2E2E2F4D6A
:102E90006964646C6577617265732F5468697264E4
:102EA0005F50617274792F4C7749502F7372632F82
:102EB000636F72652F7463705F6F75742E630000AB
:102EC0007463705F7273743A20696E76616C6964C2
:102ED000206C6F63616C5F69700000004173736503
:102EE0007274696F6E2022257322206661696C6599
:102EF00064206174206C696E6520256420696E20F1
:102F000025730A007463705F7273743A20696E7679
:102F1000616C69642072656D6F74655F6970000033
:102F200070B5050006D10CA340F2826216A11DA067
:102F3000D6F75CF90320EFF715FC04000AD004CDA6
:102F400095E80B0004C484E80B00241FF5F7E6FEA7
:102F5000204670BD002070BD2E2E2F4D6964646C1C
:102F60006577617265732F54686972645F5061722E
:102F700074792F4C7749502F7372632F636F72658A
:102F80002F7463702E6300007463705F7365675FF6
:102F9000636F70793A20696E76616C69642073653D
:102FA00067000000417373657274696F6E2022259B
:102FB0007322206661696C6564206174206C696E9F
:102FC0006520256420696E2025730A0010B5040071
:102FD0000BD0606818B1F5F7DBFC0020606021467B
:102FE000BDE810400320EFF705BB10BD10B503E0AE
:102FF0000468FFF7EBFF20460028F9D110BD000060
:103000002DE9F0414FF0000704003E4606D118A319
:1030100040F2EA7223A12BA0D6F7E8F80025206D34
:10302000E2F7B0FE0346002229462046FDF76EFD7A
:10303000050010D0014633463A462046FDF7C4FE4F
:103040002246231D29461046FDF74EFE618B50B1E6
:1030500041F0030109E0608B40F0030060836FF0F2
:103060000100BDE8F08121F003016183F9E7000070
:103070002E2E2F4D6964646C6577617265732F54D1
:10308000686972645F50617274792F4C7749502F70
:103090007372632F636F72652F7463705F6F7574E3
:1030A0002E6300007463705F73656E645F656D709E
:1030B00074795F61636B3A20696E76616C69642034
:1030C00070636200417373657274696F6E202225AC
:1030D0007322206661696C6564206174206C696E7E
:1030E0006520256420696E2025730A0070B50500EF
:1030F00006D113A340F2EB321EA125A0D6F776F835
:10310000EC6E0CB909E0044620680028FBD1E068A9
:103110008089E2F739FE400705D02846BDE87040B7
:103120000121FCF7D7B80120E2F72EFEE1688A8979
:1031300010438881688B40F020006883002070BDB8
:103140002E2E2F4D6964646C6577617265732F5400
:10315000686972645F50617274792F4C7749502F9F
:103160007372632F636F72652F7463705F6F757412
:103170002E6300007463705F73656E645F66696ED2
:103180003A20696E76616C696420706362000000A9
:10319000417373657274696F6E20222573222066F5
:1031A00061696C6564206174206C696E65202564BA
:1031B00020696E2025730A0070B50D4604000BD0FF
:1031C000207D012806D105A340F2F3720FA119A0BA
:1031D000D6F70CF8C4F8805070BD00002E2E2F4D8D
:1031E0006964646C6577617265732F546869726491
:1031F0005F50617274792F4C7749502F7372632F2F
:10320000636F72652F7463702E630000696E766160
:103210006C696420736F636B65742073746174658B
:1032200020666F722073656E742063616C6C6261DE
:10323000636B0000417373657274696F6E202225A1
:103240007322206661696C6564206174206C696E0C
:103250006520256420696E2025730A0008B1417538
:10326000704703A34FF4CE620DA114A0D5F7BEBFE3
:103270002E2E2F4D6964646C6577617265732F54CF
:10328000686972645F50617274792F4C7749502F6E
:103290007372632F636F72652F7463702E63000007
:1032A0007463705F7365747072696F3A20696E76CB
:1032B000616C696420706362000000004173736593
:1032C0007274696F6E2022257322206661696C65B5
:1032D00064206174206C696E6520256420696E200D
:1032E00025730A0010B504000ED0207D6FF00A038C
:1032F000012821D0002918D0608B002A40F010004E
:1033000060830BD001211AE010A340F207221BA119
:1033100021A0D5F76BFF6FF00F0010BDA06F98B123
:10332000F5F736FB0020A0670EE06AB1032805D050
:10333000042803D0072801D0184610BD00212046DC
:10334000BDE81040FBF75EBC002010BD2E2E2F4DB7
:103350006964646C6577617265732F54686972641F
:103360005F50617274792F4C7749502F7372632FBD
:10337000636F72652F7463702E6300007463705FF7
:1033800073687574646F776E3A20696E76616C69E4
:103390006420706362000000417373657274696F2A
:1033A0006E2022257322206661696C656420617439
:1033B000206C696E6520256420696E2025730A00E3
:1033C0002DE9FE4FC94D47F6FF7B4FF4FA78A86808
:1033D0004FF00009401CA860A878401CA870002786
:1033E0006C6975E1207D002806D1C1A340F2BE4280
:1033F000CBA1D6A0D5F7FAFE207D012806D1BCA32B
:1034000040F2BF42DBA1D1A0D5F7F0FE207D0A2813
:1034100006D1B7A34FF49862E1A1CCA0D5F7E6FEA0
:10342000A17FA878814202D12746E46850E1A077C5
:103430000026207DB246022805D194F842000628D5
:1034400001D301269FE094F842000C281BD294F887
:10345000A100002841D0206F002806D0A4A340F28C
:10346000D442DBA1B9A0D5F7C1FEE06E002806D199
:103470009FA340F2D542E3A1B4A0D5F7B7FE94F8DC
:10348000A2000C2801D3012671E094F8A110EB48AA
:10349000095C94F8A000884202D2401C84F8A00085
:1034A000C0B2884263D3B4F86010204619B100F06E
:1034B0006BFA20B107E001F011FAE8BB03E0204607
:1034C000FDF7B4F9C0B384F8A09094F8A1000728E0
:1034D0004DD2401C84F8A10049E0B4F930105945A0
:1034E00001D2491C2186B4F93000B4F94010884259
:1034F0003DDB2046FFF706FC18B1206FE0B9E06E17
:10350000D0B1207D022813D094F842000C2800D3BB
:103510000C20B4F93E10B4F93C2001EBE202C8499A
:10352000085C02FA00F0584500DB5846A4F8400059
:103530004846A4F8309000E019E0B4F84810B4F818
:103540006020914200D311464A08A4F84A20618EB7
:103550004FF6FF7303EA41039A4201D2A4F84A30BE
:10356000A4F84810A4F86A002046FFF775FB207DF8
:10357000062808D1A07EC00605D5206AA968081AC9
:10358000282800D9761C607A000726D5207D0428DB
:1035900001D0072821D1D4E9250CD4F89C10226A47
:1035A00001FB0C01B1FBF8F1AB689A1A914203D20E
:1035B0004FF0010A761C10E094F8A31001FB0C00F8
:1035C000B0FBF8F0904208D22046FCF7E9FC20B9A5
:1035D00094F8A300401C84F8A300606F60B1206AD7
:1035E000A968091AB4F9400000EB4000B1EB400FA4
:1035F00002D32046FCF7F6F8207D032802D00928E4
:1036000007D00BE0206AA968081A282806D9761C7A
:1036100004E0216AA868401AF028F8D8002E3DD0AE
:103620002046D4F89060FDF7A3FE68695FB184423C
:1036300006D12FA340F26D5282A144A0D5F7D6FD4A
:10364000E068F8600AE0A04206D029A340F2715277
:1036500087A13EA0D5F7CAFDE0686861BAF1000F06
:103660000AD0228BE18A201D8DE8070023461846E8
:10367000626A216DFFF7CAFB2046D4F810A0E46807
:10368000FBF7CAFF85F8009016B36FF00C015046A7
:10369000B047287800287FF4A2AE19E02746E468F6
:1036A000387F401CC0B23877797F884210D387F8C2
:1036B0001C9085F80090D7F88C2032B139463869D3
:1036C000904729780029E6D110B93846FDF7AEF8C1
:1036D000002C7FF487AE0026AC6910E1207D0A281B
:1036E00003D003A340F2A152D8E0DCE0BCC001202B
:1036F0002E2E2F4D6964646C6577617265732F544B
:10370000686972645F50617274792F4C7749502FE9
:103710007372632F636F72652F7463702E63000082
:103720007463705F736C6F77746D723A2061637449
:10373000697665207063622D3E7374617465202123
:103740003D20434C4F5345440A00000041737365CC
:103750007274696F6E2022257322206661696C6520
:1037600064206174206C696E6520256420696E2078
:1037700025730A007463705F736C6F77746D723AAF
:1037800020616374697665207063622D3E73746195
:10379000746520213D204C495354454E0A000000D9
:1037A0007463705F736C6F77746D723A20616374C9
:1037B000697665207063622D3E73746174652021A3
:1037C0003D2054494D452D574149540A0000000001
:1037D0007463705F736C6F7774696D723A20706593
:1037E0007273697374207469636B696E672077699B
:1037F000746820696E2D666C6967687420646174F2
:10380000610000007463705F736C6F7774696D7230
:103810003A2070657273697374207469636B696EA2
:1038200067207769746820656D7074792073656EA0
:10383000642062756666657200000000138F0508DB
:10384000488F05087463705F736C6F77746D723A9C
:10385000206D6964646C652074637020213D207460
:1038600063705F6163746976655F706362730000A3
:103870007463705F736C6F77746D723A20666972EF
:10388000737420706362203D3D207463705F6163D8
:10389000746976655F706362730000001AA1AFF20D
:1038A0005410D5F7A3FC216AA868401AF02812D951
:1038B0002046FDF75DFDA86986B1844208D1AFF2CC
:1038C000D01340F2AF521CA1AFF28010D5F78EFC9E
:1038D000E068F0600FE02646E46810E0A04208D0FF
:1038E000AFF2F41340F2B3521DA1AFF2A010D5F71E
:1038F0007DFCE068A8612046E468FBF78DFE002CA3
:103900007FF4ECAEBDE8FE8F7463705F736C6F770D
:10391000746D723A2054494D452D574149542070D9
:1039200063622D3E7374617465203D3D2054494DA2
:10393000452D5741495400007463705F736C6F7775
:10394000746D723A206D6964646C652074637020D4
:10395000213D207463705F74775F70636273000051
:103960007463705F736C6F77746D723A20666972FE
:10397000737420706362203D3D207463705F7477C0
:103980005F706362730000002DE9F84F0F46050079
:1039900006D157A340F24B3262A16BA0D5F726FCAB
:1039A000EC6E002C7ED0002F10D02089B8427AD93E
:1039B000688EB84206D24EA340F25B326CA162A080
:1039C000D5F714FC208900280BD011E048A340F261
:1039D00053326BA15CA0D5F709FC6FF00500BDE880
:1039E000F88F43A34FF457726EA157A0D5F7FEFB93
:1039F00094F80AB05FEACB7001D0042600E00026FC
:103A000020894FF42072C01B1FFA80F808EB0600D3
:103A100081B23620F4F7A2FB5FEA000A65D0606845
:103A200022890189891A39448BB2DAF80410424696
:103A30003144F4F721FF404554D1E0688089E2F732
:103A4000A3F900F03F064FF00009300703D526F038
:103A500008064FF00809F00703D026F0010649F0E8
:103A60000109E0684068E2F78DF9C3194A465146FA
:103A70002846CDF800B0FBF711FB070032D0606894
:103A8000F4F7B3FD35F8661F081A288060680289CC
:103A9000A2EB080189B2F5F7A7F82189A1EB08008C
:103AA000208101E021E01BE03046E2F76DF9E1689A
:103AB0008A89104388816068F4F797FD2988084453
:103AC00028807868F4F791FD2988084425F866096C
:103AD000206838602760386810B90020A5F86800B1
:103AE00000207CE75046F4F753FF4FF0FF3076E7B5
:103AF0002E2E2F4D6964646C6577617265732F5447
:103B0000686972645F50617274792F4C7749502FE5
:103B10007372632F636F72652F7463705F6F757458
:103B20002E6300007463705F73706C69745F756EF0
:103B300073656E745F7365673A20696E76616C6950
:103B40006420706362000000417373657274696F72
:103B50006E2022257322206661696C656420617481
:103B6000206C696E6520256420696E2025730A002B
:103B700073706C6974203C3D206D7373000000000D
:103B800043616E27742073706C6974207365676D70
:103B9000656E7420696E746F206C656E6774682042
:103BA00030000000757365672D3E6C656E203E2009
:103BB0003000000086B004464FF0000A01250022C4
:103BC00001210220E4F720F8E061002822DBCDF893
:103BD00000A00220CDF804A0CDF808A0CDF80CA0DC
:103BE0008DF8010056466088E2F7CEF8ADF8020085
:103BF000019610226946E069E1F77EFF50B9012184
:103C0000E069E2F7EBF828B901220421E069E2F764
:103C100069F858B1E069411C04D0E1F7DBFF4FF0CF
:103C2000FF30E061322002F051FBC8E7B2460420C9
:103C300002F016FE84F818A084F819A0E06957462F
:103C400008280DD2C21700EB527104EBE10202F119
:103C50001801127E00F0070305FA03F31A430A70F5
:103C60005FF0000303EB830101EB831104EBC1025E
:103C700002F12001166A002E19DB91F804C0BCF194
:103C8000000F14D1B446082E11D24FEAEC780CEB99
:103C9000587C04EBEC0808F1180C98F8188006F032
:103CA000070605FA06F948EA09088CF800800E684C
:103CB000002E15DB0979032912D1082E10D2F11735
:103CC00006EB517104EBE10C0CF119019CF819C0E1
:103CD00006F0070605FA06F84CEA080C81F800C061
:103CE000116A814200DD08465B1CDBB2042BB9D3AC
:103CF00042F21071CDE9017101A904F1190200919C
:103D00000023511E401CE3F74FFA002853DAD5F781
:103D1000A7FA07460068042889D0092803D00A209A
:103D200002F0D4FA5CE000220321E069E1F7DAFF57
:103D3000401C02D13868092821D0002606EB8600F5
:103D400000EB861004EBC000006A002830DB082876
:103D50002ED2C11700EB517104EBE10300F0070C08
:103D60001A7E05FA0CF10A4202D15A7E0A421FD08D
:103D700000220321E1F7B6FF401C12D018E0002614
:103D800006EB860000EB861004EBC000006A0028FA
:103D900003DB31462046D8F773FC761C042EEFD3A4
:103DA00038E73868092803D131462046D8F768FC3F
:103DB000761C042EC2D3E06908280ED2C11700EB8E
:103DC000517104EBE10100F00700097E05FA00F0F3
:103DD000014202D02046F7F72DFB2046D8F722FEFD
:103DE000002203A9E06804F0E9F901287FF41FAF7D
:103DF000039A002000EB800101EB801104EBC1016C
:103E00000B6A002B08DB91F82430022B04D1D1F887
:103E1000301191423FF40BAF401C0428EAD300223A
:103E200003A9E06804F072FA0598EEF741FFFEE698
:103E300070B129B10AB1016811603BB1C08A04E0D8
:103E40000AB1416811600BB1008B188000207047E7
:103E50006FF00500704700000848816800290CD108
:103E60000749084A09681268114306D00121816098
:103E700000220549FA20FAF70DBA7047D8C0012090
:103E8000D0C00120D4C00120294C05083EB51D4CEE
:103E900005462078400722D4002D06D11AA340F20F
:103EA000EE2226A12DA0D5F7A1F92078810717D5FC
:103EB000696A6069421A18D42A8D1144411A00298E
:103EC00013DCE1682F4B0A8849880093CDE9011281
:103ED00061891B1D42182846A169FEF797FF3EBD68
:103EE000C00702D028480068286260890028F6D000
:103EF000688B40F0020068832846BDE83E40FCF72E
:103F000095BC0000B80000202E2E2F4D6964646C13
:103F10006577617265732F54686972645F5061726E
:103F200074792F4C7749502F7372632F636F7265CA
:103F30002F7463705F696E2E630000007463705F9E
:103F400074696D65776169745F696E7075743A2024
:103F5000696E76616C696420706362004173736599
:103F60007274696F6E2022257322206661696C6508
:103F700064206174206C696E6520256420696E2060
:103F800025730A009CD10120C4C0012010B5FBF7A5
:103F90000DFB05484178491C4170C80703D0BDE8B6
:103FA0001040FFF70DBA10BDBCC001200248417897
:103FB00041F0100141707047B800002070B5040056
:103FC00006D115A340F2A6321FA128A0D5F70EF9FD
:103FD000258D636A628E591940F64266E06AB242E4
:103FE00000D9324602448A1A02D46585081A70BD87
:103FF000191A002902DD002060850BE0C51AB5F50D
:10400000803F06D304A340F2B63222A117A0D5F711
:10401000EDF86585002070BD2E2E2F4D6964646C0F
:104020006577617265732F54686972645F5061725D
:1040300074792F4C7749502F7372632F636F7265B9
:104040002F7463702E6300007463705F7570646119
:1040500074655F7263765F616E6E5F776E643A203F
:10406000696E76616C696420706362004173736588
:104070007274696F6E2022257322206661696C65F7
:1040800064206174206C696E6520256420696E204F
:1040900025730A006E65775F7263765F616E6E5F8F
:1040A000776E64203C3D20307866666666000000CE
:1040B0002DE9FF4F4FF0000B8DB01746CDF80CB037
:1040C000CDF818B005005C465E46CDF824B0CDF8BA
:1040D0002CB0ADF820B0D9466FF00F08CDF828B05D
:1040E00007D0688EB5F86210B0EB510F06D20146CA
:1040F00005E0EEA34FF4CF72F9A147E0490801B102
:10410000084605900E9800283CD01146284600F03D
:104110002BFB00283ED1B5F866A00490E86E00287D
:104120007ED0044600680028FBD1A07AC00700D0EA
:1041300004208046218905984144814206D9DBA3A9
:104140004FF4F372ECA1F2A0D5F750F8218905984D
:104150004144401A1FFA80F8B5F86800ADF8200015
:1041600000282FD0404506D9D0A34FF4FC72F2A10D
:10417000E7A0D5F73BF80394BDF82010B9420CD264
:104180000A460BE0C9A340F2AD12F3A1E0A0D5F7B7
:104190002DF8404611B0BDE8F08F3A464046424502
:1041A00004D8B94201D2084600E03846814606EB01
:1041B000090086B2A1EB0900ADF82000A8EB0900C8
:1041C0001FFA80F8BDF8200040B1BE4206D0B7A368
:1041D0004FF40072EDA1CEA0D5F708F8BE4263D22D
:1041E000B8F1000F60D020890028FBD0B81B4146F1
:1041F000404500DD084680B2079010980394C00740
:1042000018D0012110980095CDE9010108AB424674
:1042100000200799FDF704F85FEA000B6CD000E07E
:1042200037E00E98079A8119DBF80400CCF742FBBF
:10423000584626E0606800E0084601680029FBD186
:10424000017B890910D14168408901440E9881425F
:104250000AD136B195A340F23122D4A1ACA0D4F753
:10426000C5FF07980A9011E0012200200799F3F793
:1042700075FF5FEA000BD1D00E9881195846CBF834
:104280000410F4F7B2F950441FFA80FA079830444A
:1042900095E0B5F868000028A4D084A340F24A2233
:1042A000CDA19BA0D4F7A2FF8AE0B81B81B2DDE9C3
:1042B0000420801A80B2814200D2084680461098BD
:1042C000C0072AD00998002825D000211098009511
:1042D000CDE9010108EB020081B208AB3620059A56
:1042E000FCF79EFF0190002898D04189414508D2F3
:1042F0006EA340F2662200E006E2C3A184A0D4F7D8
:1043000075FF0E988119019842680498104442463E
:10431000CCF7D0FA22E00121D8E7BDF8200030B177
:1043200062A340F27122C8A179A0D4F75FFF0122F5
:1043300041463620F3F712FF009000289BD00E98DC
:104340004FF4207281190098416036200499F3F7E8
:1043500005FF019078B10099F4F7A6F80198F4F7F9
:1043600044F950441FFA80FABAF1280F05D9019890
:10437000F4F70EFBC8E10098FAE70B980090E86D9F
:104380000022831928460199FAF788FE0390002835
:10439000F0D0099810B1069818B109E00398099077
:1043A00009E042A340F2AB22ABA159A0D4F71EFF13
:1043B0000698039901600398069006EB080086B200
:1043C000BE42FFF472AFB9F1000F19D0666811E078
:1043D000318901EB09003081306850B9718970680A
:1043E0004A4608440E99CCF765FA718901EB090039
:1043F00070813668002EEBD1218901EB0900208104
:10440000BDF82000A5F86800BBF1000F0FD034B94B
:1044100026A34FF4387295A13DA0D4F7E7FE594684
:104420006068F4F741F82189BBF808001FE00A989A
:10443000F8B10CB1606830B91CA340F2E62299A132
:1044400033A0D4F7D3FE606804E003890A9A1A44C3
:104450000281084601680029F7D102890A991144AE
:10446000018142890A991144418121890A980844AD
:104470002081099884B12060E86D3844E865B5F87A
:104480006400C01BA5F864005FEA0A00A5F8660096
:1044900001D0286F10B126E1E866EDE7E86E18B9A3
:1044A00002A340F2123219E11DE100002E2E2F4D21
:1044B0006964646C6577617265732F5468697264AE
:1044C0005F50617274792F4C7749502F7372632F4C
:1044D000636F72652F7463705F6F75742E63000075
:1044E0007463705F77726974653A20696E76616C87
:1044F00069642070636200006D73735F6C6F636149
:104500006C20697320746F6F20736D616C6C000098
:10451000417373657274696F6E2022257322206661
:1045200061696C6564206174206C696E6520256426
:1045300020696E2025730A00696E636F6E7369735C
:1045400074656E74206F76657273697A6520767310
:104550002E207370616365007463705F7772697495
:10456000653A20617267203D3D204E554C4C202815
:1045700070726F6772616D6D65722076696F6C61C4
:10458000746573204150492900000000696E636F13
:104590006E73697374656E74206F76657273697A71
:1045A000652076732E206C656E0000007463705F6A
:1045B00077726974653A20524F4D20706275667348
:1045C0002063616E6E6F74206265206F7665727312
:1045D000697A656400000000756E73656E745F6FC4
:1045E00076657273697A65206D69736D617463684D
:1045F00020287063622D3E756E73656E742069733A
:10460000204E554C4C2900007463705F77726974BA
:10461000653A20636865636B20746861742066691D
:1046200072737420706275662063616E20686F6CAF
:10463000642074686520636F6D706C6574652073A9
:1046400065676C656E0000006F76657273697A65E8
:10465000203D3D2030000000707265765F73656715
:1046600020213D204E554C4C000000007463705FCB
:1046700077726974653A2063616E6E6F7420636F40
:104680006E636174656E617465207768656E207015
:1046900063622D3E756E73656E7420697320656D5F
:1046A000707479007463705F77726974653A20651D
:1046B0007874656E73696F6E206F662072656665CB
:1046C00072656E63652072657175697265732072BB
:1046D00065666572656E6365000000001AA1AFF241
:1046E000D010D4F783FD039860B1C06850B1109822
:1046F000800707D40820E1F747FB0399C9688A8936
:1047000010438881002045E5688B40F08000688375
:10471000BBF1000001D0F4F73BF9099808B1FEF7AE
:1047200065FCB5F8660060B1286F50B9E86E40B915
:10473000AFF2882340F2273203A1AFF22C20D4F746
:1047400055FD4FF0FF3025E57463705F7772697433
:10475000653A2076616C6964207175657565206CB9
:10476000656E67746800000070B50D46040006D1E0
:104770001FA340F233122BA132A0D4F737FD207DC6
:10478000042808D0072806D0022804D0032802D025
:104790006FF00A0070BD002D27D0B4F864004FF010
:1047A000FF31A84203D3B4F86600282805D3608BF4
:1047B00040F080006083084670BD0028206F09D05B
:1047C000002812D1E06E00280FD109A340F2551243
:1047D00026A107E010B9E06E002806D004A34FF42C
:1047E000AC7231A117A0D4F701FD002070BD00000C
:1047F0002E2E2F4D6964646C6577617265732F543A
:10480000686972645F50617274792F4C7749502FD8
:104810007372632F636F72652F7463705F6F75744B
:104820002E6300007463705F77726974655F6368FC
:1048300065636B733A20696E76616C69642070639E
:1048400062000000417373657274696F6E202225E7
:104850007322206661696C6564206174206C696EE6
:104860006520256420696E2025730A007463705FDB
:1048700077726974653A207062756673206F6E2076
:104880007175657565203D3E206174206C656173AE
:1048900074206F6E65207175657565206E6F6E2D65
:1048A000656D7074790000007463705F777269746D
:1048B000653A206E6F207062756673206F6E20718E
:1048C00075657565203D3E20626F74682071756561
:1048D00075657320656D7074790000002DE9F047EF
:1048E00004004FF0000906D12CA340F64F0238A176
:1048F00040A0D4F77BFCE56E35B394F8A200FF2806
:1049000002D2401C84F8A200E8688089E1F73CFAF2
:10491000C00701D02889D0B100260122E8684946A5
:1049200043682046FCF7F2F85FEA000812D0D8F896
:1049300004100F468EB11120E1F726FAB98921F44F
:104940007C510843B88111E00020BDE8F0870126C2
:104950000022E3E74FF0FF30F7E768682B89143156
:104960000289D21A93B20122F3F786FFE868406801
:10497000E1F708FA216D401C091A00D520654B4665
:10498000002241462046FCF71FFA2246231D4146DD
:10499000BDE8F0471046FCF7A7B900002E2E2F4DBA
:1049A0006964646C6577617265732F5468697264B9
:1049B0005F50617274792F4C7749502F7372632F57
:1049C000636F72652F7463705F6F75742E63000080
:1049D0007463705F7A65726F5F77696E646F775F1B
:1049E00070726F62653A20696E76616C69642070DE
:1049F00063620000417373657274696F6E202225D3
:104A00007322206661696C6564206174206C696E34
:104A10006520256420696E2025730A0038B50D468F
:104A20000446E1F7B3F913481021C0E90045083006
:104A3000F9F7BEFB002806D00FA340F261221AA1AD
:104A400022A0D4F7D3FB0B480C30F9F7D9FB002890
:104A500006D009A340F2652226A11CA0D4F7C6FB0C
:104A6000182000904FF4706300222B492BA0F9F717
:104A7000FAFB38BD7CC001202E2E2F4D6964646C7A
:104A80006577617265732F54686972645F506172F3
:104A900074792F4C7749502F7372632F6170692F8F
:104AA00074637069702E63006661696C656420745C
:104AB0006F206372656174652074637069705F74E0
:104AC0006872656164206D626F7800004173736580
:104AD0007274696F6E2022257322206661696C658D
:104AE00064206174206C696E6520256420696E20E5
:104AF00025730A006661696C656420746F206372B7
:104B000065617465206C6F636B5F74637069705F5F
:104B1000636F726500000000614C05087463706982
:104B2000705F746872656164000000002DE9F041F7
:104B3000064690460D461248F9F758FB28B911A3CE
:104B4000FC221CA11FA0D4F751FB0A20EDF70AFE9E
:104B500004004FF0FF370FD000202070C4F80C8005
:104B6000C4E9016521460648F9F734FB002804D062
:104B700021460A20EDF73EFD3846BDE8F0810000F1
:104B800084C001202E2E2F4D6964646C657761729C
:104B900065732F54686972645F50617274792F4C29
:104BA0007749502F7372632F6170692F7463706936
:104BB000702E6300496E76616C6964206D626F7857
:104BC00000000000417373657274696F6E202225C6
:104BD0007322206661696C6564206174206C696E63
:104BE0006520256420696E2025730A0091F8312024
:104BF00012F0180F01D0024A00E0024AFFF796BFF8
:104C0000313303089D46030870B504460D46054838
:104C1000F9F7F1FA2846A0470248F9F7FDFA002013
:104C200070BD000088C0012010B5FFF7AFF908483B
:104C3000084900680968084306D00022BDE8104012
:104C40000549FA20F9F726BB04490020886010BD09
:104C5000D0C00120D4C00120294C0508D8C00120B3
:104C600008B51F48F9F7C7FA1D480C38016809B1A3
:104C700040688847802001F0F3FD194E6D46361FCD
:104C8000F9F7FAFB0446401C0FD0F4B11448F9F7C9
:104C9000C3FA224629463046F9F7FAF90446104885
:104CA000F9F7A9FA641C10D00AE00D48F9F7B4FA34
:104CB000002229463046F9F7EBF90948F9F79BFA43
:104CC000009828B100F04AF8D4E7F9F739FAD7E7A5
:104CD00004A391220FA117A0D4F788FACAE7000015
:104CE00088C001202E2E2F4D6964646C6577617237
:104CF00065732F54686972645F50617274792F4CC8
:104D00007749502F7372632F6170692F74637069D4
:104D1000702E630074637069705F7468726561649B
:104D20003A20696E76616C6964206D6573736167A2
:104D300065000000417373657274696F6E202225EF
:104D40007322206661696C6564206174206C696EF1
:104D50006520256420696E2025730A0010B504467D
:104D6000007800280BD0012813D002281AD0BDE803
:104D700010400FA3CF221AA121A0D4F737BA201DCB
:104D800007C8904710B16068F3F702FE21460A2079
:104D900004E0D4E90110884721460920BDE810400D
:104DA000EDF728BCD4E90110BDE810400847000029
:104DB0002E2E2F4D6964646C6577617265732F5474
:104DC000686972645F50617274792F4C7749502F13
:104DD0007372632F6170692F74637069702E630042
:104DE00074637069705F7468726561643A20696E9B
:104DF00076616C6964206D6573736167650000009E
:104E0000417373657274696F6E2022257322206668
:104E100061696C6564206174206C696E652025642D
:104E200020696E2025730A002DE9F04106460D46E3
:104E30001148F9F7DBF930B910A340F25D121BA15C
:104E40001EA0D4F7D3F90920EDF78CFC04004FF035
:104E5000FF370DD001202070C4E9016521460648C6
:104E6000F9F7B8F9002804D021460920EDF7C2FB74
:104E70003846BDE8F081000084C001202E2E2F4D61
:104E80006964646C6577617265732F5468697264D4
:104E90005F50617274792F4C7749502F7372632F72
:104EA0006170692F74637069702E6300496E76615A
:104EB0006C6964206D626F78000000004173736557
:104EC0007274696F6E2022257322206661696C6599
:104ED00064206174206C696E6520256420696E20F1
:104EE00025730A0010B50446802001F0B9FC224663
:104EF000BDE8104002494FF47A70F9F7CBB90000D1
:104F0000E54E0508E9F766BD10B5040000D101249F
:104F10000D48CFF7BBFB0C48641E0168CC62C4602F
:104F20000268002151620068891E01613720CDF7B7
:104F300017FB0548CFF76AFB002803D0BDE81040F7
:104F4000CCF7B2B910BD00002002002010B5064811
:104F5000CFF79CFB04496FF0010009680861BDE8C8
:104F600010403720CDF7FCBA20020020002802D0E4
:104F70000838ECF7D7BF704770B50D46044600FB04
:104F800005F606F10800B0F5204F01D9002070BDEC
:104F900080B2EDF70FF90028F9D0E0E802450446A9
:104FA0003146CBF7AEFC204670BD00002DE9FF4F27
:104FB000B3B00446DDE942A69B4630A8DDF8048183
:104FC000E7F7B6FF2046E7F799FF5FEA00090ED042
:104FD000E7F7D5FE04465846CBF7B0FC011901EBC4
:104FE0000800802805D9364837B0BDE8F08F35482D
:104FF000FAE75846CBF7A2FC07460DEB0405284616
:105000003A465946CBF756FCE81942464099CBF749
:1050100051FC47440122494630A8E7F78FFF00289A
:10502000E2D1DDE9341230A8E7F7FAFE29463A4624
:1050300030A8E7F753FF694630A8E7F7A5FE00253B
:105040002EE000BFE7F7D4FEE219694630A8E7F783
:1050500045FF20A930A8E7F797FE30A8E7F7C8FE7C
:105060002246694630A8E7F739FF694630A8E7F7D6
:105070008BFE2A19B24204D9B6FBF4F004FB10618E
:1050800000E0214600200DF1800906E019F800300B
:1050900005EB0008401C0AF808308842F6D3154694
:1050A000B54230A8CED3E7F74FFE80216846E9F736
:1050B0009FFC402120A8E9F79BFC002094E700001A
:1050C000008FFFFF0094FFFF7FB50DF1200C9CE8DF
:1050D00070008DE8780013460A4601460620FFF767
:1050E00065FF04B070BD7FB50DF1200C9CE8700029
:1050F0008DE8780013460A4601460720FFF756FF61
:1051000004B070BD70B5054600880A880C46904210
:1051100000D20246A11CA81CCBF721FC002805D117
:1051200028882188884202D24FF0FF3070BD02D912
:105130004FF0010070BD4FF0000070BD70B5054626
:105140000088A0B1802812D8A91C405C78B900243E
:1051500011E0281986783046D6F706FF48B92E2E7A
:1051600007D05F2E05D02D2E03D02F2E01D000208A
:1051700070BD641CA4B22888A042EAD8012070BD8A
:10518000CAB00446002041904290012001F068FB23
:1051900042AB41AA46A92046F5F7FEFA0500F4D035
:1051A00046984390DDE947216B462068EDF7F4FE11
:1051B00048998DF81001459108B101280AD1BDF830
:1051C000000008804598BDF80020801C0DF1020108
:1051D000CBF770FB00235A1E43A9284602F026FE97
:1051E0009DF810010328D0D1642001F06FF8CCE7BE
:1051F00010B500F009F810B10168002900D10020B5
:1052000010BD00F001B80000082801D3002070474D
:10521000014901EB00107047103C00202DE9F05FC0
:1052200001B92D4920B12D4C002663681D460FE0C1
:105230002BA340F2B73236A13BA0D3F7D7FF6FF0D4
:105240000F00BDE8F09FA84201D1012602E0ED6801
:10525000002DF8D16FF0070972BB00254FF6FF78DB
:105260004FF4404A4FF4804B2288571C2780424518
:1052700001D1A4F800A01A46278809E0B2F812C0AC
:10528000BC4504D16D1CADB25D45EDD31CE0D268C8
:10529000002AF3D13A04120C16D00FE098420AD03B
:1052A0005D8A954207D11F680D68AF420CD059B195
:1052B00055B14BB147B1DB68002BEFD101B10968A3
:1052C0000160428216B104E04846BAE76168C160F5
:1052D00060600020B5E70000988F0508DC00002022
:1052E0002E2E2F4D6964646C6577617265732F543F
:1052F000686972645F50617274792F4C7749502FDE
:105300007372632F636F72652F7564702E63000074
:105310007564705F62696E643A20696E76616C696B
:105320006420706362000000417373657274696F7A
:105330006E2022257322206661696C656420617489
:10534000206C696E6520256420696E2025730A0033
:1053500011B191F83410491C017270472DE9F041E8
:1053600016460D4604006FF00F0704D045B1628A5F
:10537000002A0FD013E014A340F235421EA103E02F
:1053800011A340F2364223A129A0D3F72FFF3846BC
:10539000BDE8F0810146FFF741FF0028F8D12868F9
:1053A0006060A682207C2C4A40F004002074506883
:1053B000014604E0844201D10020E9E7C0680028EA
:1053C000F8D1E1605460F7E72E2E2F4D6964646CCC
:1053D0006577617265732F54686972645F5061729A
:1053E00074792F4C7749502F7372632F636F7265F6
:1053F0002F7564702E6300007564705F636F6E6E4E
:105400006563743A20696E76616C696420706362CA
:10541000000000007564705F636F6E6E6563743AC0
:1054200020696E76616C69642069706164647200E1
:10543000417373657274696F6E2022257322206632
:1054400061696C6564206174206C696E65202564F7
:1054500020696E2025730A00DC00002010B5CBF710
:105460004DF80349C0F30D0000F54040088010BD21
:10547000DC0000202DE9F04F87B08946070005D1F8
:105480004AA3CF2255A15BA0D3F7B0FEB9F1000F1C
:1054900005D146A3D02261A156A0D3F7A7FE7889F3
:1054A00008287CD3644D7C6829686869DEF79CFF16
:1054B00002902088E0F768FC00906088E0F764FCC8
:1054C000DFF878B100268246B046DBF8044032E0CF
:1054D000618A51452DD149462046029A00F0BEF816
:1054E00038B3207C400711D4B8F1000F0DD00298DA
:1054F00060B16869401C09D1D8F80010D9F80400DF
:10550000814203D02168814200D1A046A18A00983F
:1055100081420ED1606810B12969884209D136B143
:10552000E068F060DBF80410E160CBF8044024B1DF
:105530000BE02646E468002CCAD15FEA080404D1D7
:10554000D9F804006969884229D108213846F3F75F
:1055500033FC38B115A34FF4B87239A125A0D3F7A5
:1055600045FE1CE054B1A569CDB1334B3A4610332A
:105570002146E069A84707B0BDE8F08F029870B9EE
:10558000287DC0F303100E2809D0A889083001B285
:105590003846F3F702FB03213846DEF711FD07B06A
:1055A0003846BDE8F04FF3F7F3B900002E2E2F4D2B
:1055B0006964646C6577617265732F54686972649D
:1055C0005F50617274792F4C7749502F7372632F3B
:1055D000636F72652F7564702E6300007564705F71
:1055E000696E7075743A20696E76616C69642070BA
:1055F00062756600417373657274696F6E2022254F
:105600007322206661696C6564206174206C696E28
:105610006520256420696E2025730A007564705F1B
:10562000696E7075743A20696E76616C6964206E7B
:1056300065746966000000008CD10120DC00002048
:10564000706275665F72656D6F76655F68656164CF
:105650006572206661696C65640A000070B5164663
:105660000D46040005D116A3872221A129A0D3F756
:10567000BDFD002D05D112A3882230A125A0D3F7AE
:10568000B5FD217A374831B1426892F83420521C76
:10569000D2B2914212D14EB174B1216861B1406968
:1056A000421C09D0AA681140104003E024B12168CF
:1056B00011B14069814201D1012070BD002070BD4F
:1056C0002E2E2F4D6964646C6577617265732F545B
:1056D000686972645F50617274792F4C7749502FFA
:1056E0007372632F636F72652F7564702E63000091
:1056F0007564705F696E7075745F6C6F63616C5F09
:105700006D617463683A20696E76616C69642070BB
:1057100063620000417373657274696F6E202225A5
:105720007322206661696C6564206174206C696E07
:105730006520256420696E2025730A007564705FFA
:10574000696E7075745F6C6F63616C5F6D617463BB
:10575000683A20696E76616C6964206E657469666A
:10576000000000008CD1012010B5002813D0026881
:10577000002A10D000290ED00A68002A0BD0064A51
:10578000526806E013680468A34201D10B681360F5
:10579000D268002AF6D110BDDC00002010B5002030
:1057A000ECF7E0FF040004D02021CBF7AAF8FF209B
:1057B000E072204610BDFFF7F1BF000010B1C0E954
:1057C0000612704703A340F28A420EA113A0D3F73A
:1057D0000DBD00002E2E2F4D6964646C65776172DB
:1057E00065732F54686972645F50617274792F4CCD
:1057F0007749502F7372632F636F72652F756470D2
:105800002E6300007564705F726563763A20696E7E
:1058100076616C6964207063620000004173736597
:105820007274696F6E2022257322206661696C652F
:1058300064206174206C696E6520256420696E2087
:1058400025730A0030B10E494A68824211D1D268EC
:105850004A6010E00BA340F2A14216A11BA0D3F7AF
:10586000C5BCD16821B1814202D1C168D16002E0DA
:105870000A46002AF5D101460020ECF7BBBE000025
:10588000DC0000202E2E2F4D6964646C65776172F8
:1058900065732F54686972645F50617274792F4C1C
:1058A0007749502F7372632F636F72652F75647021
:1058B0002E6300007564705F72656D6F76653A20C7
:1058C000696E76616C696420706362004173736510
:1058D0007274696F6E2022257322206661696C657F
:1058E00064206174206C696E6520256420696E20D7
:1058F00025730A0010B56FF00F0430B151B1838ADF
:10590000BDE81040021D00F053B807A340F2D512C5
:1059100011A103E004A34FF4EB7215A11AA0D3F771
:1059200065FC204610BD00002E2E2F4D6964646C6E
:105930006577617265732F54686972645F50617234
:1059400074792F4C7749502F7372632F636F726590
:105950002F7564702E6300007564705F73656E64EC
:105960003A20696E76616C696420706362000000A1
:105970007564705F73656E643A20696E76616C69F8
:105980006420706275660000417373657274696F9C
:105990006E2022257322206661696C656420617423
:1059A000206C696E6520256420696E2025730A00CD
:1059B0002DE9F84398460E46040015466FF00F0790
:1059C00008D066B1002D0FD0207A002816D0F1F74C
:1059D000B3FE16E011A34FF406721CA108E00FA35A
:1059E00040F219221FA103E00CA340F21A2224A1C5
:1059F0002AA0D3F7FBFB3846BDE8F8831046DFF753
:105A00003DF938B1009043462A463146204600F021
:105A100059F8F1E76FF00300EEE700002E2E2F4D4E
:105A20006964646C6577617265732F546869726428
:105A30005F50617274792F4C7749502F7372632FC6
:105A4000636F72652F7564702E6300007564705FFC
:105A500073656E64746F3A20696E76616C69642058
:105A6000706362007564705F73656E64746F3A2072
:105A7000696E76616C696420706275660000000072
:105A80007564705F73656E64746F3A20696E7661D9
:105A90006C6964206473745F69700000417373659E
:105AA0007274696F6E2022257322206661696C65AD
:105AB00064206174206C696E6520256420696E2005
:105AC00025730A007CB5069C6FF00F0588B1A9B15B
:105AD000002A18D0002C1BD00568002D21D0C5F35A
:105AE00003160E2E1DD06668B5421CD06FF0030061
:105AF0007CBD10A34FF420721AA10DE00DA340F25B
:105B000081221FA108E00BA340F2822223A103E01F
:105B100008A340F2832229A130A0D3F767FB2846CF
:105B20007CBD251D00E00546CDE9004500F06AF882
:105B30007CBD00002E2E2F4D6964646C6577617208
:105B400065732F54686972645F50617274792F4C69
:105B50007749502F7372632F636F72652F7564706E
:105B60002E6300007564705F73656E64746F5F69A7
:105B7000663A20696E76616C696420706362000029
:105B80007564705F73656E64746F5F69663A2069EF
:105B90006E76616C69642070627566007564705F12
:105BA00073656E64746F5F69663A20696E76616CC6
:105BB0006964206473745F69700000007564705FCD
:105BC00073656E64746F5F69663A20696E76616CA6
:105BD0006964206E65746966000000004173736536
:105BE0007274696F6E2022257322206661696C656C
:105BF00064206174206C696E6520256420696E20C4
:105C000025730A002DE9FE4FDDE90C899B4692467B
:105C10000D4606006FF00F040DD08DB1BAF1000FE4
:105C200013D05FEA090015D05FEA080017D0728A26
:105C3000002A1ED023E038A340F2D12242A112E074
:105C400035A340F2D22248A10DE033A340F2D32283
:105C50004DA108E030A34FF4357254A103E02EA308
:105C600040F2D5225AA163A0D3F7C0FA2046BDE87E
:105C7000FE8F31460846FFF7D1FA0028F7D1288970
:105C80004FF0FF3700F1080189B2814213D3082198
:105C90002846F2F700FA80B14FF420720821222042
:105CA000F2F75CFA040006D0288938B1294620466C
:105CB000F2F792FC02E03846D9E72C4660890828C2
:105CC00006D215A340F20D3254A14AA0D3F78EFAA2
:105CD000708A6768E0F758F838805846E0F754F85B
:105CE00078800020F8802089E0F74EF8B880F37AB9
:105CF000B27A1120CDE90020CDF8088052464946FD
:105D00002046DEF7BBFD0646AC4202D02046F2F745
:105D10003FFE3046ABE700002E2E2F4D6964646CC9
:105D20006577617265732F54686972645F50617240
:105D300074792F4C7749502F7372632F636F72659C
:105D40002F7564702E6300007564705F73656E64F8
:105D5000746F5F69665F7372633A20696E76616C17
:105D600069642070636200007564705F73656E64BF
:105D7000746F5F69665F7372633A20696E76616CF7
:105D800069642070627566007564705F73656E6427
:105D9000746F5F69665F7372633A20696E76616CD7
:105DA0006964206473745F69700000007564705FDB
:105DB00073656E64746F5F69665F7372633A2069BE
:105DC0006E76616C6964207372635F6970000000B5
:105DD0007564705F73656E64746F5F69665F73721C
:105DE000633A20696E76616C6964206E65746966D9
:105DF00000000000417373657274696F6E20222584
:105E00007322206661696C6564206174206C696E20
:105E10006520256420696E2025730A006368656328
:105E20006B20746861742066697273742070627587
:105E3000662063616E20686F6C6420737472756392
:105E400074207564705F68647200000070B50D4660
:105E5000064600F029F9184C2068806D80B9216849
:105E6000012081F85C005DB101212846F3F738FE7E
:105E700012494FF080500860BFF34F8FBFF36F8F10
:105E800000F032F900F010F92A4631464220D0F7EE
:105E900021F82068856D002035B116B1216888652C
:105EA00002E02268691E9165216881F85C0000F0BB
:105EB0001BF9284670BD00000CC0012004ED00E075
:105EC0002DE9F047914600234FF4006748E0C25C9B
:105ED0007F2A05D859EA02043CD05B1C9BB23FE004
:105EE000A2F1C2041D2C05D8012502F01F024FF0BB
:105EF000800811E0A2F1E0040F2C04D8022502F082
:105F00000F02B84608E0A2F1F004042C22D80325C1
:105F100002F007024FF4803803EB050A8A4519D2D4
:105F200000244FF0020C0AE01E1906447678BCEB00
:105F3000961F0FD162F39F16641C3246E4B2AC4246
:105F4000F2D3424506D3B2F5881F03D2A2F55842D8
:105F5000BA4202D20020BDE8F0870AF1010293B2F2
:105F60008B42B4D30120F6E7D0E9013201699A608F
:105F7000D0E901235A604A68824201D182684A60AE
:105F8000002202610868401E08600868704710B56A
:105F9000040006D000F088F8A46B00F0A5F82046B5
:105FA00010BD502080F31188BFF34F8FBFF36F8F68
:105FB000FEE708B1806B7047502080F31188BFF373
:105FC0004F8FBFF36F8FFEE710B5040008D000F0CD
:105FD0006BF8D4E90E10441A00F086F8204610BD84
:105FE000502080F31188BFF34F8FBFF36F8FFEE710
:105FF00008B902480068006BF4F73CB90CC00120F6
:10600000044908680A688069D26A0968C2F13802DE
:106010008A6170470CC00120034B036003F16000EC
:1060200008608020106070474C040020044B03601F
:1060300003F1600008604FF480701060704700004A
:10604000AC06002000F108014FF0FF32C0E9011258
:10605000C16001610021016070470021016170474A
:1060600030B50B685A1C02D000F1080202E0026948
:1060700004E02246546825689D42FAD953684B6073
:1060800099608A60516008610168491C016030BDF7
:1060900042684A6093688B609368596091600861B8
:1060A0000168491C01607047502080F31188BFF3DC
:1060B0004F8FBFF36F8F0A494868401C4860012822
:1060C0000CD10848006810F0FF0F07D0502080F373
:1060D0001188BFF34F8FBFF36F8FFEE7704700004B
:1060E0006CC0012004ED00E00849486828B1401E5A
:1060F000486001D180F311887047502080F31188E7
:10610000BFF34F8FBFF36F8FFEE700006CC001201D
:1061100070B500282AD0164DA0F10804606869699E
:10612000084207D1502080F31188BFF34F8FBFF38F
:106130006F8FFEE722683AB1502080F31188BFF3D9
:106140004F8FBFF36F8FFEE78843606000F0E8FA7F
:1061500060686968084468602046F3F7CDFE2869E6
:10616000401C2861BDE8704002F0EEBC70BD00002C
:106170004CC001204FF0E020002101618161054900
:106180004FF47A720968B1FBF2F1491E41610721AF
:10619000016170473400002010B5CAF75DF911495C
:1061A00010280ED300F1E02090F8F0030A78904216
:1061B00007D2502080F31188BFF34F8FBFF36F8F4A
:1061C000FEE709480068896800F4E060884207D962
:1061D000502080F31188BFF34F8FBFF36F8FFEE71E
:1061E00010BD00006CC001200CED00E010B50C46A5
:1061F0000B4B002153F831201AB1491C0829F9D35F
:1062000010BD43F8314003EBC1014860D0F71AF8E4
:1062100022460146BDE810407120CFF75BBE00006A
:106220000C04002010B5040011D0D0F70BF8014683
:106230005F20CFF731FE204600F012F894F84600B8
:1062400000280CD12046BDE81040FFF761BF502068
:1062500080F31188BFF34F8FBFF36F8FFEE710BD40
:10626000084A002102EBC1035B68834206D100208B
:1062700042F8310002EBC10148607047491C08290F
:10628000F0D370470C04002070B515460E46044646
:10629000FFF70AFF94F944100020491C01D184F84B
:1062A000440094F94510491C01D184F84500FFF7DA
:1062B0001BFFA06B28B92A46314604F1240000F0E8
:1062C000B7F82046BDE87040F4F70EB810B50400EA
:1062D00018D01148006B38B1502080F31188BFF3FB
:1062E0004F8FBFF36F8FFEE700F01AFA214623208D
:1062F000CFF7D2FD00212046F3F7F2FB02F024FC99
:10630000002807D105494FF080500860BFF34F8F38
:10631000BFF36F8F10BD00000CC0012004ED00E042
:1063200002490A6A0260C968416070470CC00120D6
:1063300001490120C86170470CC001202DE9F041DE
:106340000E4604001DD0FFF727FF5020EFF3118504
:1063500080F31188BFF34F8FBFF36F8F94F85C7099
:10636000022084F85C00A06D401CA0652046CFF799
:1063700069FF014632464120CFF7ACFD012F08D01E
:1063800034E0502080F31188BFF34F8FBFF36F8F3D
:10639000FEE7A06A38B1502080F31188BFF34F8F19
:1063A000BFF36F8FFEE7134F386B18B104F118017C
:1063B000114810E0201DFFF7D7FD2046CFF732FD32
:1063C000E06A3969884200D938610C4900EB8000E5
:1063D00001EB8000211DFFF75BFEE06A3968C96AA6
:1063E000884203D9012006B13060F86185F3118835
:1063F000BDE8F0810CC0012010C9012088C4012033
:1064000010B50C4650B1094909681831FFF728FE4C
:106410002046BDE810400121F3F762BB502080F315
:106420001188BFF34F8FBFF36F8FFEE70CC00120C1
:1064300070B514460D4680B10C4909681831FFF754
:1064400027FE0CB14FF0FF352420CFF7E1FD2146A8
:106450002846BDE87040F3F743BB502080F3118815
:10646000BFF34F8FBFF36F8FFEE700000CC001201A
:1064700010B51446030011D01048026BB2B1026887
:1064800041F000419161016818461831FFF700FEA4
:106490002046BDE810400121F3F722BB502080F3D5
:1064A0001188BFF34F8FBFF36F8FFEE7502080F34B
:1064B0001188BFF34F8FBFF36F8FFEE70CC0012031
:1064C00070B5041E46D0626DA2B1256D8D4200D21A
:1064D0000D46E16AA9423DD0012A3BD11E4E3168EA
:1064E0008C420FD1502080F31188BFF34F8FBFF340
:1064F0006F8FFEE7502080F31188BFF34F8FBFF3FB
:106500006F8FFEE721464A20CFF7C6FCE06AE562BE
:10651000A169002902DBC5F13801A1610F4D00EB33
:106520008000616905EB8000814213D1201DFFF7D7
:106530001BFD2046CFF776FCE06A3169884200D91E
:10654000306100EB800005EB8000211DBDE870404C
:10655000FFF79EBD70BD00000CC0012088C4012063
:1065600070B51A4D2A6B0AB341F000410160C4684E
:1065700024B3FFF7F9FC201DFFF7F6FC2046CFF708
:1065800051FCE06A2969884200D92861104900EB72
:10659000800001EB8000211DFFF77AFDE06A296889
:1065A000C96A884201D90120E86170BD502080F39A
:1065B0001188BFF34F8FBFF36F8FFEE7502080F33A
:1065C0001188BFF34F8FBFF36F8FFEE70CC0012020
:1065D00088C4012030B587B00025039505AA04A919
:1065E00003A80495FFF718FDDDE903010095CDE947
:1065F000011000231BA11D48059A02F02AF91C4C2A
:106600000028E0622CD002F003FB012809D0401CD6
:1066100026D1502080F31188BFF34F8FBFF36F8FC7
:10662000FEE7502080F31188BFF34F8FBFF36F8FC9
:106630004FF0FF30A06201206061E5602068052214
:1066400008A13430CAF78BF918B12068CFF7CAFB1C
:1066500001E0CFF795FB07B0BDE8304001F054BA38
:1066600007B030BD49444C4500000000999D040826
:106670000CC0012070B50446FFF716FD254D04B986
:106680002C682046CFF7DEFD01462920CFF704FC19
:10669000201DFFF769FCA06A18B104F11800FFF78C
:1066A00063FC211D1C48FFF7F3FC94F85C000026F6
:1066B000012801D184F85C60FFF716FD686928B1F4
:1066C000FFF7F2FCF3F77CFDFFF70EFD286884422C
:1066D00013D1686990B1286B38B1502080F31188CC
:1066E000BFF34F8FBFF36F8FFEE70C494FF0805021
:1066F0000860BFF34F8FBFF36F8F70BD064800680F
:10670000A968884201D12E6070BDBDE8704000F0DC
:106710000FB800000CC0012038C9012004ED00E0D2
:106720000248016B491C0163704700000CC0012046
:1067300010B51D4C206B10B10120E06110BD002090
:10674000E0612069194901E010B3401E00EB8002AE
:1067500051F82220002AF7D000EB800201EB8201E1
:1067600001F108034A6852684A609A4201D15268AE
:106770004A60D16821602061206805220CA1343074
:10678000CAF7EDF860B12068BDE81040CFF72ABB2A
:10679000502080F31188BFF34F8FBFF36F8FFEE758
:1067A000BDE81040CFF7ECBA0CC0012088C401202E
:1067B00049444C450000000018B1012801D00020D8
:1067C00070470120704709B1914201D90B207047F1
:1067D0000844401EB0F5803F01D3082070470020D8
:1067E00070470A4601468088C98840BA49BAFFF70F
:1067F000EABF914208D3994206D8425C22B907E029
:10680000835C203B5F2B01D300207047521C92B267
:106810008A42F5D3012070473EB50A4801F094F84A
:10682000094C084A09492060203237208DE80700CA
:1068300000234FF4807206A1084802F00AF8A06015
:106840003EBD000008C2012000C00120E85C00102D
:106850007761746368646F67000000007168050801
:1068600001460248006801F085B8000000C0012020
:1068700038B50024D6F7D6FA28B96420FFF726FDEC
:10688000641C142CF6DBD6F7CDFA78B3D6F7CAFA27
:1068900005461948CBF7CBFD08B1CAF705FD174CE3
:1068A000FF20606095F8340208B9F720606005F5B4
:1068B000805595F868080028606802D120F0020031
:1068C000606098B14FF0FF350095D4E900010123D5
:1068D0001A4601F095F861688143F5D10648CBF777
:1068E000A6FD0028F0D0CAF7DFFCEDE7FFE7BDE822
:1068F0003840CAF7D9BC000088C2012000C001207E
:106900002DE9F04186B01D461746884648B12E4E07
:106910005FF0000406EB0430DCF714FF00284FD1D1
:1069200001E02A4EF4E7641C032CF3D3284968469F
:1069300000F056F8414601A800F052F8294602A896
:1069400000F04EF829463846D7F750F9014603A81B
:1069500000F046F810216846D7F748F9014604A828
:1069600000F03EF8142269461A48C9F7A3FF1948F7
:106970002A46143039460446C9F79CFF154905F1EB
:106980001002091D301DDCF753FFC8B9042211495C
:106990003046DCF74DFF98B905F114020D49304639
:1069A000DCF7BCFF60B9142269460A48C9F7D7FF73
:1069B00030B92A4639462046C9F7D1FF002800D011
:1069C000042006B0BDE8F08100D0FF0000A0FF0069
:1069D00043464732BC6401200A0A02704170704786
:1069E00001700A0A42700A0C8270090EC170704769
:1069F00070B504461546D4E90102121AAA4201D222
:106A0000002070BD15B12A46C9F754FF60682844BC
:106A10006060012070BD70B50C460546097800F035
:106A200084F800280ED0207828B1211D2846BDE822
:106A3000704000F008B8A288A11D2846BDE870404B
:106A400000F03BB870BD08B50A788DF800204A7890
:106A50008DF801208A788DF80220C9788DF803100E
:106A600004226946FFF7C4FF08BD70B50C46054611
:106A7000097800F05AF800281CD02078C8B1628844
:106A8000211D284600F019F8A8B1B4F8862004F1B9
:106A90008801284600F011F868B194F80A112846D8
:106AA00000F043F838B194F80B11284600F03DF897
:106AB00008B1012070BD002070BD70B50D461446B0
:106AC0000646114600F00BF838B1224629463046FA
:106AD000FFF78EFF08B1012070BD002070BDD0E926
:106AE00001239B1A022B01D20020704711704268CB
:106AF000090A51704168891C416001207047D0E942
:106B000001239B1A042B01D20020704711704368A7
:106B10000A0A5A7043680A0C090E9A704268D170CA
:106B20004168091D416001207047D0E901239A4264
:106B300001D10020704711704168491C416001205B
:106B4000704730B503680A68934244DC03D1446857
:106B50004D68AC423FDC934207D144684D68AC427B
:106B600003D184688D68AC4235DC93420BD1446814
:106B70004D68AC4207D184688D68AC4203D1C468CB
:106B8000CD68AC4227DC93420FD144684D68AC42DB
:106B90000BD184688D68AC4207D1C468CD68AC4223
:106BA00003D104690D69AC4215DC934215D14268EA
:106BB0004B689A4211D182688B689A420DD1C268A3
:106BC000CB689A4209D102690B699A4205D14069A2
:106BD0004969884201DD012030BD002030BD70B51B
:106BE000064640680C46904205D12046B16800F048
:106BF0006BFD002825D02046C9F7A0FE726801462B
:106C00004FF0FF35032A1BD3B36818782A2817D111
:106C100058782E2814D1002003E0265C2E2E03D0B5
:106C2000401C8842F9D30BE050B10E1A511E8E421F
:106C300006D12118581C521E00F046FD002800D035
:106C4000284670BD2DE9F04F95B000269846914634
:106C5000054637460C46DDF878B062E0DA4604F1C6
:106C60006C0105F14C0000F047FDE0BBBAF1000FEC
:106C700002D0A069032807DBD4F8FC0098B30421F4
:106C80002046EAF779FE70BBD4F80001002805DD44
:106C9000DDE91F21511A491C884240D395F828018B
:106CA000E6F72CF9D5E90421824604ABE6F732F881
:106CB000E8B995F8291104F1BC001490E7F7C2FC7B
:106CC000A8B15046E6F75BF8D5E9482104ABCDE919
:106CD0000030CDE9021295F8283195F82901D5F850
:106CE0002C11149A00E01AE0E7F7AAFD68B1002021
:106CF0008246BBF1000F02D0BAF1000F0FD004F1B1
:106D0000A400EBF7EEF838B901E00120F0E704F158
:106D10008C00EBF7D7F838B10EB926465746D4F8B1
:106D20003041002C9AD105E024B1C9F80040C8F8E0
:106D300000A003E0C9F80060C8F8007015B000209A
:106D4000BDE8F08F2DE9F04F93B04FF00008CDF87B
:106D50002080CDF82480CDF82880CDF844800D46E1
:106D60000400CDF83C80CDF84080CDF83080CDF8DF
:106D70003480CDF8388011D085B1AE18039230231D
:106D8000019503AA314601A8E2F768F840B1204610
:106D9000EAF70AFEA94813B0BDE8F08FA848FAE761
:106DA0000198DFF898920399321AA9F166098A428C
:106DB0007DD30844411B01206160E2F7B1F90190E5
:106DC000A060A0B129466268C9F774FD60680399A4
:106DD000019A401A10440144019060610F4630232B
:106DE00003AA01A8E2F73AF805007DD102E0944831
:106DF0008038D0E7039901980DF1040A46186069BC
:106E00003146301A206104F11805A02306AA504625
:106E1000E2F724F840B110F1620F02D0A0F506505D
:106E20000EE0C5F8008014E0069901982A4608444F
:106E3000804601465046E1F74AFF20B1A0F50850D0
:106E4000050005D105E00199414502D07B4DE63DA5
:106E5000E5E004F11C02314601A8EAF7A7FF0500AE
:106E6000F6D104F1280208AB9046314601A8EAF7B2
:106E700035FF0500ECD1A069032804D32046EAF7CA
:106E800093FD704887E7401CA06104F59670C31E0F
:106E9000021F009008A94046EAF7CEFF050044D142
:106EA0000198E063302303AA314601A800E0BEE068
:106EB000E1F7D4FF050043D10399019804F14C0296
:106EC000014401A8EAF738FF05002ED1E06B0199D3
:106ED0000DF1040B081A314604F18C0504F1A40AE3
:106EE000302305AAA06300E02AE05846E1F7B6FF88
:106EF00010B1A0F5105511E0059901982A4600EB54
:106F0000010841465846EAF7B5FF050006D152464A
:106F100041465846EAF7AEFF050002D0002D7ED16B
:106F200004E00198404501D0474D78E00198A06405
:106F3000302303AA314601A8E1F790FF050005D0F0
:106F40002046EAF731FDA5F5065024E7039840B145
:106F5000019904F16C02014401A8EAF7EDFE050075
:106F60005DD1A06C019904F1BC02081A606431463D
:106F700001A8E7F7A7FB050051D1A069022801D0BD
:106F8000032820D1012304F1C402314601A800F0F6
:106F90007DFB050043D1A069022801D0032812D14E
:106FA000022304F1D002314601A800F06FFB050076
:106FB00035D1A069032806D12246314601A800F048
:106FC000F9F905002BD10198B04230D10FAB0CAAD2
:106FD000394601A8EAF782FE050020D1E26A0D9841
:106FE00082420FD10E99206BC9F7B9FC50B91099A4
:106FF0000998884206D150B1024611990A98C9F7FA
:10700000AEFC20B12046EAF7CFFC1048C3E604F5F9
:107010008E72394601A8EAF7F1FE050004D0204639
:10702000EAF7C2FC2846B6E60198B84204D02046EA
:10703000EAF7BAFC4846AEE60020ACE680DEFFFF89
:1070400000D8FFFF80DAFFFF9ADBFFFF80D9FFFF48
:107050002DE9FF4F89B04FF00008DDE916790446AD
:107060004646C346386D07EBC005E5E8014B386D71
:10707000401C386504F1A400EAF733FF18B1286812
:1070800040F00100286004F18C00EAF71BFF18B102
:10709000286840F4007028601EB100200DB0BDE8E3
:1070A000F08F94F8280130B10C990122401E096834
:1070B0008240114203D1286840F48040286094F84F
:1070C00029110C9800F0FBFB18B1286840F400402F
:1070D0002860386D012816D104F16C0104F14C00D0
:1070E0000A9E00F009FB70B90BE06268706882428A
:1070F00005D1B168A068C9F732FC0028CED0D6F817
:107100003061002EF1D106A80A99059007A80490D5
:10711000386D0126A0F1010ACDE9006ADDE90432EB
:10712000CDE902892046FFF78DFD069830B91EB1E2
:107130000026D4F83011EFE7CDF81CB0069850B116
:10714000386D01280ED004F16C0104F14C0000F000
:10715000D3FA28B106E0286840F0080028609CE7D0
:1071600008F1010826B9386D082801D90B4895E7C0
:10717000079818B9286840F00800286006990C980C
:10718000BC3100F075FB18B1286840F480302860ED
:10719000069CCDF818B0CDF81CB063E700D0FFFF17
:1071A0002DE9F041044615460F460846C9F7C6FBCF
:1071B000064694F8F800800613D5E83406E0324617
:1071C00039462046FFF70BFD18B1E468002CF6D1D4
:1071D00001E0002C03D1286840F004002860BDE8DD
:1071E000F0816C3410E06268032A0CD108A0A16819
:1071F000C9F7B5FB38B93246394604F10C00FFF740
:10720000EEFC0028E5D0A469002CECD1E3E70000F7
:107210005504030010B501681C4A42F210739942EC
:107220002DD2C368182B2AD203693C2B27D243697D
:107230003C2B24D243680D2B21D2DFE803F020073A
:107240000B07090709070709070907001F2111E0B4
:107250001E210FE08B0705D1642391FBF3F403FBA0
:10726000141373B94FF4C87391FBF3F403FB1411B7
:1072700039B11C218068012801DB884203DD1046FA
:1072800010BD1D21F6E7002010BD000000DCFFFF4F
:10729000F8B51446054630236A46E1F7DFFDC0BB6A
:1072A00028680099234E4718391A012911DB007804
:1072B00020600623221D39462846E1F7CFFD40BB5A
:1072C0002968A160296860680844391A2860012982
:1072D00001DA3046F8BD01781E290ED00C290CD0F9
:1072E00014290AD0132908D0162906D01C2904D045
:1072F000032902D00F48801EF8BD411C2960007888
:1073000004F10C06E060321D39462846E1F705FD20
:1073100010B1A0F50E50F8BD2868B06028687168FB
:1073200008442860B84202D00248801FF8BD0020FF
:10733000A061F8BD20DCFFFFF8B507460020106013
:1073400018601C4615460E4630236A463846E1F75B
:1073500085FD00BB3868B04215D02A463146384614
:10736000E1F79CFC60B110F1620F14D12A4631465E
:107370003846E1F7ACFC70B9286808B101202860F4
:107380003868B04201D10020F8BD22463146384667
:10739000E1F79DFC10B1A0F51450F8BD3868B0427B
:1073A00001D00348F8BD2068401C2060EBE70000D6
:1073B0009ADAFFFF2DE9F04F0546006889B01446C0
:1073C000884271D0032304F1DC022846EAF78EFCE0
:1073D00000283FD1D4E93801DFF8A8910E1809F14F
:1073E00002074FF00008C3E0CDF80080CDF804801C
:1073F000CDF80880CDF80C80302305AA3146284608
:10740000CDF81080E1F72AFD10BB28680599062306
:10741000084482460146284601AAE1F71FFDB8B993
:1074200006200090286802902868019903AA084461
:10743000286051462846E1F731FC10B110F1620F87
:1074400006D1042305AA51462846E1F707FD20B1DD
:10745000A0F5145009B0BDE8F08F2868059900EB3D
:10746000010BD34579D104A96846E7F723F838B171
:10747000C5F800B0039800287AD04248001DE9E71B
:10748000D4F8F8000499084202D03E486630E1E79B
:107490000843C4F8F800B1F5807F0ED005DC04295C
:1074A00013D0202907D141E06AE0B1F5006F30D058
:1074B000B1F5803F41D03448CCE704F580731A1F02
:1074C00059462846FFF738FF0CE028465946CDF8C4
:1074D0001880CDF81C8006AACDF82080E1F7A1FB2A
:1074E000B8BB01E0C0B3B5E70699B9B30020C4F852
:1074F000048109E0089AC300125C9A40D4F8043170
:107500001A43401CC4F80421814231D904282FD2E7
:10751000F0E704F584722846594692460623E1F7BF
:1075200060FCB0B9DAF80800B0B91BE004F1E80279
:107530005946284600F050F8D4E728465946CDF879
:107540001880CDF81C8006AACDF82080E1F769FBF1
:1075500028B1A0F51450C5E70AE00FE002E0069854
:10756000012801D0384675E70898007884F818019A
:107570002868B042FFF438AFB04201D0484669E70E
:10758000002067E79ADAFFFF80DFFFFF30B511497F
:107590000446002509688DB0284688470B90694647
:1075A0000BA8E7F7A1F988B1416901F26C7121607C
:1075B0000169491C6160C168A1608168E16041683E
:1075C0002161006860610DB0284630BD4FF0FF3585
:1075D000F9E70000480100202DE9FC4114460E4661
:1075E0000546302301AAE1F739FCB8B928680199AA
:1075F000254F0844B04240D1286837E0311A0129AC
:1076000003DA2148801DBDE8FC8110F8018B286059
:107610006A4631462846E1F780FB10B1A0F51450C8
:10762000F1E70221B1EB981F02D01748001DEAE7ED
:10763000B8F1820F03D028680099084415E0A068CB
:1076400058B1E06810B110486630DCE71021012025
:10765000E1F766FDE06090B10446C4F80080286858
:10766000A06000986060296808442860B042C5D3D3
:107670000020E0602868B04204D03846C3E70248E2
:10768000001FC0E70020BEE79ADAFFFF70B505468D
:107690000068144688420ED00078206043F0A003B2
:1076A000221D2846E1F7DAFB38B110F1620F02D053
:1076B000A0F5065070BD002070BD2868A060286845
:1076C000616808442860F6E730B5002310E0C45C28
:1076D000CD5C65400BD0202D06D1A4F16105192D9C
:1076E00005D9413C192C02D94FF0FF3030BD5B1C4D
:1076F0009342ECD3002030BD70B50C4605464FF0E8
:10770000FF3636E06DB364B328682168884228D11B
:1077100068686268904224D1A168A868C9F71FF917
:10772000F8B9E868E168884208D12869226990427E
:1077300004D161696869C9F712F9A0B1E8680C2839
:1077400001D013280DD1E0680C2801D0132808D1EE
:1077500028692269904204D161696869FFF7B4FF22
:1077600008B1304670BD287F217F8842F9D1AD69CC
:10777000A46955EA0400C5D170BD000010B500230E
:107780001360A9B103681B78303B0A2B01D3094869
:1077900010BD136803EB83035B00136003685C1C7C
:1077A00004601B7814682344303B1360491EE9D100
:1077B000002010BD00DCFFFF2DE9F041074602F17B
:1077C0000800DFF8A8801C46164681423FD38D1B77
:1077D0001A4631463846083DFFF7D0FF002837D11A
:1077E000022E07D12068322801DA6430206000F2CE
:1077F0006C702060221D02213846FFF7BFFF002871
:1078000026D104F1080202213846FFF7B7FF00280D
:107810001ED104F10C0202213846FFF7AFFF002809
:1078200016D104F1100202213846FFF7A7FF002805
:107830000ED1022D0BD304F1140202213846FFF7BA
:107840009DFF002804D1AD1E012D03D045B1404657
:10785000BDE8F081386801785A29F8D1401C3860B9
:107860002046BDE8F041FFF7D5BC000000DCFFFF7B
:1078700070B504460E460846E6F703FF4FF0FF35A5
:10788000012808D0062806D004280BD0022809D0E9
:10789000032807D011E03046E6F7EBFEE1688842A6
:1078A00009D20AE07068007838B10122401EA16850
:1078B0008240114201D0002070BD284670BD4FF0BB
:1078C000FF3239B140680123491E8B40184201D074
:1078D0000020704710467047F0B5044695B090F808
:1078E0002801E5F70BFB05002AD004F1BC0094F851
:1078F00029110746E6F7A6FE10B3D4E9042104AB2C
:107900002846E5F707FA0646E7F738F9A0B9BEB901
:107910002846E5F734FAF4E9482104ABCDE9021230
:10792000CDE90030237A607A3A46E168E6F788FFCD
:107930000446E7F723F910B10A2015B0F0BD0CB1E9
:107940000720FAE70020F8E738B558B120210446AF
:10795000002000912060201DFEF774FB012020779D
:10796000204638BD502080F31188BFF34F8FBFF3FE
:107970006F8FFEE72DE9F0410027884604000AD00A
:107980005FEA18600FD0502080F31188BFF34F8F4B
:10799000BFF36F8FFEE7502080F31188BFF34F8F46
:1079A000BFF36F8FFEE7261D04F10C05FEF7B8FE4E
:1079B0002168F06841EA0801216017E0D0E900166B
:1079C00001F07F425301236821F07F4102D40B4232
:1079D00003D10AE031EA030307D1D20100D50F43F6
:1079E000216841F00071FEF7BBFD3046A842E5D1A9
:1079F0002068B843206001F0A7F82068BDE8F08156
:107A00002DE9F0479A46DDF8209090460D46040097
:107A10004FF0000709D0280E0FD0502080F31188B6
:107A2000BFF34F8FBFF36F8FFEE7502080F31188B5
:107A3000BFF34F8FBFF36F8FFEE71DB100F03AFF2A
:107A400040B112E0502080F31188BFF34F8FBFF395
:107A50006F8FFEE7B9F1000F07D0502080F3118837
:107A6000BFF34F8FBFF36F8FFEE7FEF759FE266817
:107A7000524629463046F2F71BFC30B1B8F1000FF0
:107A80001AD02068A843206016E0B9F1000F13D087
:107A9000B8F1000F01D04FF08077BAF1000F01D09C
:107AA00047F0806745EA07014A46201DFEF7E0FCE3
:107AB00001F04AF818B10AE001F046F81FE0114958
:107AC0004FF080500860BFF34F8FBFF36F8FFEF70A
:107AD00097FA0646800110D4FEF7E6FA2668524669
:107AE00029463046F2F7E4FB28B1B8F1000F02D086
:107AF0002068A8432060FEF7F7FA26F07F4630465C
:107B0000BDE8F08704ED00E01CB537480168374A4E
:107B1000914207D1502080F31188BFF34F8FBFF3FC
:107B20006F8FFEE700683149491E884207D1502017
:107B300080F31188BFF34F8FBFF36F8FFEE72C499F
:107B400008780190FF20087008788DF800009DF8F3
:107B500000009DF8002000F0F000904207D0502077
:107B600080F31188BFF34F8FBFF36F8FFEE79DF84F
:107B70000000204C00F0500020700720A06005E0BD
:107B80009DF8002052008DF80020401E9DF8002036
:107B90001206F5D4A060032807D0502080F3118886
:107BA000BFF34F8FBFF36F8FFEE74FF44070A060BD
:107BB000019808700C482030016841F470010160A0
:107BC000016841F070410160FEF7D4FA0020606066
:107BD000C8F70AFC0848016841F040410160C8F755
:107BE000EFFB00201CBD000000ED00E071C20F4162
:107BF00000E400E06CC0012034EF00E010B550203C
:107C000080F31188BFF34F8FBFF36F8F00F06EFECC
:107C100018B104494FF080500860002080F31188AB
:107C200010BD000004ED00E070B50D460446FEF7FF
:107C30003BFAA06C08B9A06B08B1002401E0A56470
:107C40000124FEF751FA204670BD10B50C4648B12C
:107C500084420FD9502080F31188BFF34F8FBFF3B8
:107C60006F8FFEE7502080F31188BFF34F8FBFF373
:107C70006F8FFEE70222002100F040F8002800D0BC
:107C8000846310BD38B50C4648B184420FD95020EA
:107C900080F31188BFF34F8FBFF36F8FFEE7502043
:107CA00080F31188BFF34F8FBFF36F8FFEE7022180
:107CB000134600220091114600F041F8002800D040
:107CC000846338BD10B502460021012000F016F88B
:107CD0000446F2F791F8204610BD38B50B46002255
:107CE00000901146012000F02AF80446F2F784F8CB
:107CF000204638BD00220421AFF30080F8B51746B6
:107D00000E46050013D005FB06F05430F2F776FB63
:107D100004000AD0002084F8460004F154023B46D7
:107D2000314628460094F2F772F82046F8BD5020FC
:107D300080F31188BFF34F8FBFF36F8FFEE738B525
:107D4000049D18B153B1CAB181B120E0502080F335
:107D50001188BFF34F8FBFF36F8FFEE7502080F382
:107D60001188BFF34F8FBFF36F8FFEE7502080F372
:107D70001188BFF34F8FBFF36F8FFEE739B15020EB
:107D800080F31188BFF34F8FBFF36F8FFEE754244A
:107D90001C46012384F846302B460094F2F737F84E
:107DA000204638BD70B50D46040025D0FEF77CF99D
:107DB000D4E90F20216802FB0011A1600021A1631A
:107DC000216861600A46D4E90F01401E00FB0121D1
:107DD000E16021464FF0FF3001F8440F487004F194
:107DE00010008DB1FEF72EF904F12400FEF72AF9F8
:107DF000FEF77AF9012070BD502080F31188BFF39F
:107E00004F8FBFF36F8FFEE721690029F0D000F09C
:107E100061FE0028ECD004494FF080500860BFF3A9
:107E20004F8FBFF36F8FE3E704ED00E02DE9FF47CD
:107E300084B01D468A464FF00008040003D0BAF112
:107E4000000F08D011E0502080F31188BFF34F8F4E
:107E5000BFF36F8FFEE7206C38B1502080F311889C
:107E6000BFF34F8FBFF36F8FFEE7022D0AD1E06B98
:107E7000012807D0502080F31188BFF34F8FBFF344
:107E80006F8FFEE700F016FD4A4F4FF000094FF0EC
:107E9000805648B9069838B1502080F31188BFF356
:107EA0004F8FBFF36F8FFEE7FEF7FEF8A06BE16B1D
:107EB000884207D3022D05D0069838B3B8F1000FD9
:107EC00027D02BE0D4F838802A4651462046F1F7D7
:107ED000ECFEA16C41B1022D02D1B8F1000F0FD11F
:107EE0002046F2F759F805E0616A19B104F124005F
:107EF00000F0F0FD20B13E60BFF34F8FBFF36F8FF6
:107F0000FEF7F2F8012008B0BDE8F087FEF7ECF8C4
:107F100022E001A8FEF704FA4FF00108FEF7E4F8AA
:107F2000FEF7FEFBFEF7C0F894F94400401C01D1B7
:107F300084F8449094F94500401C01D184F84590A0
:107F4000FEF7D2F806A901A800F01CFC80B120467B
:107F5000F2F7CAF900F0F8FD2046CEF773F90146B2
:107F6000009552465A20069BCEF712F80020CAE729
:107F7000FEF79AF8A06BE16B884213D1FEF7B4F8D4
:107F800004F110000699FEF73BFA2046F2F7ACF92F
:107F900000F0DAFD002887D13E60BFF34F8FBFF3BA
:107FA0006F8F81E7FEF7A0F82046F2F79DF900F009
:107FB000CBFD79E704ED00E02DE9F0471F461646BA
:107FC0008A46040003D0BAF1000F08D011E0502017
:107FD00080F31188BFF34F8FBFF36F8FFEE7206CE4
:107FE00038B1502080F31188BFF34F8FBFF36F8FEC
:107FF000FEE7022F0AD1E06B012807D0502080F362
:108000001188BFF34F8FBFF36F8FFEE7FEF7C4F801
:108010005021EFF3118081F31188BFF34F8FBFF32D
:108020006F8F8046A06BE16B88420FD3022F0DD07B
:108030002046CEF707F9014632466020CDF74AFFC9
:108040005FF0000088F31188BDE8F08794F945508F
:10805000D4F838902046CEF7F5F801463246602035
:10806000CDF738FF3A4651462046F1F71EFE681C10
:1080700004D06D1C84F845500120E3E7A06C012575
:1080800040B1022F02D1B9F1000FF5D12046F1F72E
:1080900083FF06E0606A0028EED004F1240000F0BF
:1080A00019FD0028E8D0002EE6D03560E4E72DE980
:1080B000F0410D46040009D0206C78B1502080F3C7
:1080C0001188BFF34F8FBFF36F8FFEE7502080F30F
:1080D0001188BFF34F8FBFF36F8FFEE7206848B959
:1080E000A06838B1502080F31188BFF34F8FBFF3E1
:1080F0006F8FFEE7FEF750F85021EFF3118081F308
:108100001188BFF34F8FBFF36F8FA76B8046E06B73
:10811000B84226D994F945602046CEF793F8014637
:108120002A466020CDF7D6FE7F1CA763701C04D0C2
:10813000761C84F8456001201CE0A06C012618B173
:108140002046F1F729FF06E0606A0028F3D004F129
:10815000240000F0BFFC0028EDD0002DEBD02E60F5
:10816000E9E72046CEF76EF801462A466020CDF7B3
:10817000B1FE002088F31188BDE8F08110B504003D
:1081800009D000F091FBA168884214D1E068401E3C
:10819000E06008D00DE0502080F31188BFF34F8FCE
:1081A000BFF36F8FFEE700231A4619462046FFF7FC
:1081B0003DFE012010BD002010BD00002DE9F74359
:1081C000002584B08946040003D0B9F1000F08D01F
:1081D00011E0502080F31188BFF34F8FBFF36F8FF2
:1081E000FEE7206C38B1502080F31188BFF34F8F29
:1081F000BFF36F8FFEE700F05DFB434F4FF00008C9
:108200004FF0805648B9069838B1502080F3118855
:10821000BFF34F8FBFF36F8FFEE7FDF745FFA06BF6
:1082200030B349462046E568F1F72CFD4846CEF7C5
:1082300009F880462046CEF705F801460120009057
:1082400042465C20069BCDF7A3FEE560606A48B11C
:1082500004F1240000F03EFC20B13E60BFF34F8FDC
:10826000BFF36F8FFDF740FF012007B0BDE8F0833B
:10827000069808B11DB106E0FDF736FF27E001A81A
:10828000FEF74EF80125FDF72FFFFEF749FAFDF73F
:108290000BFF94F94400401C01D184F8448094F908
:1082A0004500401C01D184F84580FDF71DFF06A95B
:1082B00001A800F067FA002820460AD0F2F714F867
:1082C00000F042FC2046F1F759FE0028A5D000201E
:1082D000CBE7F1F753FE88B104F124000699FEF7CD
:1082E0008FF82046F2F700F800F02EFC002894D119
:1082F0003E60BFF34F8FBFF36F8F8EE72046F1F7DD
:10830000F3FF00F021FC88E704ED00E02DE9F74FD2
:10831000002684B08B46040003D0BBF1000F08D0C8
:1083200011E0502080F31188BFF34F8FBFF36F8FA0
:10833000FEE7206C38B1502080F31188BFF34F8FD7
:10834000BFF36F8FFEE700F0B5FADFF83091012739
:108350004FF0000A4FF0805848B9069838B15020C5
:1083600080F31188BFF34F8FBFF36F8FFEE7FDF7E8
:108370009BFEA56B35B359462046F1F783FC0020E0
:10838000CDF760FF06462046CDF75CFF014600971B
:1083900032465C20069BCDF7FBFD6D1EA563206970
:1083A00050B104F1100000F095FB28B1C9F800802D
:1083B000BFF34F8FBFF36F8FFDF796FE012007B01D
:1083C000BDE8F08F069808B11EB106E0FDF78CFEFF
:1083D00027E001A8FDF7A4FF0126FDF785FEFEF7C3
:1083E0009FF9FDF761FE94F94400401C01D184F827
:1083F00044A094F94500401C01D184F845A0FDF744
:1084000073FE06A901A800F0BDF90028204618D087
:10841000F1F76AFF00F098FB2046F1F7AFFD002866
:10842000A5D00020CDF70EFF05462046CDF70AFF68
:10843000014600972A465C20069BCDF7A9FD002047
:10844000BDE7F1F79BFD90B104F124000699FDF71B
:10845000D7FF2046F1F748FF00F076FB002886D1D1
:10846000C9F80080BFF34F8FBFF36F8F7FE72046BF
:10847000F1F73AFF00F068FB79E7000004ED00E057
:108480002DE9F04790468946040003D0B9F1000F6A
:1084900008D011E0502080F31188BFF34F8FBFF355
:1084A0006F8FFEE7206C38B1502080F31188BFF346
:1084B0004F8FBFF36F8FFEE7FDF76EFE5020EFF397
:1084C000118680F31188BFF34F8FBFF36F8FA76BB7
:1084D0005FB394F944504846CDF7B4FE8246204637
:1084E000CDF7B0FE0146434652466220CDF71AFD55
:1084F00049462046F1F7C6FB7F1EA763681C04D0DF
:108500006D1C84F8445001251DE020690028FAD034
:1085100004F1100000F0DEFA0028F4D0B8F1000FEA
:10852000F1D00121C8F80010EDE700254846CDF74D
:1085300089FE07462046CDF785FE014643463A466A
:108540006220CDF7EFFC86F311882846BDE8F0875E
:1085500010B50446806C884201D1A06B08B10020A0
:1085600010BDFDF7A1FD0020A064FDF7BDFD0120B9
:1085700010BD08B5002200920A466946FFF7C6FE04
:10858000009808BD2DE9F34F4FF0000883B00400B8
:10859000454609D0206C78B1502080F31188BFF394
:1085A0004F8FBFF36F8FFEE7502080F31188BFF32A
:1085B0004F8FBFF36F8FFEE700F07CF9DFF880A1EB
:1085C00001264FF0000B4FF0805948B9049838B19C
:1085D000502080F31188BFF34F8FBFF36F8FFEE7FA
:1085E000FDF762FDA76B3FB30020CDF72BFE0546DC
:1085F0002046CDF727FE014600962A465C20049BC4
:10860000CDF7C6FC7F1EA763206810B9F1F764FFA1
:10861000A060206950B104F1100000F05BFA28B1AD
:10862000CAF80090BFF34F8FBFF36F8FFDF75CFD6B
:10863000012005B0BDE8F08F049818B1B8F1000F23
:108640000CD010E03DB1502080F31188BFF34F8F64
:10865000BFF36F8FFEE7FDF747FD60E001A8FDF770
:108660005FFE4FF00108FDF73FFDFEF759F8FDF7FB
:108670001BFD94F94400401C01D184F844B094F9E6
:108680004500401C01D184F845B0FDF72DFD04A93B
:1086900001A800F077F80028204612D0F1F724FE58
:1086A00000F052FA2046F1F769FC002898D07DB31B
:1086B000FDF7FAFC606A60B3206B0068C0F1380116
:1086C00029E0F1F75BFCE8B1206838B9FDF7ECFC74
:1086D000A06800F0B9F90546FDF706FD04F1240095
:1086E0000499FDF78DFE2046F1F7FEFD00F02CFA0F
:1086F00000287FF475AFCAF80090BFF34F8FBFF327
:108700006F8F6DE72046F1F7EFFD00F01DFA67E788
:1087100005E0FFE70021A068FDF7D2FE9BE70020FF
:10872000CDF790FD05462046CDF78CFD014600961D
:108730002A465C20049BCDF72BFC002079E7000043
:1087400004ED00E070B50D46040009D000F0ACF86F
:10875000A16888420CD1E068401CE060012070BD37
:10876000502080F31188BFF34F8FBFF36F8FFEE768
:1087700029462046FFF706FF0028F0D0E168491C93
:10878000E16070BD2DE9F0410C46050011D0C4B187
:10879000FDF78AFC174BDA686E682068911B471C4E
:1087A00017D02F681B6A9F4219D0964217D8012410
:1087B00010E0502080F31188BFF34F8FBFF36F8F0D
:1087C000FEE7502080F31188BFF34F8FBFF36F8F08
:1087D000FEE70024FDF788FC2046BDE8F0818842D2
:1087E00005D9401A20602846FDF79AFDF1E70020E0
:1087F0002060DCE70CC001202DE9FF5F8346DDE946
:108800000E87994616468A469000F1F7F7FD050057
:108810001CD06020F1F7F2FD040014D00020256385
:1088200084F85D00CDE90240CDE900874B46324631
:1088300051465846F1F707FB2046F1F77FF9012032
:1088400004B0BDE8F09F2846FDF762FC4FF0FF3012
:10885000F6E7F0B585B0DDE90B640A9DA6B1DCB1A1
:10886000602700972663022684F85D60002604AF27
:10887000CDE90246CDE90057F1F7E5FA2046F1F7D8
:108880005DF9049805B0F0BD502080F31188BFF366
:108890004F8FBFF36F8FFEE7502080F31188BFF337
:1088A0004F8FBFF36F8FFEE70148006870470000ED
:1088B0000CC001200548416919B1006B18B10020B6
:1088C0007047012070470220704700000CC0012053
:1088D0000148C068704700000CC0012010B5FDF7CA
:1088E0005BFC0148C06810BD0CC001202DE9F041BF
:1088F000304C0027206B28B1A069401CA06138468D
:10890000BDE8F081E668761CE66013D1606B006814
:1089100038B1502080F31188BFF34F8FBFF36F8FB2
:10892000FEE7606BA16B6163A063206A401C20625C
:10893000F1F746FCA06ADFF88080864209D3606BBD
:108940000068A0B1606BC068C5686868864211D2D3
:10895000A0622068C06A00EB800158F8210001285D
:1089600000D90127E0690028C9D00127C7E74FF0E7
:10897000FF30EDE7281DFDF7F7FAA86A18B105F1F9
:108980001800FDF7F1FA2846CDF74CFAE86A21699C
:10899000884200D9206100EB800108EB8100291D8D
:1089A000FDF776FBE86A2168C96A8842C7D30127C8
:1089B000C5E700000CC0012088C4012070B5040088
:1089C0004FF000013AD01E4D2A68944207D0502043
:1089D00080F31188BFF34F8FBFF36F8FFEE7606D99
:1089E00038B1401E6065E36A226D934226D040B1E3
:1089F00024E0502080F31188BFF34F8FBFF36F8FB7
:108A0000FEE7201DFDF7B0FA21464A20CDF744FAD3
:108A1000206DE062C0F13800A0612046CDF702FA77
:108A2000E06A2969884200D92861064900EB800084
:108A300001EB8000211DFDF72BFB0121084670BDD5
:108A40000CC0012088C4012070B504004FF0000064
:108A50003AD01E4DE16A2A68D26A91422ED2A069AC
:108A6000002804DB2868C06AC0F13801A161E06A0F
:108A7000174E00EB8000616906EB8000814215D142
:108A8000201DFDF771FA2868C16A2046E162CDF722
:108A9000C9F9E06A2969884200D9286100EB8000A1
:108AA00006EB8000211DFDF7F3FA02E02868C16A99
:108AB000E16221464920CDF7EFF904E0216D2A68F3
:108AC000D26A914200D2012070BD00000CC001208A
:108AD00088C4012070B5C068C46854B104F118009E
:108AE0000646FDF741FA154D286B50B13146144842
:108AF00018E0502080F31188BFF34F8FBFF36F8FC2
:108B0000FEE7201DFDF730FA2046CDF78BF9E06A2D
:108B10002969884200D928610A4900EB800001EBED
:108B20008000211DFDF7B4FAE06A2968C96A88420D
:108B300002D90120E86170BD002070BD0CC0012089
:108B400010C9012088C401202DE9F0472D4D0024D3
:108B50002746286B38B1FDF7A7FA286B401E28631B
:108B6000286B40B148E0502080F31188BFF34F8F4D
:108B7000BFF36F8FFEE7A968234E0120E1B3A6F58E
:108B8000916980463068F8B1F068C46804F1180053
:108B9000FDF7EAF9201DFDF7E7F92046CDF742F988
:108BA000E06A2969884200D9286100EB800109EB5D
:108BB0008100211DFDF76CFAE06A2968C96A8842C4
:108BC000E0D3C5F81C80DDE70CB1F1F7F9FAAC6928
:108BD00044B14646FFF78AFE00B1EE61641EF9D14A
:108BE0000020A861E86938B1084901273807086002
:108BF000BFF34F8FBFF36F8FFDF776FA3846BDE8AE
:108C0000F08700000CC0012010C9012004ED00E035
:108C100010B586B0F1F70AF8114C2068B8B1002001
:108C20000390049005AA04A903A8FDF7FFF9DDE964
:108C3000032102208DE8070000230AA10B48059AB2
:108C4000FFF707FE606010B106B0012010BD502094
:108C500080F31188BFF34F8FBFF36F8FFEE70000E3
:108C600038000020546D722053766300C5A20408BA
:108C70002DE9FF411E46134602000A9D4FF00000F9
:108C800016D0144C2768002F0FD0CDE900130292A4
:108C9000062917DAFFF70EFE02284FF000030FD067
:108CA000002269462068FFF7C1F804B0BDE8F081F2
:108CB000502080F31188BFF34F8FBFF36F8FFEE713
:108CC0002A46EEE70023324669463846FFF774F934
:108CD000EBE700003800002044CA0508000000004F
:108CE00000100010600000000000001000100000E4
:108CF0001800000000000000000000000006101630
:108D0000000610160000000000000000010203042D
:108D100006070809000000000102030420060800FD
:108D20000C0B00206C000020EDA70208C1A7020870
:108D3000019B0208A99E020855A10208379C02085F
:108D4000359E02088B9B0208B9A902086B9B02089A
:108D500035A6020819A90208B79B02083D9B020824
:108D60005B9B02084D9B02087B9B0208C19E020888
:108D70002D9B0208119B02081F9B0208FFFFFFFFAB
:108D8000FFFF0000000000000000000000000000E5
:108D90000C000000690000000B00000071000000E2
:108DA00073000000160000000B00000062000000CD
:108DB000720000006A0000006B000000FFFFFFFF70
:108DC00067000000680000006B0000000500000064
:108DD00095B9020821B8020859AC020809AE020888
:108DE00055B2020875AB020809AD020835BB02088E
:108DF0002DBD0208D1B5020811B30208E5BB020877
:108E000089BC0208B1B3020801B5020859B40208CE
:108E100041BA020891AF02089DB1020845B00208AC
:108E2000F1B0020820000600A3DC002098C0012059
:108E3000A400080066DD002090000020200008004B
:108E4000A4D101209CC001201000280089E200204C
:108E5000940000202C0008000CE50020A0C0012098
:108E6000200005006FE600209800002018000F0089
:108E7000A7D20120A4C001201000020012D40120BA
:108E80009C0000202800080035D40120A8C0012043
:108E90001000080078D50120A00000201000080074
:108EA00012E70020ACC0012010000A00FBD5012011
:108EB000A40000203401010095E70020B0C001208B
:108EC00010001E00CCE80020A800002004061000BE
:108ED000AFEA0020B4C00120248E0508308E0508BA
:108EE0003C8E0508488E0508548E0508608E0508DE
:108EF0006C8E0508788E0508848E0508908E05080E
:108F00009C8E0508A88E0508B48E0508C08E05083D
:108F1000CC8E050803060C1830607800CCCA050812
:108F2000F4CA050814CB0508D4CA0508C0CA050848
:108F3000A8CA0508B4CA050808CB0508E0CA050890
:108F4000E8CA0508FCCA050801020304050607076C
:108F50000707070707000000CCC00120C8C0012098
:108F6000D0C00120D4C00120FA0000008D3F0508C8
:108F7000E803000099540308E8030000B531030832
:108F800060EA0000DDE20208F4010000A9E702083F
:108F9000E80300007D02030800000000FFFFFFFF60
:108FA0004142434445464748494A4B4C4D4E4F5039
:108FB0005152535455565758595A3233343536371F
:108FC000001F1C1F1E1F1E1F1F1E1F1E1F00000034
:108FD0001F0000001C0000001F0000001E00000019
:108FE0001F0000001E0000001F0000001F00000006
:108FF0001E0000001F0000001E0000001F000000F7
:10900000637C777BF26B6FC53001672BFED7AB7645
:10901000CA82C97DFA5947F0ADD4A2AF9CA472C0F0
:10902000B7FD9326363FF7CC34A5E5F171D831155D
:1090300004C723C31896059A071280E2EB27B2757E
:1090400009832C1A1B6E5AA0523BD6B329E32F84F6
:1090500053D100ED20FCB15B6ACBBE394A4C58CFEE
:10906000D0EFAAFB434D338545F9027F503C9FA8C2
:1090700051A3408F929D38F5BCB6DA2110FFF3D290
:10908000CD0C13EC5F974417C4A77E3D645D197344
:1090900060814FDC222A908846EEB814DE5E0BDB3E
:1090A000E0323A0A4906245CC2D3AC629195E47975
:1090B000E7C8376D8DD54EA96C56F4EA657AAE08CF
:1090C000BA78252E1CA6B4C6E8DD741F4BBD8B8A6A
:1090D000703EB5664803F60E613557B986C11D9ED0
:1090E000E1F8981169D98E949B1E87E9CE5528DF47
:1090F0008CA1890DBFE6426841992D0FB054BB1673
:10910000C66363A5F87C7C84EE777799F67B7B8DCC
:10911000FFF2F20DD66B6BBDDE6F6FB191C5C5541A
:109120006030305002010103CE6767A9562B2B7DBA
:10913000E7FEFE19B5D7D7624DABABE6EC76769A73
:109140008FCACA451F82829D89C9C940FA7D7D8721
:10915000EFFAFA15B25959EB8E4747C9FBF0F00BFD
:1091600041ADADECB3D4D4675FA2A2FD45AFAFEA89
:10917000239C9CBF53A4A4F7E47272969BC0C05B6F
:1091800075B7B7C2E1FDFD1C3D9393AE4C26266A30
:109190006C36365A7E3F3F41F5F7F70283CCCC4F11
:1091A0006834345C51A5A5F4D1E5E534F9F1F10852
:1091B000E2717193ABD8D873623131532A15153FE0
:1091C0000804040C95C7C752462323659DC3C35E9C
:1091D00030181828379696A10A05050F2F9A9AB5C8
:1091E0000E070709241212361B80809BDFE2E23D46
:1091F000CDEBEB264E2727697FB2B2CDEA75759F7E
:109200001209091B1D83839E582C2C74341A1A2EA4
:10921000361B1B2DDC6E6EB2B45A5AEE5BA0A0FB5F
:10922000A45252F6763B3B4DB7D6D6617DB3B3CE52
:109230005229297BDDE3E33E5E2F2F71138484974F
:10924000A65353F5B9D1D16800000000C1EDED2C53
:1092500040202060E3FCFC1F79B1B1C8B65B5BED38
:10926000D46A6ABE8DCBCB4667BEBED97239394B44
:10927000944A4ADE984C4CD4B05858E885CFCF4A2F
:10928000BBD0D06BC5EFEF2A4FAAAAE5EDFBFB16CA
:10929000864343C59A4D4DD7663333551185859422
:1092A0008A4545CFE9F9F91004020206FE7F7F8165
:1092B000A05050F0783C3C44259F9FBA4BA8A8E3AF
:1092C000A25151F35DA3A3FE804040C0058F8F8A59
:1092D0003F9292AD219D9DBC70383848F1F5F50460
:1092E00063BCBCDF77B6B6C1AFDADA754221216361
:1092F00020101030E5FFFF1AFDF3F30EBFD2D26D40
:1093000081CDCD4C180C0C1426131335C3ECEC2F67
:10931000BE5F5FE1359797A2884444CC2E1717397A
:1093200093C4C45755A7A7F2FC7E7E827A3D3D4781
:10933000C86464ACBA5D5DE73219192BE6737395A6
:10934000C06060A0198181989E4F4FD1A3DCDC7F63
:1093500044222266542A2A7E3B9090AB0B88888355
:109360008C4646CAC7EEEE296BB8B8D32814143C15
:10937000A7DEDE79BC5E5EE2160B0B1DADDBDB7695
:10938000DBE0E03B64323256743A3A4E140A0A1E6D
:10939000924949DB0C06060A4824246CB85C5CE45C
:1093A0009FC2C25DBDD3D36E43ACACEFC46262A6B4
:1093B000399191A8319595A4D3E4E437F279798B6A
:1093C000D5E7E7328BC8C8436E373759DA6D6DB7CA
:1093D000018D8D8CB1D5D5649C4E4ED249A9A9E0A2
:1093E000D86C6CB4AC5656FAF3F4F407CFEAEA251D
:1093F000CA6565AFF47A7A8E47AEAEE910080818F0
:109400006FBABAD5F07878884A25256F5C2E2E720F
:10941000381C1C2457A6A6F173B4B4C797C6C6510E
:10942000CBE8E823A1DDDD7CE874749C3E1F1F219E
:10943000964B4BDD61BDBDDC0D8B8B860F8A8A851B
:10944000E07070907C3E3E4271B5B5C4CC6666AAB1
:10945000904848D806030305F7F6F6011C0E0E12D5
:10946000C26161A36A35355FAE5757F969B9B9D0A2
:109470001786869199C1C1583A1D1D27279E9EB90E
:10948000D9E1E138EBF8F8132B9898B32211113396
:10949000D26969BBA9D9D970078E8E89339494A7F4
:1094A0002D9B9BB63C1E1E2215878792C9E9E92099
:1094B00087CECE49AA5555FF50282878A5DFDF7AF8
:1094C000038C8C8F59A1A1F8098989801A0D0D1779
:1094D00065BFBFDAD7E6E631844242C6D06868B8D5
:1094E000824141C3299999B05A2D2D771E0F0F1132
:1094F0007BB0B0CBA85454FC6DBBBBD62C16163A2F
:10950000A5C6636384F87C7C99EE77778DF67B7BC8
:109510000DFFF2F2BDD66B6BB1DE6F6F5491C5C516
:109520005060303003020101A9CE67677D562B2BB6
:1095300019E7FEFE62B5D7D7E64DABAB9AEC76766F
:10954000458FCACA9D1F82824089C9C987FA7D7D1D
:1095500015EFFAFAEBB25959C98E47470BFBF0F0F9
:10956000EC41ADAD67B3D4D4FD5FA2A2EA45AFAF85
:10957000BF239C9CF753A4A496E472725B9BC0C06B
:10958000C275B7B71CE1FDFDAE3D93936A4C26262C
:109590005A6C3636417E3F3F02F5F7F74F83CCCC0D
:1095A0005C683434F451A5A534D1E5E508F9F1F14E
:1095B00093E2717173ABD8D8536231313F2A1515DC
:1095C0000C0804045295C7C7654623235E9DC3C398
:1095D00028301818A13796960F0A0505B52F9A9AC4
:1095E000090E0707362412129B1B80803DDFE2E242
:1095F00026CDEBEB694E2727CD7FB2B29FEA75757A
:109600001B1209099E1D838374582C2C2E341A1AA0
:109610002D361B1BB2DC6E6EEEB45A5AFB5BA0A05B
:10962000F6A452524D763B3B61B7D6D6CE7DB3B34E
:109630007B5229293EDDE3E3715E2F2F971384844B
:10964000F5A6535368B9D1D1000000002CC1EDED4F
:10965000604020201FE3FCFCC879B1B1EDB65B5B34
:10966000BED46A6A468DCBCBD967BEBE4B72393940
:10967000DE944A4AD4984C4CE8B058584A85CFCF2B
:109680006BBBD0D02AC5EFEFE54FAAAA16EDFBFBC6
:10969000C5864343D79A4D4D55663333941185851E
:1096A000CF8A454510E9F9F90604020281FE7F7F61
:1096B000F0A0505044783C3CBA259F9FE34BA8A8AB
:1096C000F3A25151FE5DA3A3C08040408A058F8F55
:1096D000AD3F9292BC219D9D4870383804F1F5F55C
:1096E000DF63BCBCC177B6B675AFDADA634221215D
:1096F000302010101AE5FFFF0EFDF3F36DBFD2D23C
:109700004C81CDCD14180C0C352613132FC3ECEC63
:10971000E1BE5F5FA2359797CC884444392E171776
:109720005793C4C4F255A7A782FC7E7E477A3D3D7D
:10973000ACC86464E7BA5D5D2B32191995E67373A2
:10974000A0C0606098198181D19E4F4F7FA3DCDC5F
:10975000664422227E542A2AAB3B9090830B888851
:10976000CA8C464629C7EEEED36BB8B83C28141411
:1097700079A7DEDEE2BC5E5E1D160B0B76ADDBDB91
:109780003BDBE0E0566432324E743A3A1E140A0A69
:10979000DB9249490A0C06066C482424E4B85C5C58
:1097A0005D9FC2C26EBDD3D3EF43ACACA6C46262B0
:1097B000A8399191A431959537D3E4E48BF2797966
:1097C00032D5E7E7438BC8C8596E3737B7DA6D6DC6
:1097D0008C018D8D64B1D5D5D29C4E4EE049A9A99E
:1097E000B4D86C6CFAAC565607F3F4F425CFEAEA19
:1097F000AFCA65658EF47A7AE947AEAE18100808EC
:10980000D56FBABA88F078786F4A2525725C2E2E0B
:1098100024381C1CF157A6A6C773B4B45197C6C60A
:1098200023CBE8E87CA1DDDD9CE87474213E1F1F9A
:10983000DD964B4BDC61BDBD860D8B8B850F8A8A17
:1098400090E07070427C3E3EC471B5B5AACC6666AD
:10985000D89048480506030301F7F6F6121C0E0ED1
:10986000A3C261615F6A3535F9AE5757D069B9B99E
:10987000911786865899C1C1273A1D1DB9279E9E0A
:1098800038D9E1E113EBF8F8B32B98983322111192
:10989000BBD2696970A9D9D989078E8EA7339494F0
:1098A000B62D9B9B223C1E1E9215878720C9E9E995
:1098B0004987CECEFFAA5555785028287AA5DFDFF4
:1098C0008F038C8CF859A1A180098989171A0D0D75
:1098D000DA65BFBF31D7E6E6C6844242B8D06868D1
:1098E000C3824141B0299999775A2D2D111E0F0F2E
:1098F000CB7BB0B0FCA85454D66DBBBB3A2C16162B
:1099000063A5C6637C84F87C7799EE777B8DF67BC4
:10991000F20DFFF26BBDD66B6FB1DE6FC55491C512
:10992000305060300103020167A9CE672B7D562BB2
:10993000FE19E7FED762B5D7ABE64DAB769AEC766B
:10994000CA458FCA829D1F82C94089C97D87FA7D19
:10995000FA15EFFA59EBB25947C98E47F00BFBF0F5
:10996000ADEC41ADD467B3D4A2FD5FA2AFEA45AF81
:109970009CBF239CA4F753A47296E472C05B9BC067
:10998000B7C275B7FD1CE1FD93AE3D93266A4C2628
:10999000365A6C363F417E3FF702F5F7CC4F83CC09
:1099A000345C6834A5F451A5E534D1E5F108F9F14A
:1099B0007193E271D873ABD831536231153F2A15D8
:1099C000040C0804C75295C723654623C35E9DC394
:1099D0001828301896A13796050F0A059AB52F9AC0
:1099E00007090E0712362412809B1B80E23DDFE23E
:1099F000EB26CDEB27694E27B2CD7FB2759FEA7576
:109A0000091B1209839E1D832C74582C1A2E341A9C
:109A10001B2D361B6EB2DC6E5AEEB45AA0FB5BA057
:109A200052F6A4523B4D763BD661B7D6B3CE7DB34A
:109A3000297B5229E33EDDE32F715E2F8497138447
:109A400053F5A653D168B9D100000000ED2CC1ED4B
:109A500020604020FC1FE3FCB1C879B15BEDB65B30
:109A60006ABED46ACB468DCBBED967BE394B72393C
:109A70004ADE944A4CD4984C58E8B058CF4A85CF27
:109A8000D06BBBD0EF2AC5EFAAE54FAAFB16EDFBC2
:109A900043C586434DD79A4D33556633859411851A
:109AA00045CF8A45F910E9F9020604027F81FE7F5D
:109AB00050F0A0503C44783C9FBA259FA8E34BA8A7
:109AC00051F3A251A3FE5DA340C080408F8A058F51
:109AD00092AD3F929DBC219D38487038F504F1F558
:109AE000BCDF63BCB6C177B6DA75AFDA2163422159
:109AF00010302010FF1AE5FFF30EFDF3D26DBFD238
:109B0000CD4C81CD0C14180C13352613EC2FC3EC5F
:109B10005FE1BE5F97A2359744CC884417392E1772
:109B2000C45793C4A7F255A77E82FC7E3D477A3D79
:109B300064ACC8645DE7BA5D192B32197395E6739E
:109B400060A0C060819819814FD19E4FDC7FA3DC5B
:109B5000226644222A7E542A90AB3B9088830B884D
:109B600046CA8C46EE29C7EEB8D36BB8143C28140D
:109B7000DE79A7DE5EE2BC5E0B1D160BDB76ADDB8D
:109B8000E03BDBE0325664323A4E743A0A1E140A65
:109B900049DB9249060A0C06246C48245CE4B85C54
:109BA000C25D9FC2D36EBDD3ACEF43AC62A6C462AC
:109BB00091A8399195A43195E437D3E4798BF27962
:109BC000E732D5E7C8438BC837596E376DB7DA6DC2
:109BD0008D8C018DD564B1D54ED29C4EA9E049A99A
:109BE0006CB4D86C56FAAC56F407F3F4EA25CFEA15
:109BF00065AFCA657A8EF47AAEE947AE08181008E8
:109C0000BAD56FBA7888F078256F4A252E725C2E07
:109C10001C24381CA6F157A6B4C773B4C65197C606
:109C2000E823CBE8DD7CA1DD749CE8741F213E1F96
:109C30004BDD964BBDDC61BD8B860D8B8A850F8A13
:109C40007090E0703E427C3EB5C471B566AACC66A9
:109C500048D8904803050603F601F7F60E121C0ECD
:109C600061A3C261355F6A3557F9AE57B9D069B99A
:109C700086911786C15899C11D273A1D9EB9279E06
:109C8000E138D9E1F813EBF898B32B98113322118E
:109C900069BBD269D970A9D98E89078E94A73394EC
:109CA0009BB62D9B1E223C1E87921587E920C9E991
:109CB000CE4987CE55FFAA5528785028DF7AA5DFF0
:109CC0008C8F038CA1F859A1898009890D171A0D71
:109CD000BFDA65BFE631D7E642C6844268B8D068CD
:109CE00041C3824199B029992D775A2D0F111E0F2A
:109CF000B0CB7BB054FCA854BBD66DBB163A2C1627
:109D00006363A5C67C7C84F8777799EE7B7B8DF6C0
:109D1000F2F20DFF6B6BBDD66F6FB1DEC5C554910E
:109D200030305060010103026767A9CE2B2B7D56AE
:109D3000FEFE19E7D7D762B5ABABE64D76769AEC67
:109D4000CACA458F82829D1FC9C940897D7D87FA15
:109D5000FAFA15EF5959EBB24747C98EF0F00BFBF1
:109D6000ADADEC41D4D467B3A2A2FD5FAFAFEA457D
:109D70009C9CBF23A4A4F753727296E4C0C05B9B63
:109D8000B7B7C275FDFD1CE19393AE3D26266A4C24
:109D900036365A6C3F3F417EF7F702F5CCCC4F8305
:109DA00034345C68A5A5F451E5E534D1F1F108F946
:109DB000717193E2D8D873AB3131536215153F2AD4
:109DC00004040C08C7C7529523236546C3C35E9D90
:109DD000181828309696A13705050F0A9A9AB52FBC
:109DE0000707090E1212362480809B1BE2E23DDF3A
:109DF000EBEB26CD2727694EB2B2CD7F75759FEA72
:109E000009091B1283839E1D2C2C74581A1A2E3498
:109E10001B1B2D366E6EB2DC5A5AEEB4A0A0FB5B53
:109E20005252F6A43B3B4D76D6D661B7B3B3CE7D46
:109E300029297B52E3E33EDD2F2F715E8484971343
:109E40005353F5A6D1D168B900000000EDED2CC147
:109E500020206040FCFC1FE3B1B1C8795B5BEDB62C
:109E60006A6ABED4CBCB468DBEBED96739394B7238
:109E70004A4ADE944C4CD4985858E8B0CFCF4A8523
:109E8000D0D06BBBEFEF2AC5AAAAE54FFBFB16EDBE
:109E90004343C5864D4DD79A333355668585941116
:109EA0004545CF8AF9F910E9020206047F7F81FE59
:109EB0005050F0A03C3C44789F9FBA25A8A8E34BA3
:109EC0005151F3A2A3A3FE5D4040C0808F8F8A054D
:109ED0009292AD3F9D9DBC2138384870F5F504F154
:109EE000BCBCDF63B6B6C177DADA75AF2121634255
:109EF00010103020FFFF1AE5F3F30EFDD2D26DBF34
:109F0000CDCD4C810C0C141813133526ECEC2FC35B
:109F10005F5FE1BE9797A2354444CC881717392E6E
:109F2000C4C45793A7A7F2557E7E82FC3D3D477A75
:109F30006464ACC85D5DE7BA19192B32737395E69A
:109F40006060A0C0818198194F4FD19EDCDC7FA357
:109F5000222266442A2A7E549090AB3B8888830B49
:109F60004646CA8CEEEE29C7B8B8D36B14143C2809
:109F7000DEDE79A75E5EE2BC0B0B1D16DBDB76AD89
:109F8000E0E03BDB323256643A3A4E740A0A1E1461
:109F90004949DB9206060A0C24246C485C5CE4B850
:109FA000C2C25D9FD3D36EBDACACEF436262A6C4A8
:109FB0009191A8399595A431E4E437D379798BF25E
:109FC000E7E732D5C8C8438B3737596E6D6DB7DABE
:109FD0008D8D8C01D5D564B14E4ED29CA9A9E04996
:109FE0006C6CB4D85656FAACF4F407F3EAEA25CF11
:109FF0006565AFCA7A7A8EF4AEAEE94708081810E4
:10A00000BABAD56F787888F025256F4A2E2E725C03
:10A010001C1C2438A6A6F157B4B4C773C6C6519702
:10A02000E8E823CBDDDD7CA174749CE81F1F213E92
:10A030004B4BDD96BDBDDC618B8B860D8A8A850F0F
:10A04000707090E03E3E427CB5B5C4716666AACCA5
:10A050004848D89003030506F6F601F70E0E121CC9
:10A060006161A3C235355F6A5757F9AEB9B9D06996
:10A0700086869117C1C158991D1D273A9E9EB92702
:10A08000E1E138D9F8F813EB9898B32B111133228A
:10A090006969BBD2D9D970A98E8E89079494A733E8
:10A0A0009B9BB62D1E1E223C87879215E9E920C98D
:10A0B000CECE49875555FFAA28287850DFDF7AA5EC
:10A0C0008C8C8F03A1A1F859898980090D0D171A6D
:10A0D000BFBFDA65E6E631D74242C6846868B8D0C9
:10A0E0004141C3829999B0292D2D775A0F0F111E26
:10A0F000B0B0CB7B5454FCA8BBBBD66D16163A2C23
:10A1000052096AD53036A538BF40A39E81F3D7FBEC
:10A110007CE339829B2FFF87348E4344C4DEE9CB36
:10A12000547B9432A6C2233DEE4C950B42FAC34EAB
:10A13000082EA16628D924B2765BA2496D8BD12561
:10A1400072F8F66486689816D4A45CCC5D65B69205
:10A150006C704850FDEDB9DA5E154657A78D9D84A9
:10A1600090D8AB008CBCD30AF7E45805B8B34506C9
:10A17000D02C1E8FCA3F0F02C1AFBD0301138A6BE3
:10A180003A9111414F67DCEA97F2CFCEF0B4E67313
:10A1900096AC7422E7AD3585E2F937E81C75DF6EC1
:10A1A00047F11A711D29C5896FB7620EAA18BE1B27
:10A1B000FC563E4BC6D279209ADBC0FE78CD5AF4CD
:10A1C0001FDDA8338807C731B11210592780EC5F13
:10A1D00060517FA919B54A0D2DE57A9F93C99CEF6F
:10A1E000A0E03B4DAE2AF5B0C8EBBB3C8353996170
:10A1F000172B047EBA77D626E169146355210C7DAE
:10A2000051F4A7507E4165531A17A4C33A275E96AE
:10A210003BAB6BCB1F9D45F1ACFA58AB4BE30393C3
:10A220002030FA55AD766DF688CC7691F5024C2546
:10A230004FE5D7FCC52ACBD726354480B562A38F1E
:10A24000DEB15A4925BA1B6745EA0E985DFEC0E1AA
:10A25000C32F7502814CF0128D4697A36BD3F9C6BC
:10A26000038F5FE715929C95BF6D7AEB955259DA93
:10A27000D4BE832D587421D349E069298EC9C844BE
:10A2800075C2896AF48E797899583E6B27B971DD69
:10A29000BEE14FB6F088AD17C920AC667DCE3AB4AA
:10A2A00063DF4A18E51A31829751336062537F4564
:10A2B000B16477E0BB6BAE84FE81A01CF9082B94DF
:10A2C000704868588F45FD1994DE6C87527BF8B74B
:10A2D000AB73D323724B02E2E31F8F576655AB2A51
:10A2E000B2EB28072FB5C20386C57B9AD33708A5E2
:10A2F000302887F223BFA5B202036ABAED16825C4A
:10A300008ACF1C2BA779B492F307F2F04E69E2A131
:10A3100065DAF4CD0605BED5D134621FC4A6FE8A27
:10A32000342E539DA2F355A0058AE132A4F6EB75B5
:10A330000B83EC394060EFAA5E719F06BD6E105131
:10A340003E218AF996DD063DDD3E05AE4DE6BD4671
:10A3500091548DB571C45D050406D46F605015FF2E
:10A360001998FB24D6BDE997894043CC67D99E77DD
:10A37000B0E842BD07898B88E7195B3879C8EEDB06
:10A38000A17C0A477C420FE9F8841EC90000000046
:10A3900009808683322BED481E1170AC6C5A724EC8
:10A3A000FD0EFFFB0F8538563DAED51E362D3927E5
:10A3B0000A0FD964685CA6219B5B54D124362E3ADF
:10A3C0000C0A67B19357E70FB4EE96D21B9B919E90
:10A3D00080C0C54F61DC20A25A774B691C121A1647
:10A3E000E293BA0AC0A02AE53C22E043121B171DE3
:10A3F0000E090D0BF28BC7AD2DB6A8B9141EA9C856
:10A4000057F11985AF75074CEE99DDBBA37F60FD51
:10A41000F701269F5C72F5BC44663BC55BFB7E344E
:10A420008B432976CB23C6DCB6EDFC68B8E4F16338
:10A43000D731DCCA426385101397224084C61120AD
:10A44000854A247DD2BB3DF8AEF93211C729A16DF2
:10A450001D9E2F4BDCB230F30D8652EC77C1E3D05A
:10A460002BB3166CA970B999119448FA47E9642284
:10A47000A8FC8CC4A0F03F1A567D2CD8223390EF54
:10A4800087494EC7D938D1C18CCAA2FE98D40B36A1
:10A49000A6F581CFA57ADE28DAB78E263FADBFA418
:10A4A0002C3A9DE45078920D6A5FCC9B547E4662B4
:10A4B000F68D13C290D8B8E82E39F75E82C3AFF597
:10A4C0009F5D80BE69D0937C6FD52DA9CF2512B337
:10A4D000C8AC993B10187DA7E89C636EDB3BBB7B47
:10A4E000CD2678096E5918F4EC9AB701834F9AA8D3
:10A4F000E6956E65AAFFE67E21BCCF08EF15E8E67B
:10A50000BAE79BD94A6F36CEEA9F09D429B07CD6E8
:10A5100031A4B2AF2A3F2331C6A5943035A266C01C
:10A52000744EBC37FC82CAA6E090D0B033A7D815D1
:10A53000F104984A41ECDAF77FCD500E1791F62FCF
:10A54000764DD68D43EFB04DCCAA4D54E49604DF42
:10A550009ED1B5E34C6A881BC12C1FB84665517F5C
:10A560009D5EEA04018C355DFA877473FB0B412E06
:10A57000B3671D5A92DBD252E91056336DD647139A
:10A580009AD7618C37A10C7A59F8148EEB133C8959
:10A59000CEA927EEB761C935E11CE5ED7A47B13C9C
:10A5A0009CD2DF5955F2733F1814CE7973C737BF69
:10A5B00053F7CDEA5FFDAA5BDF3D6F147844DB867D
:10A5C000CAAFF381B968C43E3824342CC2A3405FBB
:10A5D000161DC372BCE2250C283C498BFF0D95412A
:10A5E00039A80171080CB3DED8B4E49C6456C1905C
:10A5F0007BCB8461D532B670486C5C74D0B857425E
:10A600005051F4A7537E4165C31A17A4963A275EAA
:10A61000CB3BAB6BF11F9D45ABACFA58934BE303BF
:10A62000552030FAF6AD766D9188CC7625F5024C42
:10A63000FC4FE5D7D7C52ACB802635448FB562A31A
:10A6400049DEB15A6725BA1B9845EA0EE15DFEC0A6
:10A6500002C32F7512814CF0A38D4697C66BD3F9B8
:10A66000E7038F5F9515929CEBBF6D7ADA9552598F
:10A670002DD4BE83D35874212949E069448EC9C8BA
:10A680006A75C28978F48E796B99583EDD27B97165
:10A69000B6BEE14F17F088AD66C920ACB47DCE3AA6
:10A6A0001863DF4A82E51A31609751334562537F60
:10A6B000E0B1647784BB6BAE1CFE81A094F9082BDB
:10A6C00058704868198F45FD8794DE6CB7527BF847
:10A6D00023AB73D3E2724B0257E31F8F2A6655AB4D
:10A6E00007B2EB28032FB5C29A86C57BA5D33708DE
:10A6F000F2302887B223BFA5BA02036A5CED168246
:10A700002B8ACF1C92A779B4F0F307F2A14E69E22D
:10A71000CD65DAF4D50605BE1FD134628AC4A6FE23
:10A720009D342E53A0A2F35532058AE175A4F6EBB1
:10A73000390B83ECAA4060EF065E719F51BD6E102D
:10A74000F93E218A3D96DD06AEDD3E05464DE6BD6D
:10A75000B591548D0571C45D6F0406D4FF6050152A
:10A76000241998FB97D6BDE9CC8940437767D99ED9
:10A77000BDB0E8428807898B38E7195BDB79C8EE02
:10A7800047A17C0AE97C420FC9F8841E0000000042
:10A790008309808648322BEDAC1E11704E6C5A72C4
:10A7A000FBFD0EFF560F85381E3DAED527362D39E1
:10A7B000640A0FD921685CA6D19B5B543A24362EDB
:10A7C000B10C0A670F9357E7D2B4EE969E1B9B918C
:10A7D0004F80C0C5A261DC20695A774B161C121A43
:10A7E0000AE293BAE5C0A02A433C22E01D121B17DF
:10A7F0000B0E090DADF28BC7B92DB6A8C8141EA952
:10A800008557F1194CAF7507BBEE99DDFDA37F604D
:10A810009FF70126BC5C72F5C544663B345BFB7E4A
:10A82000768B4329DCCB23C668B6EDFC63B8E4F134
:10A83000CAD731DC10426385401397222084C611A9
:10A840007D854A24F8D2BB3D11AEF9326DC729A1EE
:10A850004B1D9E2FF3DCB230EC0D8652D077C1E356
:10A860006C2BB31699A970B9FA1194482247E96480
:10A87000C4A8FC8C1AA0F03FD8567D2CEF22339050
:10A88000C787494EC1D938D1FE8CCAA23698D40B9D
:10A89000CFA6F58128A57ADE26DAB78EA43FADBF14
:10A8A000E42C3A9D0D5078929B6A5FCC62547E46B0
:10A8B000C2F68D13E890D8B85E2E39F7F582C3AF93
:10A8C000BE9F5D807C69D093A96FD52DB3CF251233
:10A8D0003BC8AC99A710187D6EE89C637BDB3BBB43
:10A8E00009CD2678F46E591801EC9AB7A8834F9ACF
:10A8F00065E6956E7EAAFFE60821BCCFE6EF15E877
:10A90000D9BAE79BCE4A6F36D4EA9F09D629B07CE4
:10A91000AF31A4B2312A3F2330C6A594C035A26618
:10A9200037744EBCA6FC82CAB0E090D01533A7D8CD
:10A930004AF10498F741ECDA0E7FCD502F1791F6CB
:10A940008D764DD64D43EFB054CCAA4DDFE496043E
:10A95000E39ED1B51B4C6A88B8C12C1F7F46655158
:10A96000049D5EEA5D018C3573FA87742EFB0B4102
:10A970005AB3671D5292DBD233E91056136DD64796
:10A980008C9AD7617A37A10C8E59F81489EB133C55
:10A99000EECEA92735B761C9EDE11CE53C7A47B198
:10A9A000599CD2DF3F55F273791814CEBF73C73765
:10A9B000EA53F7CD5B5FFDAA14DF3D6F867844DB79
:10A9C00081CAAFF33EB968C42C3824345FC2A340B7
:10A9D00072161DC30CBCE2258B283C4941FF0D9526
:10A9E0007139A801DE080CB39CD8B4E4906456C158
:10A9F000617BCB8470D532B674486C5C42D0B8575A
:10AA0000A75051F465537E41A4C31A175E963A27A6
:10AA10006BCB3BAB45F11F9D58ABACFA03934BE3BB
:10AA2000FA5520306DF6AD76769188CC4C25F5023E
:10AA3000D7FC4FE5CBD7C52A44802635A38FB56216
:10AA40005A49DEB11B6725BA0E9845EAC0E15DFEA2
:10AA50007502C32FF012814C97A38D46F9C66BD3B4
:10AA60005FE7038F9C9515927AEBBF6D59DA95528B
:10AA7000832DD4BE21D35874692949E0C8448EC9B6
:10AA8000896A75C27978F48E3E6B995871DD27B961
:10AA90004FB6BEE1AD17F088AC66C9203AB47DCEA2
:10AAA0004A1863DF3182E51A336097517F4562535C
:10AAB00077E0B164AE84BB6BA01CFE812B94F908D7
:10AAC00068587048FD198F456C8794DEF8B7527B43
:10AAD000D323AB7302E2724B8F57E31FAB2A665549
:10AAE0002807B2EBC2032FB57B9A86C508A5D337DA
:10AAF00087F23028A5B223BF6ABA0203825CED1642
:10AB00001C2B8ACFB492A779F2F0F307E2A14E6929
:10AB1000F4CD65DABED50605621FD134FE8AC4A61F
:10AB2000539D342E55A0A2F3E132058AEB75A4F6AD
:10AB3000EC390B83EFAA40609F065E711051BD6E29
:10AB40008AF93E21063D96DD05AEDD3EBD464DE669
:10AB50008DB591545D0571C4D46F040615FF605026
:10AB6000FB241998E997D6BD43CC89409E7767D9D5
:10AB700042BDB0E88B8807895B38E719EEDB79C8FE
:10AB80000A47A17C0FE97C421EC9F884000000003E
:10AB900086830980ED48322B70AC1E11724E6C5AC0
:10ABA000FFFBFD0E38560F85D51E3DAE3927362DDD
:10ABB000D9640A0FA621685C54D19B5B2E3A2436D7
:10ABC00067B10C0AE70F935796D2B4EE919E1B9B88
:10ABD000C54F80C020A261DC4B695A771A161C123F
:10ABE000BA0AE2932AE5C0A0E0433C22171D121BDB
:10ABF0000D0B0E09C7ADF28BA8B92DB6A9C8141E4E
:10AC0000198557F1074CAF75DDBBEE9960FDA37F49
:10AC1000269FF701F5BC5C723BC544667E345BFB46
:10AC200029768B43C6DCCB23FC68B6EDF163B8E430
:10AC3000DCCAD7318510426322401397112084C6A5
:10AC4000247D854A3DF8D2BB3211AEF9A16DC729EA
:10AC50002F4B1D9E30F3DCB252EC0D86E3D077C152
:10AC6000166C2BB3B999A97048FA1194642247E97C
:10AC70008CC4A8FC3F1AA0F02CD8567D90EF22334C
:10AC80004EC78749D1C1D938A2FE8CCA0B3698D499
:10AC900081CFA6F5DE28A57A8E26DAB7BFA43FAD10
:10ACA0009DE42C3A920D5078CC9B6A5F4662547EAC
:10ACB00013C2F68DB8E890D8F75E2E39AFF582C38F
:10ACC00080BE9F5D937C69D02DA96FD512B3CF252F
:10ACD000993BC8AC7DA71018636EE89CBB7BDB3B3F
:10ACE0007809CD2618F46E59B701EC9A9AA8834FCB
:10ACF0006E65E695E67EAAFFCF0821BCE8E6EF1573
:10AD00009BD9BAE736CE4A6F09D4EA9F7CD629B0E0
:10AD1000B2AF31A423312A3F9430C6A566C035A214
:10AD2000BC37744ECAA6FC82D0B0E090D81533A7C9
:10AD3000984AF104DAF741EC500E7FCDF62F1791C7
:10AD4000D68D764DB04D43EF4D54CCAA04DFE4963A
:10AD5000B5E39ED1881B4C6A1FB8C12C517F466554
:10AD6000EA049D5E355D018C7473FA87412EFB0BFE
:10AD70001D5AB367D25292DB5633E91047136DD692
:10AD8000618C9AD70C7A37A1148E59F83C89EB1351
:10AD900027EECEA9C935B761E5EDE11CB13C7A4794
:10ADA000DF599CD2733F55F2CE79181437BF73C761
:10ADB000CDEA53F7AA5B5FFD6F14DF3DDB86784475
:10ADC000F381CAAFC43EB968342C3824405FC2A3B3
:10ADD000C372161D250CBCE2498B283C9541FF0D22
:10ADE000017139A8B3DE080CE49CD8B4C190645654
:10ADF00084617BCBB670D5325C74486C5742D0B856
:10AE0000F4A750514165537E17A4C31A275E963AA2
:10AE1000AB6BCB3B9D45F11FFA58ABACE303934BB7
:10AE200030FA5520766DF6ADCC769188024C25F53A
:10AE3000E5D7FC4F2ACBD7C53544802662A38FB512
:10AE4000B15A49DEBA1B6725EA0E9845FEC0E15D9E
:10AE50002F7502C34CF012814697A38DD3F9C66BB0
:10AE60008F5FE703929C95156D7AEBBF5259DA9587
:10AE7000BE832DD47421D358E0692949C9C8448EB2
:10AE8000C2896A758E7978F4583E6B99B971DD275D
:10AE9000E14FB6BE88AD17F020AC66C9CE3AB47D9E
:10AEA000DF4A18631A3182E551336097537F456258
:10AEB0006477E0B16BAE84BB81A01CFE082B94F9D3
:10AEC0004868587045FD198FDE6C87947BF8B7523F
:10AED00073D323AB4B02E2721F8F57E355AB2A6645
:10AEE000EB2807B2B5C2032FC57B9A863708A5D3D6
:10AEF0002887F230BFA5B223036ABA0216825CED3E
:10AF0000CF1C2B8A79B492A707F2F0F369E2A14E25
:10AF1000DAF4CD6505BED50634621FD1A6FE8AC41B
:10AF20002E539D34F355A0A28AE13205F6EB75A4A9
:10AF300083EC390B60EFAA40719F065E6E1051BD25
:10AF4000218AF93EDD063D963E05AEDDE6BD464D65
:10AF5000548DB591C45D057106D46F045015FF6022
:10AF600098FB2419BDE997D64043CC89D99E7767D1
:10AF7000E842BDB0898B8807195B38E7C8EEDB79FA
:10AF80007C0A47A1420FE97C841EC9F8000000003A
:10AF9000808683092BED48321170AC1E5A724E6CBC
:10AFA0000EFFFBFD8538560FAED51E3D2D392736D9
:10AFB0000FD9640A5CA621685B54D19B362E3A24D3
:10AFC0000A67B10C57E70F93EE96D2B49B919E1B84
:10AFD000C0C54F80DC20A261774B695A121A161C3B
:10AFE00093BA0AE2A02AE5C022E0433C1B171D12D7
:10AFF000090D0B0E8BC7ADF2B6A8B92D1EA9C8144A
:10B00000F119855775074CAF99DDBBEE7F60FDA345
:10B0100001269FF772F5BC5C663BC544FB7E345B42
:10B020004329768B23C6DCCBEDFC68B6E4F163B82C
:10B0300031DCCAD76385104297224013C6112084A1
:10B040004A247D85BB3DF8D2F93211AE29A16DC7E6
:10B050009E2F4B1DB230F3DC8652EC0DC1E3D0774E
:10B06000B3166C2B70B999A99448FA11E964224778
:10B07000FC8CC4A8F03F1AA07D2CD8563390EF2248
:10B08000494EC78738D1C1D9CAA2FE8CD40B369895
:10B09000F581CFA67ADE28A5B78E26DAADBFA43F0C
:10B0A0003A9DE42C78920D505FCC9B6A7E466254A8
:10B0B0008D13C2F6D8B8E89039F75E2EC3AFF5828B
:10B0C0005D80BE9FD0937C69D52DA96F2512B3CF2B
:10B0D000AC993BC8187DA7109C636EE83BBB7BDB3B
:10B0E000267809CD5918F46E9AB701EC4F9AA883C7
:10B0F000956E65E6FFE67EAABCCF082115E8E6EF6F
:10B10000E79BD9BA6F36CE4A9F09D4EAB07CD629DC
:10B11000A4B2AF313F23312AA59430C6A266C03510
:10B120004EBC377482CAA6FC90D0B0E0A7D81533C5
:10B1300004984AF1ECDAF741CD500E7F91F62F17C3
:10B140004DD68D76EFB04D43AA4D54CC9604DFE436
:10B15000D1B5E39E6A881B4C2C1FB8C165517F4650
:10B160005EEA049D8C355D01877473FA0B412EFBFA
:10B17000671D5AB3DBD25292105633E9D647136D8E
:10B18000D7618C9AA10C7A37F8148E59133C89EB4D
:10B19000A927EECE61C935B71CE5EDE147B13C7A90
:10B1A000D2DF599CF2733F5514CE7918C737BF735D
:10B1B000F7CDEA53FDAA5B5F3D6F14DF44DB867871
:10B1C000AFF381CA68C43EB924342C38A3405FC2AF
:10B1D0001DC37216E2250CBC3C498B280D9541FF1E
:10B1E000A80171390CB3DE08B4E49CD856C1906450
:10B1F000CB84617B32B670D56C5C7448B85742D052
:10B20000010000000200000004000000080000002F
:10B21000100000002000000040000000800000003E
:10B220001B000000360000004142434445464748A9
:10B23000494A4B4C4D4E4F50515253545556575806
:10B24000595A6162636465666768696A6B6C6D6EA2
:10B250006F707172737475767778797A30313233B2
:10B260003435363738392B2F7F7F7F7F7F7F7F7F45
:10B270007F7F7F7F7F7F7F7F7F7F7F7F7F7F7F7FDE
:10B280007F7F7F7F7F7F7F7F7F7F7F7F7F7F7F7FCE
:10B290007F7F7F3E7F7F7F3F3435363738393A3B7B
:10B2A0003C3D7F7F7F407F7F7F00010203040506D6
:10B2B0000708090A0B0C0D0E0F10111213141516A6
:10B2C0001718197F7F7F7F7F7F1A1B1C1D1E1F2071
:10B2D0002122232425262728292A2B2C2D2E2F30E6
:10B2E0003132337F7F7F7F7FA09E667F3BCC908B08
:10B2F000B67AE8584CAA73B2C6EF372FE94F82BE30
:10B3000054FF53A5F1D36F1C10E527FADE682D1DFD
:10B31000B05688C2B3E6C1FD70822CECB327C0E5FD
:10B32000E4855735EA0CAE4123EF6B934519A5210F
:10B33000ED0E4F4E1D6592BD86B8AF8F7CEB1FCED4
:10B340003E30DC5F5EC50B1AA6E139CAD5475D3DCC
:10B35000D9015AD651566C4D8B0D9A66FBCCB02D47
:10B3600074122B20F0B18499DF4CCBC2347E760569
:10B370006DB7A931D11704D714583A61DE1B111CDF
:10B38000320F9C165318F222FE44CFB2C3B57A9105
:10B390002408E8A860FC6950AAD0A07DA189629722
:10B3A000545B1E95E0FF64D210C40048A3F775DB20
:10B3B0008A03E6DA093FDD94875C8302CD4A903345
:10B3C0007367F6F39D7FBFE2529BD826C837C63B12
:10B3D00081966F4B13BE632EE979A78C9F6EBC8E4E
:10B3E00029F5F9B62FFDB4597898066AE74671BA7F
:10B3F000D425AB4288A28DFA7207B955F8EEAC0A93
:10B4000036492A683C38F1A44028D37BBBC943C1E4
:10B4100015E3ADF477C7809EE00558D9674E81CB20
:10B42000C90BAE6AD5185D8246DFD6278A324B42F9
:10B43000DB1C9E9C3ACA257B0D715F1FF8D73E9D91
:10B440007C60B9BEBC8B16344DC37295AB8EBA7A94
:10B45000B302B4ADA2ACD89A171A35CCF799615A99
:10B46000E8245640E1630933BF98978568FCEC0AED
:10B47000DA6F5362A32E08AF28B074C2BD362238EB
:10B48000641E392CA630E544FD889F65876BF42344
:10B490004810D151C0F9D2A055A141FA4313C42F8D
:10B4A000A8B63C2BC1FFC8A52089009047EFEAB79A
:10B4B0001506CDB5127EBB290FB807049B942166F3
:10B4C000E6CEEDE73BFE7FC5A437B14C916E8D769D
:10B4D000032DDE96267DC65CD3F24F193FDC791D25
:10B4E00052EBF36D5EFB69B2F0310CD4CF8CE27598
:10B4F000A94A578411451BF5E40E73AAF1DD5914CE
:10B500006C9254D07870E3498050A7F67793868385
:10B510002AC75BE9EE8F013D38411676D99360F278
:10B5200072C2AB9A750657A091F7B5C9A28CD2909A
:10B53000F607A7278EB249DE435CD7C73EF58F6773
:10B540001F186EAF2FE2850D53F09C65EAA3AE9EE7
:10B55000EC802D6BA82B36A6C5864D33FD6658961C
:10B560003A09951078D842CCEF26E5611A3F3B8224
:10B57000B6DBD498E88B02EB0A2C1DB06F8D880ED9
:10B5800019874E0BA90C79117F22E759E1DA3DC8E2
:10B5900012047454307EB428556850BED0C431CBE8
:10B5A0002AAD0FCA70FF326908620024D1FBBAEDE0
:10B5B0004581736D849FEE4AC32EC101E6254899EB
:10B5C000B9B37BF9CEBFDF7129CD6C13649B639D4A
:10B5D000C04BB7A5895FB117F4BCD346CF375E47E0
:10B5E00094FAFC5B97FE5AAC3C4C0335F323B85DF0
:10B5F0006A92D5214451C67D3983DCAA7C775605F1
:10B600001BA415341E1CF8522014E9BDDDE4A1E092
:10B610008AF1D67ABBE3404F702CB3C0E457EAAE50
:10B62000236B45A5ED4F1D9286AF7C1F3EDC5E0B64
:10B63000A639D55DD95A516C8B9AFBB0742BF08426
:10B64000DFCB34766DA9D104143ADE11329C53F26B
:10B65000FECFC37A24E86069AAA0A162541EE06408
:10B660001000A3758AE609DD8783CD9073F69DBF30
:10B6700052D8C8C6816F1363E9A79FBC29F92FB4BC
:10B680007806E771D4AB888D72B9F8AC362A3CF1F4
:10B6900040D3BB4315AD778082EC27E585350C415F
:10B6A000EF9319210E4E65BDB88FEBCE305FC51AF2
:10B6B000E1CA473D01D6564D0D66CC2D1220B199F9
:10B6C0004CC27E05B73117D758611B1C0F161822C4
:10B6D00044B2B59108A8FC50D07D89975B95FFD204
:10B6E000C448F7DB03DA3F945C024A3367F37FE236
:10B6F0009B26373B964BBE2E798C6E8EF5B6FD5948
:10B70000986A46BA2542A2FA0755EE0A496838A453
:10B71000287BC9C1E3F4C79E0101010100000000BC
:10B72000010101010000000001000101010100010F
:10B7300001010100010100010001020308090A0BD7
:10B7400026272425171415161BFFFF1AFFFFFFFFDE
:10B75000FFFFFFFFFFFFFFFFFFFFFFFFFFFFFFFFF9
:10B76000040506070C0D0E0F10111213FF1819FF18
:10B770001F1C1D1EFFFFFFFFFFFFFFFFFFFFFFFF5F
:10B78000FFFFFFFFFFFFFFFF000102033D3E3F3CC5
:10B79000FFFFFFFF1B18191A23202122FFFFFFFFC5
:10B7A00008090A0B10111213FFFFFFFF272425269B
:10B7B000FFFFFFFF0C0D0E0F3A3B38391F1C1D1EFB
:10B7C000FFFFFFFF0405060741424340141516170B
:10B7D000FFFFFFFF2B28292A15161714FFFFFFFF75
:10B7E000121310110B08090A0F0C0D0E191A1B1851
:10B7F0001D1E1F1C12131011FFFFFFFFFFFFFFFF95
:10B800000200000065990208000000009B990208F0
:10B8100097990208699902088599020802010000B7
:10B8200080000000B0CD050800000000000000000E
:10B830001000000000B8050803010000C00000006F
:10B84000BCCD050800000000000000001000000052
:10B8500000B805080401000000010000C8CD05087B
:10B8600000000000000000001000000000B8050803
:10B87000020000000000000000000000453C03083A
:10B88000453C0308593C0308713C03080E060000C0
:10B8900080000000D4CD05080C000000010000006D
:10B8A0001000000070B805080F060000C00000007E
:10B8B000E0CD05080C0000000100000010000000B1
:10B8C00070B805081006000000010000ECCD050866
:10B8D0000C000000010000001000000070B8050816
:10B8E00005000000DDC20208000000009DC3020840
:10B8F00099C30208E1C20208FDC20208110100005A
:10B9000080000000F8CD05081000000000000000D5
:10B9100010000000E0B8050812010000C00000009F
:10B920000CCE050810000000000000001000000010
:10B93000E0B80508130100000001000020CE050852
:10B94000100000000000000010000000E0B8050832
:10B950000500000000000000000000004F3C03084C
:10B960004F3C0308593C0308713C03081D060000C6
:10B970008000000034CE05080C000000010000002B
:10B980001000000050B905081E060000C0000000AD
:10B9900048CE05080C000000010000001000000067
:10B9A00050B905081F060000000100005CCE050824
:10B9B0000C000000010000001000000050B9050854
:10B9C0000900000000000000ADC5020891C5020892
:10B9D00091C5020879C4020893C402084807000010
:10B9E0000001000070CE05080C00000000000000FF
:10B9F00001000000C0B905080900000000000000B7
:10BA00000000000065C6020865C602080FC60208ED
:10BA100029C60208490A0000000100007CCE050882
:10BA20000C0000000000000001000000F8B905084B
:10BA3000020000001CB805080300000038B8050823
:10BA40000400000054B805080E0000008CB805087A
:10BA50000F000000A8B8050810000000C4B80508D1
:10BA600011000000FCB805081200000018B9050814
:10BA70001300000034B905081D0000006CB905086A
:10BA80001E00000088B905081F000000A4B90508C1
:10BA900048000000DCB905084900000014BA050898
:10BAA00000000000000000000400180080010000F9
:10BAB00090CE050803001700000100009CCE050889
:10BAC000000000000000000000000000FFFFFFFF7A
:10BAD000FFFFFFFFFFFFFFFF00000000000000006E
:10BAE0000000000001000000FFFFFFFF4B60D227B5
:10BAF0003E3CCE3BF6B053CCB0061D65BC86987676
:10BB000055BDEBB3E7933AAAD835C65A96C298D832
:10BB10004539A1F4A033EB2D817D0377F240A46376
:10BB2000E5E6BCF847422CE1F2D1176BF551BF377F
:10BB30006840B6CBCE5E316B5733CE2B169E0F7C52
:10BB40004AEBE78E9B7F1AFEE242E34F512563FCEE
:10BB5000C2CAB9F3849E17A7ADFAE6BCFFFFFFFF88
:10BB6000FFFFFFFF00000000FFFFFFFFFFFFFFFFE1
:10BB70000000000000000000FFFFFFFFFEFFFFFFCE
:10BB8000FFFFFFFFFFFFFFFFFFFFFFFFFFFFFFFFC5
:10BB9000FFFFFFFFFFFFFFFFFFFFFFFFEF2AECD3D9
:10BBA000EDC8852A9DD12E8A8D3956C65A871350E5
:10BBB0008F081403124181FE6E9C1D18192DF8E3A5
:10BBC0006B058E98E4E73EE2A72F31B3B70A767291
:10BBD000385E543A6C2955BF5DF20255382A5482BA
:10BBE000E041F759989BA78B623B1D6E74AD20F323
:10BBF0001EC7B18E37058BBE22CA87AA5F0EEA9098
:10BC00007C1D437A9D817E1DCEB1600AC0B8F0B51F
:10BC10001331DAE97C149A28BD1DF4F829DC9292DC
:10BC2000BF989E5D6F2C26964ADE17367329C5CCC9
:10BC30006A19ECEC7AA7B048B20D1A58DF2D37F428
:10BC4000814D63C7FFFFFFFFFFFFFFFFFFFFFFFF08
:10BC5000FFFFFFFFFFFFFFFFFFFFFFFF00000000F0
:10BC60000000000000000000201C00000000000098
:10BC700040380000000000006024000000000000C8
:10BC80008070000000000000A06C000000000000B8
:10BC9000C048000000000000E05400000000000068
:10BCA00000E100000000000020FD00000000000096
:10BCB00040D900000000000060C500000000000046
:10BCC0008091000000000000A08D00000000000036
:10BCD000C0A9000000000000E0B500000000000066
:10BCE0000500000030D105081C00000040000000E5
:10BCF00065B504086BB504085DB504086FB50408A4
:10BD000035B504084BB5040831B5040861B504081D
:10BD10000600000008D205082000000040000000D6
:10BD200075B504086BB504085DB504087BB5040857
:10BD300035B504084BB5040831B5040861B50408ED
:10BD4000070000009CD105083000000080000000C2
:10BD5000B5B50408BBB50408ADB50408BFB5040803
:10BD600085B504089BB5040881B50408B1B504087D
:10BD700008000000C4D0050840000000800000005A
:10BD8000C5B50408BBB50408ADB50408CBB50408B7
:10BD900085B504089BB5040881B50408B1B504084D
:10BDA00040CF05080300000070D3050828D305081C
:10BDB00068D2050870CF050803000000CCD3050841
:10BDC000DCD7050848D2050894CF05080300000019
:10BDD000F0D70508E4D7050864D20508B0CF0508F8
:10BDE0000300000030D4050828D4050884D20508D3
:10BDF000E4CF05080300000058D3050838D505082E
:10BE000074D2050800D005080300000094D305088B
:10BE100088D7050888D20508ECCE0508090000007F
:10BE20002CD705084CD705082CD705086CCF05087A
:10BE300003000000E4D5050808D60508F8D5050874
:10BE400038D005080300000008D705083CD70508CE
:10BE50001CD705083CD00508030000009CD205084B
:10BE6000BCD20508B0D2050868CF05080300000061
:10BE700084D30508ECD3050870D2050858D005080E
:10BE80000300000048D30508E0D305086CD205087C
:10BE90005CD0050803000000ECD60508E0D60508D4
:10BEA000FCD6050860D005080300000038D6050858
:10BEB00088D6050854D6050818D0050803000000E8
:10BEC00014D305080CD3050820D3050868D005084D
:10BED0000300000018D6050868D605082CD605080A
:10BEE0001CD2050803000000DCD40508D0D40508E6
:10BEF000ECD4050848D005080A00000094D70508CE
:10BF0000A8D7050844D2050864D00508030000003E
:10BF1000B4D60508A0D60508CCD605080000000058
:10BF20000000000000000000000000000000000011
:10BF300044D005080300000070D705085CD7050849
:10BF40000001000034D0050803000000FCD2050801
:10BF5000DCD205080400000054D0050803000000EE
:10BF6000E8D20508C8D205080008000040D005083E
:10BF700003000000B4D3050834D3050820000000F6
:10BF8000B4CE05080900000010D40508F4D3050854
:10BF900000000100000000000000000000000000A0
:10BFA0000000000000000000E0CE050808000000CE
:10BFB000A8D40508F8D4050810CF0508080000002B
:10BFC000BCD4050818D5050834CF050808000000C2
:10BFD00070D405084CD405085CCF050808000000A3
:10BFE0005CD5050848D50508A4CF05080800000061
:10BFF00094D4050884D40508C0CF050808000000C3
:10C000005CD405083CD405080000000000000000D6
:10C01000000000000000000028D005080900000012
:10C020008CD50508D8D0050805010000E8CF050823
:10C0300009000000BCD50508B0D1050806010000C4
:10C0400004D0050809000000A4D5050844D105085E
:10C05000070100001CD005080900000074D5050880
:10C060006CD0050808010000D4CE050808000000C7
:10C0700018D1050804D105080504000004CF0508FF
:10C0800008000000F0D10508DCD105080604000016
:10C0900028CF05080800000084D1050870D10508E4
:10C0A0000704000050CF050808000000ACD00508C8
:10C0B00098D0050808040000CCCF0508090000004E
:10C0C00078D2050878D205080006000000000000BC
:10C0D0000000000000000000000000000000000060
:10C0E000A8CE050809000000D4D5050820D205080F
:10C0F00001000000CCCE050807000000BCD70508F1
:10C10000CCD705080200000010D00508050000008B
:10C110005CD205084CD205080300000000000000B6
:10C12000000000000000000000000000000000000F
:10C1300074CF0508080000009CCE05089CCE0508B9
:10C140000300000014DF05080500000090CE05087C
:10C1500090CE050804000000000000000000000070
:10C1600000000000000000000000000080CF050873
:10C17000050000003CD2050834D20508210000006B
:10C1800088CF0508080000008CD2050824D20508D5
:10C19000250000000000000000000000000000007A
:10C1A000000000000000000044CF05080900000066
:10C1B00038D10508FCD0050805000000C0CE0508F0
:10C1C0000900000010D20508D4D1050806000000BF
:10C1D000F8CE050809000000A4D1050868D10508BB
:10C1E000070000001CCF050809000000CCD005089E
:10C1F00090D00508080000000000000000000000CA
:10C2000000000000000000000000000098CF0508BA
:10C21000080000002CD10508ECD00508050000003E
:10C22000B4CF05080800000004D20508C4D10508F1
:10C2300006000000D8CF05080800000098D10508C6
:10C2400058D1050807000000F4CF050808000000D9
:10C25000C0D0050880D005080800000000000000DC
:10C2600000000000000000000000000000000000CE
:10C270000100000020D20508FFAE040873AD0408D9
:10C2800009B10408D5B0040869AE0408ADAE0408CD
:10C2900039AE040859AD0408EDAE04083DAE0408FB
:10C2A0000200000000D8050837080308F307030858
:10C2B000870803083B080308000000000000000096
:10C2C00007080308DD070308250803080D0803080D
:10C2D0000300000004D8050837080308CB0803084A
:10C2E000000000000000000000000000000000004E
:10C2F00007080308DD070308250803080D080308DD
:10C30000040000000CD80508370803087704030868
:10C31000BD07030809060308000000000000000034
:10C320000708030861040308830403080D080308D1
:10C33000982F8A4291443771CFFBC0B5A5DBB5E990
:10C340005BC25639F111F159A4823F92D55E1CAB04
:10C3500098AA07D8015B8312BE853124C37D0C5592
:10C36000745DBE72FEB1DE80A706DC9B74F19BC1DA
:10C37000C1699BE48647BEEFC69DC10FCCA10C24CA
:10C380006F2CE92DAA84744ADCA9B05CDA88F976AE
:10C3900052513E986DC631A8C82703B0C77F59BF18
:10C3A000F30BE0C64791A7D55163CA066729291444
:10C3B000850AB72738211B2EFC6D2C4D130D3853E1
:10C3C00054730A65BB0A6A762EC9C281852C7292A3
:10C3D000A1E8BFA24B661AA8708B4BC2A3516CC7D1
:10C3E00019E892D1240699D685350EF470A06A100A
:10C3F00016C1A419086C371E4C774827B5BCB03459
:10C40000B30C1C394AAAD84E4FCA9C5BF36F2E68F6
:10C41000EE828F746F63A5781478C8840802C78C85
:10C42000FAFFBE90EB6C50A4F7A3F9BEF27871C688
:10C4300022AE28D7982F8A42CD65EF2391443771D9
:10C440002F3B4DECCFFBC0B5BCDB8981A5DBB5E94B
:10C4500038B548F35BC2563919D005B6F111F15918
:10C460009B4F19AFA4823F9218816DDAD55E1CAB49
:10C47000420203A398AA07D8BE6F7045015B8312DE
:10C480008CB2E44EBE853124E2B4FFD5C37D0C5599
:10C490006F897BF2745DBE72B196163BFEB1DE8091
:10C4A0003512C725A706DC9B942669CF74F19BC182
:10C4B000D24AF19EC1699BE4E3254F388647BEEF1F
:10C4C000B5D58C8BC69DC10F659CAC77CCA10C24D7
:10C4D00075022B596F2CE92D83E4A66EAA84744A49
:10C4E000D4FB41BDDCA9B05CB5531183DA88F97681
:10C4F000ABDF66EE52513E981032B42D6DC631A8B6
:10C500003F21FB98C82703B0E40EEFBEC77F59BF99
:10C51000C28FA83DF30BE0C625A70A934791A7D584
:10C520006F8203E05163CA06706E0E0A67292914F0
:10C53000FC2FD246850AB72726C9265C38211B2E38
:10C54000ED2AC45AFC6D2C4DDFB3959D130D385365
:10C55000DE63AF8B54730A65A8B2773CBB0A6A7678
:10C56000E6AEED472EC9C2813B358214852C72920E
:10C570006403F14CA1E8BFA2013042BC4B661AA88B
:10C580009197F8D0708B4BC230BE5406A3516CC744
:10C590001852EFD619E892D110A96555240699D6FC
:10C5A0002A20715785350EF4B8D1BB3270A06A10BD
:10C5B000C8D0D2B816C1A41953AB4151086C371E6C
:10C5C00099EB8EDF4C774827A8489BE1B5BCB03487
:10C5D000635AC9C5B30C1C39CB8A41E34AAAD84E69
:10C5E00073E363774FCA9C5BA3B8B2D6F36F2E6830
:10C5F000FCB2EF5DEE828F74602F17436F63A578F6
:10C6000072ABF0A11478C884EC39641A0802C78CA4
:10C61000281E6323FAFFBE90E9BD82DEEB6C50A4B6
:10C620001579C6B2F7A3F9BE2B5372E3F27871C63F
:10C630009C6126EACE3E27CA07C2C021C7B886D170
:10C640001EEBE0CDD67DDAEA78D16EEE7F4F7DF538
:10C65000BA6F1772AA67F006A698C8A2C57D630ACA
:10C66000AE0DF9BE04983F111B471C13350B711B0F
:10C67000847D0423F577DB289324C7407BABCA3243
:10C68000BCBEC9150ABE9E3C4C0D109CC4671D4320
:10C69000B6423ECBBED4C54C2A7E65FC9C297F5950
:10C6A000ECFAD63AAB6FCB5F1758474A8C19446CFB
:10C6B00030C000002FC000002CC000002BC00000C4
:10C6C00000000000A8CC0000F0D8050849060300CF
:10C6D000030000000300000003000000030000004E
:10C6E00000000000A9CC0000C0D8050849060400DD
:10C6F000030000000300000003000000030000002E
:10C70000000000002BC0000078D905080E060400C8
:10C71000030000000300000003000000030000000D
:10C72000000000002CC0000070D8050810070400AD
:10C7300003000000030000000300000003000000ED
:10C740000000000086C000001CD905081D0604007A
:10C7500003000000030000000300000003000000CD
:10C760000000000087C0000014D805081F0704005F
:10C7700003000000030000000300000003000000AD
:10C78000000000002FC00000A0D905080E0603001D
:10C79000030000000300000003000000030000008D
:10C7A0000000000030C0000098D805081007030002
:10C7B000030000000300000003000000030000006D
:10C7C000000000008AC000004CD905081D060300C7
:10C7D000030000000300000003000000030000004D
:10C7E000000000008BC0000044D805081F070300AC
:10C7F000030000000300000003000000030000002D
:10C800000000000000000000C8D90508000000007A
:10C810000000000000000000000000000000000018
:10C8200000000000F0000000FFFFFF0FFFFFFF0F00
:10C830000008000001000000A4DC05080200000060
:10C84000CCD905080400000034DC0508080000000D
:10C85000F8DB050810000000C4DB0508200000001C
:10C86000CCDC0508400000002CDD0508800000003D
:10C870007CDC050800010000FCD90508000200006E
:10C88000FCDC050800040000E0DC050800080000EE
:10C8900078DD05080010000044DD050800200000D8
:10C8A000A4DD0508004000008CDB050800800000C6
:10C8B00070DA05080000010008DB0508000002002E
:10C8C0005CDB0508000004002CDA05080000080005
:10C8D000BCDA050800000000000000006000000055
:10C8E0000A0000000C00000000000000303132336C
:10C8F000343536373839414243444546000000005C
:10C9000000005454522052454747455300303132BD
:10C91000333435363738394142434445466E7470B6
:10C920002E616C6979756E2E636F6D006E74702E5A
:10C9300074656E63656E742E636F6D004D4247576C
:10C9400000000000000000000000303132333435B8
:10C950003637383941424344454600008792020841
:10C96000FD9202080040404040404040404041416C
:10C9700041414140404040404040404040404040B4
:10C98000404040404005020202020202020202024E
:10C99000020202020220202020202020202020024B
:10C9A00002020202020290909090909010101010DB
:10C9B0001010101010101010101010101010101077
:10C9C000020202020202888888888888080808080B
:10C9D00008080808080808080808080808080808D7
:10C9E000020202024000000065C905084A616E7536
:10C9F000617279004665627275617279004D61728B
:10CA0000636800417072696C004D6179004A756E0F
:10CA100065004A756C7900417567757374005365DC
:10CA20007074656D626572004F63746F6265720049
:10CA30004E6F76656D62657200446563656D626513
:10CA40007200000064656661756C745461736B00FC
:10CA50002E2E2F4D5154542F7372632F2E2E2F2EA6
:10CA60002E2F4D6964646C6577617265732F54680D
:10CA70006972645F50617274792F4C7749502F73DB
:10CA800072632F617070732F616C7463705F746C6C
:10CA9000732F616C7463705F746C735F6D62656437
:10CAA000746C732E6300000046494E5F5741495431
:10CAB0005F31000046494E5F574149545F320000E4
:10CAC00045535441424C495348454400434C4F530D
:10CAD0004544000053594E5F524356440000000045
:10CAE000434C4F53494E47004C4153545F41434BD5
:10CAF000000000004C495354454E000054494D4538
:10CB00005F57414954000000434C4F53455F574124
:10CB10004954000053594E5F53454E5400000000E5
:10CB20007463705F656E71756575655F666C61676E
:10CB3000733A206E65656420656974686572205477
:10CB400043505F53594E206F72205443505F464903
:10CB50004E20696E20666C616773202870726F6763
:10CB600072616D6D65722076696F6C61746573209A
:10CB70004150492900000000646863705F6F707461
:10CB8000696F6E3A206F7074696F6E735F6F757442
:10CB90005F6C656E202B2032202B206F7074696FC4
:10CBA0006E5F6C656E203C3D20444843505F4F50A3
:10CBB00054494F4E535F4C454E0000006E657469FA
:10CBC000662D3E6877616464725F6C656E206D757A
:10CBD0007374206265207468652073616D652061DF
:10CBE00073204554485F4857414444525F4C454E7A
:10CBF00020666F7220657468617270210000000009
:10CC00006D7174745F636C69656E745F636F6E6E73
:10CC10006563743A20636C69656E745F696E666FF4
:10CC20002D3E636C69656E745F75736572206C650B
:10CC30006E677468206D757374206265203E2030C5
:10CC4000000000006D7174745F636C69656E745FE1
:10CC5000636F6E6E6563743A20636C69656E745FB2
:10CC6000696E666F2D3E636C69656E745F7061738B
:10CC700073206C656E677468206D757374206265CF
:10CC8000203E2030000000002E2E5C4D6964646C54
:10CC90006577617265735C54686972645F50617234
:10CCA00074795C4C7749505C7372635C617070732B
:10CCB0005C616C7463705F746C735C616C746370E2
:10CCC0005F746C735F6D626564746C735F6D656DCA
:10CCD0002E6300005B636F6C6C6563746F725D2024
:10CCE000706F696E743D257520736C6176653D25A6
:10CCF0007520736F757263653D257520616464727C
:10CD00006573733D2575206661696C7572653D2597
:10CD10007520726573756C743D25640D0A00000002
:10CD20004D515454207075626C6973686572206946
:10CD30006E697469616C697A6174696F6E2066618D
:10CD4000696C65643A2061637469766520636F6E0F
:10CD500066696775726174696F6E20756E61766160
:10CD6000696C61626C650D0A00000000534E5450FE
:10CD700020726573746F72656420746865207072C8
:10CD80006576696F7573205254432074696D652010
:10CD900061667465722073796E6368726F6E697A0A
:10CDA0006174696F6E206661696C7572650A000056
:10CDB0004145532D3132382D454342004145532DD5
:10CDC0003139322D454342004145532D3235362D00
:10CDD000454342004145532D3132382D47434D00E4
:10CDE0004145532D3139322D47434D004145532D97
:10CDF0003235362D47434D0043414D454C4C49415A
:10CE00002D3132382D4543420000000043414D454D
:10CE10004C4C49412D3139322D4543420000000030
:10CE200043414D454C4C49412D3235362D45434209
:10CE30000000000043414D454C4C49412D313238F2
:10CE40002D47434D0000000043414D454C4C4941A6
:10CE50002D3139322D47434D0000000043414D45EF
:10CE60004C4C49412D3235362D47434D00000000D2
:10CE700043484143484132300000000043484143A9
:10CE8000484132302D504F4C59313330350000007D
:10CE900073656370333834723100000073656370FA
:10CEA00032353672310000002A864886F70D0101BE
:10CEB000010000006086480186F842010100000080
:10CEC0006086480165030402010000002A8648CEFE
:10CED0003D0201002A8648CE3D0403010000000007
:10CEE0002B06010505070301000000002A8648867D
:10CEF000F70D010901000000608648016503040286
:10CF0000020000002A8648CE3D0403020000000013
:10CF10002B0601050507030200000000608648019A
:10CF200065030402030000002A8648CE3D04030383
:10CF3000000000002B0601050507030300000000A8
:10CF400055040300608648016503040204000000E4
:10CF50002A8648CE3D040304000000002B0601058C
:10CF600005070304000000005504040055040500F3
:10CF7000550406002A8648CE3D0301070000000044
:10CF80002B0E0302070000002A864886F70D0307D0
:10CF900000000000550407002A864886F70D0208A5
:10CFA000000000002B060105050703080000000033
:10CFB000550408002A864886F70D02090000000083
:10CFC0002B06010505070309000000002A86488694
:10CFD000F70D01010A0000002A864886F70D020AB3
:10CFE0000000000055040A002A864886F70D01015A
:10CFF0000B0000002A864886F70D020B0000000097
:10D0000055040B002A864886F70D01010C0000002C
:10D010002B8104010C00000055040C002A86488670
:10D02000F70D01010D0000002A864886F70D010169
:10D030000E000000551D0F0055041000550411008E
:10D04000551D1100551D13000992268993F22C6479
:10D0500001190000551D250055042A0055042B0018
:10D0600055042C0055042D0055042E005253412028
:10D0700077697468205348412D3531320000000033
:10D08000484D41432D5348412D35313200000000B9
:10D090005348412D3531320045434453412077698F
:10D0A0007468205348413531320000006563647371
:10D0B000612D776974682D53484135313200000085
:10D0C000686D6163534841353132000069642D73E6
:10D0D000686135313200000052534120776974682D
:10D0E000205348412D32323400000000484D414366
:10D0F0002D5348412D323234000000005348412D59
:10D1000032323400454344534120776974682053D8
:10D11000484132323400000065636473612D7769E1
:10D1200074682D534841323234000000686D6163E9
:10D13000534841323234000069642D7368613232E1
:10D1400034000000525341207769746820534841ED
:10D150002D33383400000000484D41432D534841E1
:10D160002D333834000000005348412D333834004B
:10D17000454344534120776974682053484133380C
:10D180003400000065636473612D776974682D5302
:10D190004841333834000000686D616353484133BF
:10D1A0003834000069642D7368613338340000003E
:10D1B0005253412077697468205348412D323536E7
:10D1C00000000000484D41432D5348412D32353673
:10D1D000000000005348412D32353600454344538A
:10D1E0004120776974682053484132353600000089
:10D1F00065636473612D776974682D5348413235D6
:10D2000036000000686D61635348413235360000D6
:10D2100069642D73686132353600000055044100A1
:10D22000525341004445532D454445332D43424319
:10D23000000000004445532D43424300646573439E
:10D240004243000044430000430000004543206B7C
:10D25000657920666F7220454344480069642D65F6
:10D26000634448004C000000434E0000474E00005D
:10D27000534E00004F0000005253415353412D5074
:10D2800053530000535400004F5500006465732D44
:10D29000656465332D6362630000000069642D617D
:10D2A000742D706F7374616C436F646500000000CF
:10D2B000706F7374616C436F64650000506F7374BA
:10D2C000616C20636F646500457874656E646564A5
:10D2D000204B657920557361676500004B657920A7
:10D2E000557361676500000069642D63652D65787D
:10D2F000744B6579557361676500000069642D633F
:10D30000652D6B6579557361676500005469746CB0
:10D310006500000069642D61742D7469746C65008A
:10D320007469746C65000000436F6D6D6F6E204E04
:10D33000616D65005375626A65637420416C742089
:10D340004E616D650000000069642D61742D676990
:10D3500076656E4E616D650069642D61742D6F7226
:10D3600067616E697A6174696F6E4E616D65000008
:10D3700069642D61742D636F6D6D6F6E4E616D65A7
:10D380000000000069642D61742D7375724E616D2B
:10D390006500000069642D61742D6F7267616E69AC
:10D3A0007A6174696F6E616C556E69744E616D65FA
:10D3B0000000000069642D63652D7375626A656302
:10D3C00074416C744E616D650000000069642D61EC
:10D3D000742D636F756E7472794E616D6500000017
:10D3E000476976656E206E616D6500005375726EDB
:10D3F000616D65004E65747363617065204365728D
:10D400007469666963617465205479706500000011
:10D4100069642D6E657473636170652D63657274E4
:10D420007479706500000000537461746500000039
:10D4300069642D61742D7374617465004F4353509A
:10D44000205369676E696E6700000000436F646572
:10D45000205369676E696E670000000069642D6B78
:10D46000702D4F4353505369676E696E670000001B
:10D4700069642D6B702D636F64655369676E696EA7
:10D480006700000054696D65205374616D70696EAA
:10D490006700000069642D6B702D74696D655374AD
:10D4A000616D70696E67000069642D6B702D736526
:10D4B00072766572417574680000000069642D6BB6
:10D4C000702D636C69656E744175746800000000AE
:10D4D00050736575646F6E796D00000069642D612D
:10D4E000742D70736575646F6E796D0070736575FA
:10D4F000646F6E796D000000544C532057656220B4
:10D500005365727665722041757468656E746963DF
:10D510006174696F6E000000544C5320576562209F
:10D52000436C69656E742041757468656E746963D7
:10D530006174696F6E0000004F7267616E697A6195
:10D5400074696F6E00000000452D6D61696C20509C
:10D55000726F74656374696F6E00000069642D6B8F
:10D56000702D656D61696C50726F74656374696F5D
:10D570006E00000073686135313257697468525328
:10D5800041456E6372797074696F6E0073686132C1
:10D59000323457697468525341456E6372797074BE
:10D5A000696F6E0073686133383457697468525319
:10D5B00041456E6372797074696F6E007368613291
:10D5C000353657697468525341456E637279707489
:10D5D000696F6E00727361456E6372797074696F02
:10D5E0006E00000069642D61742D73657269616C51
:10D5F0004E756D626572000073657269616C4E757F
:10D600006D6265720000000053657269616C206E86
:10D61000756D62657200000069642D61742D646E21
:10D620005175616C6966696572000000646E5175C0
:10D63000616C69666965720069642D61742D676546
:10D640006E65726174696F6E5175616C696669654A
:10D650007200000067656E65726174696F6E517566
:10D66000616C69666965720044697374696E677597
:10D670006973686564204E616D65207175616C69C0
:10D68000666965720000000047656E6572617469C5
:10D690006F6E207175616C696669657200000000CB
:10D6A000556E69717565204964656E746966696552
:10D6B0007200000069642D61742D756E6971756565
:10D6C0004964656E7469666965720000756E69719A
:10D6D00075654964656E746966696572000000006D
:10D6E000496E697469616C730000000069642D61A2
:10D6F000742D696E697469616C730000696E697478
:10D7000069616C730000000069642D61742D706F95
:10D710007374616C4164647265737300706F7374C9
:10D72000616C41646472657373000000656D6169CA
:10D730006C4164647265737300000000506F737411
:10D74000616C20616464726573730000452D6D61C6
:10D75000696C20616464726573730000426173696F
:10D760006320436F6E73747261696E74730000009E
:10D7700069642D63652D6261736963436F6E7374B1
:10D780007261696E747300004F726720556E697420
:10D790000000000069642D646F6D61696E436F6DF8
:10D7A000706F6E656E740000446F6D61696E20630A
:10D7B0006F6D706F6E656E740000000069642D659A
:10D7C000635075626C69634B6579000047656E65EF
:10D7D000726963204543206B65790000436F756E65
:10D7E000747279004C6F63616C6974790000000099
:10D7F00069642D61742D6C6F63616C6974790000CC
:10D800004543000045435F444800000045434453FE
:10D8100041000000544C532D45434448452D454399
:10D820004453412D574954482D43414D454C4C4993
:10D83000412D3235362D47434D2D53484133383431
:10D8400000000000544C532D45434448452D52538D
:10D85000412D574954482D43414D454C4C49412D8C
:10D860003235362D47434D2D53484133383400006F
:10D87000544C532D45434448452D45434453412D75
:10D88000574954482D4145532D3235362D47434D88
:10D890002D53484133383400544C532D45434448AC
:10D8A000452D5253412D574954482D4145532D3252
:10D8B00035362D47434D2D53484133383400000051
:10D8C000544C532D45434448452D45434453412D25
:10D8D000574954482D43484143484132302D504F19
:10D8E0004C59313330352D53484132353600000024
:10D8F000544C532D45434448452D5253412D5749CF
:10D9000054482D43484143484132302D504F4C59E3
:10D91000313330352D53484132353600544C532D78
:10D9200045434448452D45434453412D57495448A8
:10D930002D43414D454C4C49412D3132382D474303
:10D940004D2D53484132353600000000544C532DC4
:10D9500045434448452D5253412D574954482D4382
:10D96000414D454C4C49412D3132382D47434D2DC9
:10D970005348413235360000544C532D45434448FA
:10D98000452D45434453412D574954482D41455356
:10D990002D3132382D47434D2D5348413235360015
:10D9A000544C532D45434448452D5253412D57491E
:10D9B00054482D4145532D3132382D47434D2D5379
:10D9C00048413235360000000000000054686520F0
:10D9D0006365727469666963617465206861732048
:10D9E0006265656E207265766F6B65642028697369
:10D9F000206F6E20612043524C2900004F746865EF
:10DA00007220726561736F6E202863616E2062659B
:10DA10002075736564206279207665726966792065
:10DA200063616C6C6261636B29000000546865205F
:10DA300043524C206973207369676E65642077696F
:10DA4000746820616E20756E6163636570746162D5
:10DA50006C6520504B20616C67202865672052530D
:10DA600041207673204543445341292E0000000095
:10DA700054686520636572746966696361746520C2
:10DA80006973207369676E656420776974682061C3
:10DA90006E20756E61636365707461626C652050A1
:10DAA0004B20616C672028656720525341207673B4
:10DAB000204543445341292E00000000546865204E
:10DAC00043524C206973207369676E6564207769DF
:10DAD000746820616E20756E616363657074616245
:10DAE0006C65206B6579202865672062616420631E
:10DAF000757276652C2052534120746F6F207368C5
:10DB00006F7274292E00000054686520636572747A
:10DB100069666963617465206973207369676E65FE
:10DB200064207769746820616E20756E6163636537
:10DB3000707461626C65206B65792028656720626E
:10DB400061642063757276652C2052534120746F96
:10DB50006F2073686F7274292E000000546865206E
:10DB600043524C206973207369676E65642077693E
:10DB7000746820616E20756E6163636570746162A4
:10DB80006C6520686173682E000000005468652091
:10DB90006365727469666963617465206973207373
:10DBA00069676E6564207769746820616E20756EA0
:10DBB00061636365707461626C6520686173682E6F
:10DBC000000000005468652043524C206973206EA9
:10DBD0006F7420636F72726563746C792073696708
:10DBE0006E65642062792074686520747275737440
:10DBF00065642043410000005468652063657274C9
:10DC000069666963617465206973206E6F7420634F
:10DC10006F72726563746C79207369676E656420D6
:10DC2000627920746865207472757374656420432A
:10DC30004100000054686520636572746966696319
:10DC400061746520436F6D6D6F6E204E616D652050
:10DC500028434E2920646F6573206E6F74206D61B8
:10DC600074636820776974682074686520657870CB
:10DC7000656374656420434E000000004365727460
:10DC80006966696361746520766572696669636156
:10DC900074696F6E2077617320736B69707065644F
:10DCA00000000000546865206365727469666963EA
:10DCB0006174652076616C69646974792068617348
:10DCC0002065787069726564000000005468652002
:10DCD00043524C2069732065787069726564000056
:10DCE0005468652043524C2069732066726F6D2022
:10DCF00074686520667574757265000054686520E7
:10DD000063657274696669636174652076616C69C4
:10DD1000646974792073746172747320696E2074FD
:10DD200068652066757475726500000043657274DD
:10DD30006966696361746520776173206D697373C7
:10DD4000696E6700557361676520646F6573206E47
:10DD50006F74206D617463682074686520657874E1
:10DD6000656E6465644B6579557361676520657898
:10DD700074656E73696F6E00557361676520646FBB
:10DD80006573206E6F74206D6174636820746865BC
:10DD9000206B6579557361676520657874656E736E
:10DDA000696F6E00557361676520646F6573206EDF
:10DDB0006F74206D6174636820746865206E7343AE
:10DDC0006572745479706520657874656E73696FD7
:10DDD0006E0000005B636F6E6669677572617469DF
:10DDE0006F6E5D5B7274755D20626175645F7261F8
:10DDF00074653D2575206672616D655F666F726D35
:10DE000061743D25732066697273745F627974650D
:10DE10005F74696D656F75745F6D733D25750D0A6F
:10DE2000000000005B636F6E6669677572617469FC
:10DE30006F6E5D5B636F6C6C656374696F6E5D5B69
:10DE400025755D20706F6C6C5F696E7465727661AC
:10DE50006C5F6D733D25752066697273745F6279BE
:10DE600074655F74696D656F75745F6D733D25755D
:10DE700020716F733D25750D0A0000005B636F6EA6
:10DE800066696775726174696F6E5D5B636F6C6CF8
:10DE9000656374696F6E5D5B25755D20736C61767B
:10DEA000655F616464726573733D257520736F757A
:10DEB0007263653D257320616464726573733D25EB
:10DEC000750D0A0053595354454D564945573A204C
:10DED000436F756C64206E6F74207265636F72643B
:10DEE000207461736B20696E666F726D6174696F07
:10DEF0006E2E204D6178696D756D206E756D626551
:10DF000072206F66207461736B7320726561636841
:10DF100065642E002B810400220000006CDF0508E0
:10DF200000000020F00100003A0B0208E4DF0508C1
:10DF300000C00120080200003A0B0208E4DF0508D7
:10DF4000F001002070BD0100789202087CE0050815
:10DF500008C20120543D0000789202087CE00508C8
:10DF60000000001050E80000789202080217020A30
:10DF70001101108210032124F41E890E02087F046F
:10DF80001AB5041A99041A830401716AC0BD0453B6
:10DF9000031C063201101379090208B93B03080576
:10DFA0004F050804030904120114020202164083FB
:10DFB0000440571D0201020325031A1A03400DBD38
:10DFC0007102082D700208637302081AC10C1E79D1
:10DFD0006F0208EF04C11A41281A05041A81041AB5
:10DFE000F924013801701AAA01014D027AC02707ED
:10DFF00009020803042A080C31320672051A2B980C
:10E000005A2C9C29182920411E217702085D041AE8
:10E0100069041A89041ABD041EED7602082D081B36
:10E02000C90B1019041AB1041AFD041008150C02CA
:10E0300008810182130A06320233400114090243A7
:10E040001302011CC03209791B01020B13052416AF
:10E0500010010524011009010424020205240617F9
:10E0600001070582030815100904012B020A7D2D02
:0CE0700005010240072A8107011500008D
:040000050802038961
:00000001FF
